# Sequel Pro dump
# Version 2492
# http://code.google.com/p/sequel-pro
#
# Host: 127.0.0.1 (MySQL 5.1.44)
# Database: tmn_08
# Generation Time: 2013-09-08 07:52:38 +0000
# ************************************************************

/*!40101 SET @OLD_CHARACTER_SET_CLIENT=@@CHARACTER_SET_CLIENT */;
/*!40101 SET @OLD_CHARACTER_SET_RESULTS=@@CHARACTER_SET_RESULTS */;
/*!40101 SET @OLD_COLLATION_CONNECTION=@@COLLATION_CONNECTION */;
/*!40101 SET NAMES utf8 */;
/*!40014 SET @OLD_UNIQUE_CHECKS=@@UNIQUE_CHECKS, UNIQUE_CHECKS=0 */;
/*!40014 SET @OLD_FOREIGN_KEY_CHECKS=@@FOREIGN_KEY_CHECKS, FOREIGN_KEY_CHECKS=0 */;
/*!40101 SET @OLD_SQL_MODE=@@SQL_MODE, SQL_MODE='NO_AUTO_VALUE_ON_ZERO' */;
/*!40111 SET @OLD_SQL_NOTES=@@SQL_NOTES, SQL_NOTES=0 */;


# Dump of table accounting1c
# ------------------------------------------------------------

DROP TABLE IF EXISTS `accounting1c`;

CREATE TABLE `accounting1c` (
  `id` int(11) NOT NULL AUTO_INCREMENT,
  `object_id` int(11) DEFAULT NULL,
  `object_type` int(11) DEFAULT NULL,
  `external_id` varchar(255) DEFAULT NULL,
  PRIMARY KEY (`id`),
  KEY `object_type` (`object_type`),
  KEY `external_id` (`external_id`)
) ENGINE=MyISAM DEFAULT CHARSET=utf8;



# Dump of table ActionLog
# ------------------------------------------------------------

DROP TABLE IF EXISTS `ActionLog`;

CREATE TABLE `ActionLog` (
  `id` int(11) NOT NULL AUTO_INCREMENT,
  `username` varchar(255) NOT NULL,
  `event` tinyint(255) NOT NULL,
  `model_name` varchar(50) NOT NULL,
  `model_title` text NOT NULL,
  `datetime` datetime NOT NULL,
  PRIMARY KEY (`id`),
  KEY `username` (`username`),
  KEY `event` (`event`),
  KEY `datetime` (`datetime`),
  KEY `model_name` (`model_name`)
) ENGINE=MyISAM AUTO_INCREMENT=502 DEFAULT CHARSET=utf8;

LOCK TABLES `ActionLog` WRITE;
/*!40000 ALTER TABLE `ActionLog` DISABLE KEYS */;
INSERT INTO `ActionLog` (`id`,`username`,`event`,`model_name`,`model_title`,`datetime`)
VALUES
	(1,'admin',2,'Page','Тестирование продукта началось в апреле 2012 года,  Google презентовал свои очки дополненной реальности‎','2013-04-30 02:45:11'),
	(2,'admin',1,'Page','О проекте','2013-04-30 03:35:00'),
	(3,'admin',1,'Page','Отзывы','2013-04-30 04:17:40'),
	(4,'admin',2,'StoreCategory','Мобильное устройство','2013-04-30 11:24:42'),
	(5,'admin',3,'StoreProduct','HP ZR2740w','2013-04-30 11:34:15'),
	(6,'admin',3,'StoreProduct','DELL U2412M','2013-04-30 11:35:04'),
	(7,'admin',3,'StoreProduct','DELL U2312HM','2013-04-30 11:35:04'),
	(8,'admin',3,'StoreProduct','LG Flatron M2250D','2013-04-30 11:35:04'),
	(9,'admin',3,'StoreProduct','LG Flatron IPS226V','2013-04-30 11:35:04'),
	(10,'admin',3,'StoreProduct','Samsung SyncMaster S22A350N','2013-04-30 11:35:04'),
	(11,'admin',3,'StoreProduct','Philips 237E3QPHSU','2013-04-30 11:35:04'),
	(12,'admin',3,'StoreProduct','Philips 227E3LSU','2013-04-30 11:35:04'),
	(13,'admin',3,'StoreProduct','HP ZR2440w','2013-04-30 11:35:04'),
	(14,'admin',3,'StoreProduct','Samsung Galaxy Ace II','2013-04-30 11:35:19'),
	(15,'admin',3,'StoreProduct','HTC One XL','2013-04-30 11:35:19'),
	(16,'admin',3,'StoreProduct','HTC Sensation XL','2013-04-30 11:35:19'),
	(17,'admin',3,'StoreProduct','Apple iPhone 4S 16Gb','2013-04-30 11:35:19'),
	(18,'admin',3,'StoreProduct','Apple iPhone 3GS 8Gb','2013-04-30 11:35:19'),
	(19,'admin',3,'StoreProduct','Apple iPhone 4 16Gb','2013-04-30 11:35:19'),
	(20,'admin',3,'StoreProduct','Nokia N9','2013-04-30 11:35:19'),
	(21,'admin',3,'StoreProduct','BlackBerry Bold 9900','2013-04-30 11:35:19'),
	(22,'admin',3,'StoreProduct','BlackBerry Bold 9780','2013-04-30 11:35:19'),
	(23,'admin',3,'StoreCategory','Мониторы','2013-04-30 11:36:22'),
	(24,'admin',3,'StoreCategory','Телефоны','2013-04-30 11:36:39'),
	(25,'admin',2,'StoreCategory','Тестирование игр','2013-04-30 12:52:46'),
	(26,'admin',2,'StoreCategory','ROPO тестирование','2013-04-30 13:03:44'),
	(27,'admin',2,'StoreCategory','Мобильное устройство','2013-04-30 13:05:34'),
	(28,'admin',1,'StoreCategory','Тест первого впечателения ','2013-04-30 13:07:20'),
	(29,'admin',1,'StoreCategory','Классический тест','2013-04-30 13:09:42'),
	(30,'admin',2,'StoreCategory','Мобильные устройства','2013-04-30 13:13:10'),
	(31,'admin',1,'StoreCategory','Тест скорости','2013-04-30 13:18:01'),
	(32,'admin',1,'StoreCategory','Бенчмаркинг тест','2013-04-30 13:21:03'),
	(33,'admin',1,'StoreCategory','Тест прототипов','2013-04-30 13:24:36'),
	(34,'admin',1,'StoreCategory','Маркетинговый тест','2013-04-30 13:26:11'),
	(35,'admin',1,'StoreCategory','Тест в социальных сетях','2013-04-30 13:28:15'),
	(36,'admin',1,'StoreCategory','Тест имени','2013-04-30 13:30:16'),
	(37,'admin',2,'StoreCategory','Тест скорости','2013-04-30 13:31:34'),
	(38,'admin',1,'StoreCategory','Маркетинговый тест','2013-04-30 13:32:29'),
	(39,'admin',1,'StoreCategory','Тестирование игр','2013-04-30 13:33:15'),
	(40,'admin',2,'StoreCategory','Тест первого впечателения','2013-04-30 13:35:24'),
	(41,'admin',2,'StoreCategory','Бенчмаркинг тест','2013-04-30 13:35:56'),
	(42,'admin',2,'StoreCategory','Тест первого впечателения ','2013-04-30 13:36:45'),
	(43,'admin',1,'StoreCategory','Бенчмаркинг тест','2013-04-30 13:37:44'),
	(44,'admin',2,'StoreCategory','Бенчмаркинг тест','2013-04-30 13:38:50'),
	(45,'admin',1,'StoreCategory','Классический тест','2013-04-30 13:39:33'),
	(46,'admin',2,'StoreAttribute','processor_manufacturer','2013-05-01 04:01:25'),
	(47,'admin',2,'StoreAttribute','impression_5min','2013-05-01 04:02:55'),
	(48,'admin',2,'StoreAttribute','impression_5min','2013-05-01 04:03:17'),
	(49,'admin',2,'StoreAttribute','first_page','2013-05-01 04:05:42'),
	(50,'admin',2,'StoreAttribute','not_click','2013-05-01 04:08:09'),
	(51,'admin',2,'StoreAttribute','what_is_business','2013-05-01 04:10:06'),
	(52,'admin',2,'StoreAttribute','what_is_benefits','2013-05-01 04:12:11'),
	(53,'admin',2,'StoreAttribute','better_than_competitors','2013-05-01 04:15:30'),
	(54,'admin',2,'StoreAttribute','view_angle','2013-05-01 04:17:30'),
	(55,'admin',2,'StoreAttribute','from_friend','2013-05-01 04:17:51'),
	(56,'admin',2,'StoreAttribute','impression_5min','2013-05-01 04:20:23'),
	(57,'admin',2,'StoreAttribute','impression_5min','2013-05-01 04:20:35'),
	(58,'admin',2,'StoreAttribute','first_page','2013-05-01 04:21:05'),
	(59,'admin',2,'StoreAttribute','not_click','2013-05-01 04:21:35'),
	(60,'admin',2,'StoreAttribute','what_is_business','2013-05-01 04:22:22'),
	(61,'admin',2,'StoreAttribute','what_is_benefits','2013-05-01 04:22:46'),
	(62,'admin',2,'StoreAttribute','better_than_competitors','2013-05-01 04:23:05'),
	(63,'admin',2,'StoreAttribute','from_friend','2013-05-01 04:23:27'),
	(64,'admin',2,'StoreAttribute','do_it','2013-05-01 04:29:05'),
	(65,'admin',2,'StoreAttribute','newsletter','2013-05-01 04:32:49'),
	(66,'admin',2,'StoreAttribute','newsletter','2013-05-01 04:33:33'),
	(67,'admin',2,'StoreAttribute','running','2013-05-01 04:36:25'),
	(68,'admin',2,'StoreAttribute','try_do_it','2013-05-01 04:38:47'),
	(69,'admin',2,'StoreAttribute','video','2013-05-01 04:40:46'),
	(70,'admin',2,'StoreAttribute','trust','2013-05-01 04:42:05'),
	(71,'admin',2,'StoreAttribute','not_registered','2013-05-01 04:48:04'),
	(72,'admin',2,'StoreAttribute','registeration','2013-05-01 04:51:14'),
	(73,'admin',2,'StoreAttribute','register','2013-05-01 04:51:42'),
	(74,'admin',2,'StoreAttribute','compare','2013-05-01 04:53:41'),
	(75,'admin',2,'StoreAttribute','google_compare','2013-05-01 04:58:04'),
	(76,'admin',2,'StoreAttribute','tablet_screen_size','2013-05-01 04:59:52'),
	(77,'admin',2,'StoreAttribute','main_office','2013-05-01 05:00:43'),
	(78,'admin',2,'StoreProductType','Мобильная игра','2013-05-01 05:36:20'),
	(79,'admin',1,'StoreProduct','Тест мобильного приложения - игры','2013-05-01 05:43:55'),
	(80,'admin',1,'StoreProduct','Тест мобильного приложения - игры','2013-05-01 05:43:57'),
	(81,'admin',2,'StoreManufacturer','Petrov','2013-05-01 11:23:17'),
	(82,'admin',2,'StoreManufacturer','Ivanov','2013-05-01 11:24:01'),
	(83,'admin',2,'StoreProductType','Интернет магазин на мобильном устройстве','2013-05-01 14:10:12'),
	(84,'admin',2,'StoreProductType','Интернет магазин сайт','2013-05-01 14:11:02'),
	(85,'admin',2,'StoreProductType','Представительский сайт - визитка','2013-05-01 14:11:31'),
	(86,'admin',2,'StoreProductType','Игра в социальных сетях','2013-05-01 14:12:09'),
	(87,'admin',2,'StoreProductType','Образовательная программа на мобильном устройстве','2013-05-01 14:12:47'),
	(88,'admin',1,'StoreProductType','Образовательный сайт','2013-05-01 14:13:42'),
	(89,'admin',2,'StoreProductType','Игра на мобильном устройстве','2013-05-01 14:14:53'),
	(90,'admin',2,'StoreProductType','Игра в социальных сетях','2013-05-01 14:15:06'),
	(91,'admin',2,'StoreProductType','Интернет магазин на мобильном устройстве','2013-05-01 14:15:20'),
	(92,'admin',2,'StoreProductType','Интернет магазин сайт','2013-05-01 14:15:39'),
	(93,'admin',2,'StoreProductType','Образовательная программа на мобильном устройстве','2013-05-01 14:15:53'),
	(94,'admin',2,'StoreProductType','Образовательный сайт','2013-05-01 14:16:06'),
	(95,'admin',2,'StoreProductType','Представительский сайт - визитка','2013-05-01 14:16:17'),
	(96,'admin',1,'StoreProduct','Крестики нолики','2013-05-01 14:19:54'),
	(97,'admin',2,'StoreProduct','Крестики нолики','2013-05-01 14:21:55'),
	(98,'admin',2,'StoreProduct','Крестики нолики','2013-05-01 14:22:54'),
	(99,'admin',2,'StoreProduct','Крестики нолики','2013-05-01 14:33:31'),
	(100,'admin',2,'StoreProduct','Крестики нолики','2013-05-01 14:35:09'),
	(101,'admin',2,'StoreProductType','Игра в социальных сетях','2013-05-01 14:45:09'),
	(102,'admin',2,'StoreProduct','Крестики нолики','2013-05-01 14:46:38'),
	(103,'admin',2,'StoreManufacturer','Тестер 1','2013-05-01 15:03:18'),
	(104,'admin',2,'StoreManufacturer','Тестер 2','2013-05-01 15:03:57'),
	(105,'admin',2,'StoreManufacturer','Тестер 1','2013-05-01 15:04:21'),
	(106,'admin',2,'StoreManufacturer','Тестер 3','2013-05-01 15:05:03'),
	(107,'admin',2,'StoreManufacturer','Тестер 4','2013-05-01 15:05:30'),
	(108,'admin',2,'StoreManufacturer','Тестер 5','2013-05-01 15:05:51'),
	(109,'admin',3,'StoreManufacturer','Lenovo','2013-05-01 15:06:25'),
	(110,'admin',3,'StoreManufacturer','Dell','2013-05-01 15:06:25'),
	(111,'admin',3,'StoreManufacturer','Fujitsu','2013-05-01 15:06:25'),
	(112,'admin',3,'StoreManufacturer','HP','2013-05-01 15:06:25'),
	(113,'admin',3,'StoreManufacturer','Logitech','2013-05-01 15:06:25'),
	(114,'admin',3,'StoreManufacturer','Microlab','2013-05-01 15:06:25'),
	(115,'admin',3,'StoreManufacturer','Edifier','2013-05-01 15:06:25'),
	(116,'admin',3,'StoreManufacturer','LG','2013-05-01 15:06:25'),
	(117,'admin',3,'StoreManufacturer','Philips','2013-05-01 15:06:25'),
	(118,'admin',3,'StoreManufacturer','HTC','2013-05-01 15:06:25'),
	(119,'admin',3,'StoreManufacturer','Nokia','2013-05-01 15:06:25'),
	(120,'admin',2,'StoreProduct','Рекламная игра','2013-05-01 15:23:58'),
	(121,'admin',2,'StoreAttribute','impression_5min','2013-05-02 00:28:13'),
	(122,'admin',2,'StoreAttribute','impression_5min','2013-05-02 00:30:59'),
	(123,'admin',2,'StoreAttribute','impression_5min','2013-05-02 00:31:59'),
	(124,'admin',2,'StoreAttribute','impression_5min','2013-05-02 00:32:15'),
	(125,'admin',2,'StoreAttribute','first_page','2013-05-02 00:33:16'),
	(126,'admin',2,'StoreAttribute','first_page','2013-05-02 00:34:05'),
	(127,'admin',2,'StoreAttribute','not_click','2013-05-02 00:50:17'),
	(128,'admin',2,'StoreAttribute','what_is_business','2013-05-02 01:12:07'),
	(129,'admin',2,'StoreAttribute','what_is_benefits','2013-05-02 01:13:17'),
	(130,'admin',2,'StoreAttribute','better_than_competitors','2013-05-02 01:14:25'),
	(131,'admin',2,'StoreAttribute','from_friend','2013-05-02 01:16:18'),
	(132,'admin',2,'StoreAttribute','do_it','2013-05-02 01:17:48'),
	(133,'admin',2,'Discount','Скидка на все тесты для социальных сетей','2013-05-02 01:22:43'),
	(134,'admin',2,'StoreAttribute','newsletter','2013-05-02 01:53:02'),
	(135,'admin',2,'StoreAttribute','running','2013-05-02 01:54:25'),
	(136,'admin',2,'StoreAttribute','try_do_it','2013-05-02 01:56:11'),
	(137,'admin',2,'StoreAttribute','trust','2013-05-02 01:57:56'),
	(138,'admin',2,'StoreAttribute','not_registered','2013-05-02 01:59:40'),
	(139,'admin',2,'StoreAttribute','register','2013-05-02 02:00:40'),
	(140,'admin',2,'StoreAttribute','compare','2013-05-02 02:07:42'),
	(141,'admin',2,'StoreAttribute','google_compare','2013-05-02 02:09:08'),
	(142,'admin',2,'StoreAttribute','main_office','2013-05-02 02:10:28'),
	(143,'admin',2,'Comment','это очень хороший тест!','2013-05-02 02:15:41'),
	(144,'admin',2,'Comment','неплохо','2013-05-02 02:16:01'),
	(145,'admin',2,'StoreAttribute','shoping_item','2013-05-02 03:55:01'),
	(146,'admin',2,'StoreAttribute','shoping_proc','2013-05-02 03:57:03'),
	(147,'admin',2,'StoreAttribute','found','2013-05-02 03:59:23'),
	(148,'admin',1,'StoreAttribute','ordered','2013-05-02 04:01:00'),
	(149,'admin',1,'StoreAttribute','money_back','2013-05-02 04:03:45'),
	(150,'admin',1,'StoreAttribute','compare_price','2013-05-02 04:06:32'),
	(151,'admin',2,'StoreAttribute','compare_price','2013-05-02 04:07:22'),
	(152,'admin',2,'StoreAttribute','compare_price','2013-05-02 04:09:44'),
	(153,'admin',2,'StoreAttribute','money_back','2013-05-02 04:11:06'),
	(154,'admin',2,'StoreAttribute','ordered','2013-05-02 04:12:21'),
	(155,'admin',2,'StoreAttribute','found','2013-05-02 04:13:20'),
	(156,'admin',2,'StoreAttribute','found','2013-05-02 04:13:42'),
	(157,'admin',2,'StoreAttribute','shoping_proc','2013-05-02 04:14:49'),
	(158,'admin',2,'StoreAttribute','shoping_item','2013-05-02 04:15:49'),
	(159,'admin',2,'StoreAttribute','compare_price','2013-05-02 04:16:46'),
	(160,'admin',2,'StoreProduct','Рекламная игра','2013-05-02 04:44:20'),
	(161,'admin',2,'StoreProduct','Тест рекламной игры','2013-05-02 04:44:48'),
	(162,'admin',2,'StoreProduct','Тест рекламной игры','2013-05-02 04:45:47'),
	(163,'admin',2,'StoreProduct','Тест мобильного приложения - игры','2013-05-02 04:46:37'),
	(164,'admin',2,'StoreProduct','Тест мобильного приложения - игры','2013-05-02 04:47:26'),
	(165,'admin',2,'StoreProduct','Тест мобильного приложения - игры','2013-05-02 04:47:49'),
	(166,'admin',2,'StoreProduct','Тест рекламной игры','2013-05-02 04:49:44'),
	(167,'admin',2,'StoreProduct','Тест мобильного приложения - игры','2013-05-02 04:50:08'),
	(168,'admin',2,'StoreProduct','Тест рекламной игры','2013-05-02 06:03:57'),
	(169,'admin',2,'StoreProduct','Тест рекламной игры','2013-05-02 06:05:04'),
	(170,'admin',2,'StoreProduct','Тест рекламной игры','2013-05-02 06:05:49'),
	(171,'admin',1,'StoreProduct','новый тест','2013-05-09 07:52:15'),
	(172,'admin',2,'StoreProduct','новый тест','2013-05-09 07:55:45'),
	(173,'admin',2,'StoreProduct','новый тест','2013-05-09 08:27:53'),
	(174,'admin',2,'StoreProduct','новый тест','2013-05-09 08:32:44'),
	(175,'admin',2,'StoreProduct','новый тест','2013-05-09 08:35:53'),
	(176,'admin',2,'StoreProduct','новый тест','2013-05-09 08:36:36'),
	(177,'admin',2,'StoreProduct','новый тест','2013-05-09 08:38:05'),
	(178,'admin',2,'StoreProduct','новый тест','2013-05-09 08:39:33'),
	(179,'admin',2,'StoreCategory','Образовательные','2013-05-12 14:05:20'),
	(180,'admin',2,'StoreCategory','Бизнес','2013-05-12 14:08:46'),
	(181,'admin',2,'StoreCategory','Здоровье и спорт','2013-05-12 14:10:47'),
	(182,'admin',2,'StoreCategory','Культура ','2013-05-12 14:12:13'),
	(183,'admin',2,'StoreCategory','Культура ','2013-05-12 14:12:13'),
	(184,'admin',2,'StoreCategory','Путешествия','2013-05-12 14:13:44'),
	(185,'admin',1,'StoreCategory','Инструменты','2013-05-12 14:15:08'),
	(186,'admin',2,'StoreCategory','Инструменты','2013-05-12 14:16:01'),
	(187,'admin',2,'StoreCategory','разное','2013-05-12 14:17:06'),
	(188,'admin',2,'StoreCategory','Разное','2013-05-12 14:17:35'),
	(189,'admin',2,'StoreCategory','Образовательные','2013-05-13 04:38:13'),
	(190,'admin',2,'StoreCategory','Бизнес','2013-05-13 04:38:54'),
	(191,'admin',2,'StoreCategory','Здоровье и спорт','2013-05-13 04:39:23'),
	(192,'admin',2,'StoreCategory','Здоровье и спорт','2013-05-13 04:40:25'),
	(193,'admin',2,'StoreCategory','Культура ','2013-05-13 04:41:57'),
	(194,'admin',2,'StoreCategory','Культура ','2013-05-13 04:42:06'),
	(195,'admin',2,'StoreCategory','Путешествия','2013-05-13 04:43:25'),
	(196,'admin',2,'StoreCategory','Разное','2013-05-13 04:44:04'),
	(197,'admin',3,'StoreCategory','Тест имени','2013-05-13 04:44:18'),
	(198,'admin',3,'StoreCategory','Маркетинговый тест','2013-05-13 04:44:47'),
	(199,'admin',2,'StoreCategory','ROPO тестирование','2013-05-13 04:45:20'),
	(200,'admin',1,'StoreCategory','Игры','2013-05-13 04:45:50'),
	(201,'admin',1,'StoreCategory','Игры','2013-05-13 04:46:18'),
	(202,'admin',1,'StoreProductType','Ropo-тестирование','2013-05-13 05:21:16'),
	(203,'admin',2,'StoreProductType','Ropo-тестирование (помогает ответить на вопрос, по каким критериям ваши потенциальные клиенты выбирают место для покупки)','2013-05-13 05:22:49'),
	(204,'admin',2,'StoreAttribute','impression_5min','2013-05-13 05:24:26'),
	(205,'admin',1,'StoreAttribute','request','2013-05-13 05:33:28'),
	(206,'admin',2,'StoreAttribute','request','2013-05-13 05:34:23'),
	(207,'admin',2,'StoreAttribute','request','2013-05-13 05:36:52'),
	(208,'admin',1,'StoreAttribute','ropo_found','2013-05-13 05:40:10'),
	(209,'admin',2,'StoreAttribute','ropo_found','2013-05-13 05:41:38'),
	(210,'admin',1,'StoreAttribute','ropo_first_page','2013-05-13 05:44:54'),
	(211,'admin',1,'StoreAttribute','ropo_impressions','2013-05-13 05:55:40'),
	(212,'admin',2,'StoreAttribute','ropo_impressions','2013-05-13 05:57:33'),
	(213,'admin',2,'StoreProductType','Ropo-тестирование (помогает ответить на вопрос, по каким критериям ваши потенциальные клиенты выбирают место для покупки)','2013-05-13 06:02:40'),
	(214,'admin',2,'StoreProductType','Ropo-тестирование (помогает ответить на вопрос, по каким критериям ваши потенциальные клиенты выбирают место для покупки)','2013-05-13 06:03:11'),
	(215,'admin',2,'StoreProductType','Ropo-тестирование (помогает ответить на вопрос, по каким критериям ваши потенциальные клиенты выбирают место для покупки)','2013-05-13 06:05:46'),
	(216,'admin',3,'StoreCategory','Инструменты','2013-05-13 09:12:06'),
	(217,'admin',2,'StoreCategory','Инструменты','2013-05-13 09:12:28'),
	(218,'admin',3,'StoreProduct','Microlab M-860','2013-05-13 09:22:25'),
	(219,'admin',3,'StoreProduct','Sven SPS-820','2013-05-13 09:22:25'),
	(220,'admin',3,'StoreProduct','Edifier M1385','2013-05-13 09:22:25'),
	(221,'admin',2,'Page','Тестирование продукта началось в апреле 2012 года,  Google презентовал свои очки дополненной реальности‎','2013-05-13 14:59:27'),
	(222,'admin',2,'Page','Тестирование продукта началось в апреле 2012 года,  Google презентовал свои очки дополненной реальности‎','2013-05-13 15:01:12'),
	(223,'admin',2,'Page','Тестирование продукта началось в апреле 2012 года,  Google презентовал свои очки дополненной реальности‎','2013-05-13 15:01:49'),
	(224,'admin',3,'StoreCategory','Образовательные','2013-05-21 13:29:25'),
	(225,'admin',3,'StoreCategory','Бизнес','2013-05-21 13:34:42'),
	(226,'admin',1,'StoreProductType','Бенчмаркинг тестирование.','2013-05-22 05:32:23'),
	(227,'admin',2,'StoreProductType','Бенчмаркинг тестирование','2013-05-22 05:32:44'),
	(228,'admin',2,'StoreProductType','Тестирование игр','2013-05-22 05:33:33'),
	(229,'admin',2,'StoreProductType','Классический тест','2013-05-22 05:34:10'),
	(230,'admin',2,'StoreProductType','Поисковый PPC тест + тестирование Landing Page.','2013-05-22 05:34:55'),
	(231,'admin',2,'StoreProductType','Бенчмаркинг тестирование','2013-05-22 05:35:37'),
	(232,'admin',2,'StoreProductType','Тестирование игр','2013-05-22 05:36:04'),
	(233,'admin',2,'StoreProductType','Классический тест','2013-05-22 05:36:29'),
	(234,'admin',2,'StoreProductType','Ropo-тестирование (помогает ответить на вопрос, по каким критериям ваши потенциальные клиенты выбирают место для покупки)','2013-05-22 05:37:13'),
	(235,'admin',2,'StoreProductType','Ropo-тестирование','2013-05-22 05:37:34'),
	(236,'admin',2,'StoreProductType','Поисковый PPC тест + тестирование Landing Page.','2013-05-22 05:38:11'),
	(237,'admin',2,'StoreProductType','Тестирование прототипов','2013-05-22 05:41:59'),
	(238,'admin',2,'StoreProductType','Маркетинговый тест','2013-05-22 05:42:49'),
	(239,'admin',2,'StoreProductType','Speed тест','2013-05-22 05:43:16'),
	(240,'admin',2,'StoreProductType','Тест первого впечатления','2013-05-22 05:43:51'),
	(241,'admin',1,'StoreProductType','Тестирование групп в соцсетях','2013-05-22 05:46:20'),
	(242,'admin',1,'StoreProductType','Нейминг тест','2013-05-22 05:47:04'),
	(243,'admin',2,'Order','4','2013-05-26 14:49:03'),
	(244,'admin',2,'Order','4','2013-05-26 15:02:52'),
	(245,'admin',2,'StoreAttribute','impression_5min','2013-06-20 17:39:11'),
	(246,'admin',2,'StoreAttribute','impression_5min','2013-06-20 18:10:36'),
	(247,'admin',2,'Order','7','2013-06-28 07:02:44'),
	(248,'admin',2,'Order','6','2013-06-28 07:03:43'),
	(249,'admin',2,'Order','8','2013-07-02 09:33:26'),
	(250,'admin',1,'OrderStatus','Поиск исполнителя','2013-07-10 10:52:06'),
	(251,'admin',1,'OrderStatus','В работе','2013-07-10 10:52:56'),
	(252,'admin',1,'OrderStatus','Оплачен','2013-07-10 10:54:10'),
	(253,'admin',2,'Order','11','2013-07-11 11:54:09'),
	(254,'admin',2,'Order','12','2013-07-12 11:53:08'),
	(255,'admin',2,'Order','13','2013-07-12 11:54:55'),
	(256,'admin',2,'Order','13','2013-07-21 23:14:24'),
	(257,'admin',1,'StoreProduct','Самый новый тест','2013-07-23 04:21:38'),
	(258,'admin',2,'StoreProduct','Самый новый тест','2013-07-23 04:23:00'),
	(259,'admin',2,'StoreProduct','Самый новый тест','2013-07-23 04:25:52'),
	(260,'admin',2,'StoreAttribute','better_than_competitors','2013-07-23 04:42:12'),
	(261,'admin',2,'StoreAttribute','impression_5min','2013-07-23 04:42:54'),
	(262,'admin',2,'StoreAttribute','impression_5min','2013-07-23 05:08:15'),
	(263,'admin',2,'Order','4','2013-07-25 05:04:00'),
	(264,'admin',2,'StoreProductType','Сайт визитка','2013-08-26 15:08:02'),
	(265,'admin',2,'StoreProductType','Сайт визитка','2013-08-26 15:56:39'),
	(266,'admin',2,'StoreProduct','Тест мобильного приложения - игры','2013-08-26 16:03:01'),
	(267,'admin',1,'StoreProduct','новый сайт визитка','2013-08-26 16:04:49'),
	(268,'admin',2,'StoreProduct','новый сайт визитка','2013-08-26 16:05:10'),
	(269,'admin',3,'StoreProduct','Тест мобильного приложения - игры','2013-08-26 16:05:29'),
	(270,'admin',3,'StoreProduct','Тест мобильного приложения - игры','2013-08-26 16:05:36'),
	(271,'admin',2,'StoreProduct','новый сайт визитка','2013-08-26 16:07:00'),
	(272,'admin',3,'StoreProduct','новый сайт визитка','2013-08-26 16:07:47'),
	(273,'admin',1,'StoreProduct','новый сайт визитка','2013-08-26 16:09:26'),
	(274,'admin',2,'StoreProduct','новый сайт визитка','2013-08-26 16:09:49'),
	(275,'admin',2,'StoreProduct','новый сайт визитка','2013-08-26 17:23:36'),
	(276,'admin',2,'StoreProduct','новый сайт визитка','2013-08-26 17:23:38'),
	(277,'admin',2,'StoreProduct','новый сайт визитка','2013-08-27 00:37:53'),
	(278,'admin',2,'StoreProduct','новый сайт визитка','2013-08-27 00:57:28'),
	(279,'admin',2,'StoreProduct','новый сайт визитка','2013-08-27 00:58:26'),
	(280,'admin',3,'StoreAttribute','impression_5min','2013-08-27 01:42:23'),
	(281,'admin',3,'StoreAttribute','what_is_business','2013-08-27 01:42:23'),
	(282,'admin',3,'StoreAttribute','better_than_competitors','2013-08-27 01:42:23'),
	(283,'admin',3,'StoreAttribute','do_it','2013-08-27 01:42:23'),
	(284,'admin',3,'StoreAttribute','running','2013-08-27 01:42:24'),
	(285,'admin',3,'StoreAttribute','trust','2013-08-27 01:42:24'),
	(286,'admin',3,'StoreAttribute','register','2013-08-27 01:42:24'),
	(287,'admin',3,'StoreAttribute','google_compare','2013-08-27 01:42:24'),
	(288,'admin',3,'StoreAttribute','task_1_c','2013-08-27 01:42:24'),
	(289,'admin',3,'StoreAttribute','not_click','2013-08-27 01:42:24'),
	(290,'admin',3,'StoreAttribute','what_is_benefits','2013-08-27 01:42:24'),
	(291,'admin',3,'StoreAttribute','from_friend','2013-08-27 01:42:24'),
	(292,'admin',3,'StoreAttribute','newsletter','2013-08-27 01:42:24'),
	(293,'admin',3,'StoreAttribute','try_do_it','2013-08-27 01:42:24'),
	(294,'admin',3,'StoreAttribute','not_registered','2013-08-27 01:42:24'),
	(295,'admin',3,'StoreAttribute','compare','2013-08-27 01:42:24'),
	(296,'admin',3,'StoreAttribute','main_office','2013-08-27 01:42:24'),
	(297,'admin',3,'StoreAttribute','task_4_d','2013-08-27 01:42:24'),
	(298,'admin',3,'StoreAttribute','first_page','2013-08-27 01:42:24'),
	(299,'admin',3,'StoreAttribute','task_3_c','2013-08-27 01:42:24'),
	(300,'admin',3,'StoreAttribute','task_4_c','2013-08-27 01:42:24'),
	(301,'admin',3,'StoreAttribute','task_5_c','2013-08-27 01:42:24'),
	(302,'admin',3,'StoreAttribute','task_6_c','2013-08-27 01:42:24'),
	(303,'admin',3,'StoreAttribute','task_1_d','2013-08-27 01:42:24'),
	(304,'admin',3,'StoreAttribute','task_2_d','2013-08-27 01:42:24'),
	(305,'admin',3,'StoreAttribute','task_3_d','2013-08-27 01:42:24'),
	(306,'admin',3,'StoreAttribute','task_1','2013-08-27 01:42:24'),
	(307,'admin',3,'StoreAttribute','task_2','2013-08-27 01:42:24'),
	(308,'admin',3,'StoreAttribute','task_3','2013-08-27 01:42:24'),
	(309,'admin',3,'StoreAttribute','task_4','2013-08-27 01:42:25'),
	(310,'admin',3,'StoreAttribute','task_5','2013-08-27 01:42:35'),
	(311,'admin',3,'StoreAttribute','task_6','2013-08-27 01:42:35'),
	(312,'admin',3,'StoreAttribute','task_1_a','2013-08-27 01:42:35'),
	(313,'admin',3,'StoreAttribute','task_2_a','2013-08-27 01:42:35'),
	(314,'admin',3,'StoreAttribute','task_3_a','2013-08-27 01:42:35'),
	(315,'admin',3,'StoreAttribute','task_4_a','2013-08-27 01:42:35'),
	(316,'admin',3,'StoreAttribute','task_5_a','2013-08-27 01:42:35'),
	(317,'admin',3,'StoreAttribute','task_6_a','2013-08-27 01:42:35'),
	(318,'admin',3,'StoreAttribute','task_7_a','2013-08-27 01:42:35'),
	(319,'admin',3,'StoreAttribute','task_1_b','2013-08-27 01:42:35'),
	(320,'admin',3,'StoreAttribute','task_2_b','2013-08-27 01:42:35'),
	(321,'admin',3,'StoreAttribute','task_3_b','2013-08-27 01:42:35'),
	(322,'admin',3,'StoreAttribute','task_4_b','2013-08-27 01:42:35'),
	(323,'admin',3,'StoreAttribute','task_5_b','2013-08-27 01:42:35'),
	(324,'admin',3,'StoreAttribute','task_6_b','2013-08-27 01:42:35'),
	(325,'admin',3,'StoreAttribute','task_5_d','2013-08-27 01:42:35'),
	(326,'admin',3,'StoreAttribute','task_6_d','2013-08-27 01:42:35'),
	(327,'admin',3,'StoreAttribute','task_1_e','2013-08-27 01:42:35'),
	(328,'admin',3,'StoreAttribute','task_2_e','2013-08-27 01:42:35'),
	(329,'admin',3,'StoreAttribute','task_3_e','2013-08-27 01:42:35'),
	(330,'admin',3,'StoreAttribute','task_1_g','2013-08-27 01:42:36'),
	(331,'admin',3,'StoreAttribute','task_2_g','2013-08-27 01:42:36'),
	(332,'admin',3,'StoreAttribute','task_3_g','2013-08-27 01:42:36'),
	(333,'admin',3,'StoreAttribute','task_4_g','2013-08-27 01:42:36'),
	(334,'admin',3,'StoreAttribute','task_5_g','2013-08-27 01:42:36'),
	(335,'admin',3,'StoreAttribute','task_6_g','2013-08-27 01:42:36'),
	(336,'admin',1,'StoreAttribute','design','2013-08-27 01:44:07'),
	(337,'admin',2,'StoreProductType','Сайт визитка','2013-08-27 01:45:03'),
	(338,'admin',2,'StoreAttribute','design','2013-08-27 01:45:36'),
	(339,'admin',1,'StoreProduct','Минимальный сайт визитка','2013-08-27 01:47:37'),
	(340,'admin',2,'StoreProduct','Минимальный сайт визитка','2013-08-27 01:48:35'),
	(341,'admin',2,'StoreProduct','Минимальный сайт визитка','2013-08-27 02:09:14'),
	(342,'admin',2,'StoreProduct','Минимальный сайт визитка','2013-08-27 02:09:59'),
	(343,'admin',1,'StoreAttribute','design2pages','2013-08-27 02:51:02'),
	(344,'admin',2,'StoreAttribute','design','2013-08-27 02:51:52'),
	(345,'admin',2,'StoreProduct','Минимальный сайт визитка','2013-08-27 02:52:32'),
	(346,'admin',2,'StoreProductType','Сайт визитка','2013-08-27 02:53:32'),
	(347,'admin',2,'StoreProduct','Минимальный сайт визитка','2013-08-27 02:54:40'),
	(348,'admin',2,'StoreProduct','Минимальный сайт визитка','2013-08-27 03:29:09'),
	(349,'admin',1,'StoreAttribute','content5','2013-08-27 03:52:06'),
	(350,'admin',2,'StoreProductType','Сайт визитка','2013-08-27 03:55:59'),
	(351,'admin',2,'StoreProduct','Минимальный сайт визитка','2013-08-27 03:56:34'),
	(352,'admin',1,'StoreAttribute','content10','2013-08-27 03:59:06'),
	(353,'admin',1,'StoreAttribute','feedback','2013-08-27 04:01:10'),
	(354,'admin',2,'StoreAttribute','feedback','2013-08-27 04:01:34'),
	(355,'admin',1,'StoreAttribute','news','2013-08-27 04:02:39'),
	(356,'admin',2,'StoreAttribute','news','2013-08-27 04:03:25'),
	(357,'admin',2,'StoreProductType','Сайт визитка','2013-08-27 04:04:09'),
	(358,'admin',2,'StoreProduct','Минимальный сайт визитка','2013-08-27 04:05:21'),
	(359,'admin',2,'StoreAttribute','content10','2013-08-27 04:06:57'),
	(360,'admin',2,'StoreAttribute','news','2013-08-27 04:07:19'),
	(361,'admin',2,'StoreProduct','Минимальный сайт визитка','2013-08-27 04:07:50'),
	(362,'admin',2,'StoreProduct','Cайт визитка','2013-08-27 04:24:42'),
	(363,'admin',2,'StoreAttribute','design2pages','2013-08-27 04:25:11'),
	(364,'admin',2,'StoreProduct','Cайт визитка','2013-08-27 04:26:15'),
	(365,'admin',2,'StoreProduct','Cайт визитка','2013-08-27 04:28:21'),
	(366,'admin',2,'StoreAttribute','design2pages','2013-08-27 04:29:56'),
	(367,'admin',2,'StoreAttribute','design2pages','2013-08-27 04:30:43'),
	(368,'admin',2,'StoreAttribute','design2pages','2013-08-27 04:31:12'),
	(369,'admin',3,'StoreAttribute','design2pages','2013-08-27 04:33:30'),
	(370,'admin',3,'StoreProduct','Cайт визитка','2013-08-27 04:38:13'),
	(371,'admin',1,'StoreProduct','Сайт визитка - минимальный набор','2013-08-27 04:40:28'),
	(372,'admin',2,'StoreProduct','Сайт визитка - минимальный набор','2013-08-27 04:41:03'),
	(373,'admin',2,'StoreProduct','Сайт визитка - минимальный набор','2013-08-27 04:42:22'),
	(374,'admin',2,'StoreProduct','Сайт визитка - минимальный набор','2013-08-27 04:59:04'),
	(375,'admin',2,'StoreAttribute','content_more_5','2013-08-27 05:04:20'),
	(376,'admin',1,'StoreAttribute','content_more_10','2013-08-27 05:05:39'),
	(377,'admin',1,'StoreAttribute','content_more_15','2013-08-27 05:06:44'),
	(378,'admin',1,'StoreAttribute','content_more_20','2013-08-27 05:07:40'),
	(379,'admin',2,'StoreAttribute','content_more_5','2013-08-27 05:08:50'),
	(380,'admin',2,'StoreProduct','Сайт визитка - минимальный набор','2013-08-27 05:09:31'),
	(381,'admin',2,'StoreAttribute','content_more_10','2013-08-27 05:10:05'),
	(382,'admin',2,'StoreAttribute','content_more_10','2013-08-27 05:10:25'),
	(383,'admin',2,'StoreProductType','Сайт визитка','2013-08-27 05:11:55'),
	(384,'admin',2,'StoreProduct','Сайт визитка - минимальный набор','2013-08-27 05:13:18'),
	(385,'admin',2,'StoreProduct','Сайт визитка - минимальный набор','2013-08-27 05:14:49'),
	(386,'admin',2,'StoreAttribute','content_more_10','2013-08-27 05:17:27'),
	(387,'admin',2,'StoreAttribute','content_more_10','2013-08-27 05:18:35'),
	(388,'admin',2,'StoreAttribute','news','2013-08-27 05:27:00'),
	(389,'admin',1,'StoreAttribute','fotogallery','2013-08-27 05:30:52'),
	(390,'admin',2,'StoreProductType','Сайт визитка','2013-08-27 05:31:22'),
	(391,'admin',2,'StoreProductType','Сайт визитка','2013-08-27 05:31:38'),
	(392,'admin',2,'StoreAttribute','news','2013-08-27 05:33:02'),
	(393,'admin',2,'StoreAttribute','fotogallery','2013-08-27 05:33:45'),
	(394,'admin',2,'StoreProduct','Сайт визитка - минимальный набор','2013-08-27 05:34:25'),
	(395,'admin',1,'StoreAttribute','mindesign','2013-08-27 05:37:00'),
	(396,'admin',2,'StoreAttribute','mindesign','2013-08-27 05:37:16'),
	(397,'admin',1,'StoreAttribute','uniquedesign','2013-08-27 05:38:42'),
	(398,'admin',2,'StoreProductType','Сайт визитка','2013-08-27 05:39:09'),
	(399,'admin',2,'StoreProduct','Сайт визитка - минимальный набор','2013-08-27 05:41:23'),
	(400,'admin',2,'StoreProduct','Сайт визитка - минимальный набор','2013-08-27 05:45:16'),
	(401,'admin',2,'StoreProduct','Сайт визитка - минимальный набор','2013-08-27 05:46:06'),
	(402,'admin',1,'StoreAttribute','hosting','2013-08-27 05:48:09'),
	(403,'admin',2,'StoreProductType','Сайт визитка','2013-08-27 05:48:50'),
	(404,'admin',2,'StoreAttribute','hosting','2013-08-27 05:49:42'),
	(405,'admin',2,'StoreProductType','Сайт визитка','2013-08-27 05:50:40'),
	(406,'admin',2,'StoreAttribute','content_more_10','2013-08-27 05:50:55'),
	(407,'admin',2,'StoreProduct','Сайт визитка - минимальный набор','2013-08-27 05:51:30'),
	(408,'admin',1,'StoreAttribute','hosting_1_year','2013-08-27 06:07:53'),
	(409,'admin',2,'StoreProductType','Сайт визитка','2013-08-27 06:08:22'),
	(410,'admin',2,'StoreProduct','Сайт визитка - минимальный набор','2013-08-27 06:08:52'),
	(411,'admin',2,'StoreProduct','Сайт визитка - минимальный набор','2013-08-27 06:09:44'),
	(412,'admin',2,'StoreProduct','Сайт визитка - минимальный набор','2013-08-27 06:10:38'),
	(413,'admin',2,'StoreAttribute','hosting1year','2013-08-27 06:14:01'),
	(414,'admin',2,'StoreProduct','Сайт визитка','2013-08-27 06:26:26'),
	(415,'admin',2,'StoreProduct','Сайт визитка','2013-08-27 06:31:23'),
	(416,'admin',2,'StoreProduct','Сайт визитка','2013-08-27 06:33:17'),
	(417,'admin',2,'StoreProduct','Сайт визитка','2013-08-27 06:54:49'),
	(418,'admin',2,'StoreProductType','Интернет магазин','2013-08-27 08:25:49'),
	(419,'admin',1,'StoreProduct','Интерет магазин','2013-08-27 08:28:18'),
	(420,'admin',2,'StoreProduct','Интернет магазин','2013-08-27 08:30:02'),
	(421,'admin',2,'StoreProduct','Интернет магазин','2013-08-27 08:31:53'),
	(422,'admin',1,'StoreAttribute','int1c','2013-08-27 10:22:36'),
	(423,'admin',1,'StoreAttribute','yandexmarket','2013-08-27 10:24:06'),
	(424,'admin',2,'StoreProductType','Интернет магазин','2013-08-27 10:24:47'),
	(425,'admin',2,'StoreProduct','Интернет магазин','2013-08-27 10:25:49'),
	(426,'admin',2,'StoreAttribute','int1c','2013-08-27 10:26:12'),
	(427,'admin',2,'StoreProduct','Интернет магазин','2013-08-27 10:26:47'),
	(428,'admin',1,'StoreAttribute','csv','2013-08-27 10:40:02'),
	(429,'admin',2,'StoreProductType','Интернет магазин','2013-08-27 10:41:00'),
	(430,'admin',2,'StoreProduct','Интернет магазин','2013-08-27 10:41:30'),
	(431,'admin',1,'StoreAttribute','sales','2013-08-27 10:45:22'),
	(432,'admin',1,'StoreAttribute','wm','2013-08-27 10:47:48'),
	(433,'admin',2,'StoreProductType','Интернет магазин','2013-08-27 10:48:08'),
	(434,'admin',2,'StoreProduct','Интернет магазин','2013-08-27 10:48:47'),
	(435,'admin',2,'StoreProductType','Поисковая оптимизация','2013-08-27 11:10:42'),
	(436,'admin',1,'StoreProduct','Поисковая оптимизация','2013-08-27 11:12:13'),
	(437,'admin',2,'StoreProduct','Сайт визитка','2013-08-27 11:12:34'),
	(438,'admin',2,'StoreProduct','Интернет магазин','2013-08-27 11:14:20'),
	(439,'admin',2,'StoreProduct','Интернет магазин','2013-08-27 11:15:00'),
	(440,'admin',2,'StoreProductType','Социальные сети','2013-08-27 11:50:36'),
	(441,'admin',1,'StoreProduct','Создание и раскрутка сообщества в соц. сети вКонтакте','2013-08-27 11:51:24'),
	(442,'admin',1,'StoreProduct','Создание и раскрутка сообщества в соц. сети Facebook','2013-08-27 11:52:07'),
	(443,'admin',2,'StoreProduct','Интернет магазин','2013-08-27 11:52:46'),
	(444,'admin',2,'StoreProduct','Сайт визитка','2013-08-27 11:53:15'),
	(445,'admin',2,'StoreProductType','Аудит','2013-08-28 03:03:49'),
	(446,'admin',1,'StoreAttribute','tech_audit','2013-08-28 03:09:47'),
	(447,'admin',1,'StoreAttribute','usability_audit','2013-08-28 03:11:07'),
	(448,'admin',1,'StoreAttribute','search_audit','2013-08-28 03:13:05'),
	(449,'admin',1,'StoreAttribute','market_audit','2013-08-28 03:14:08'),
	(450,'admin',1,'StoreAttribute','complex_audit','2013-08-28 03:15:25'),
	(451,'admin',1,'StoreAttribute','mini_audit','2013-08-28 03:16:41'),
	(452,'admin',1,'StoreAttribute','content_audit','2013-08-28 03:17:50'),
	(453,'admin',1,'StoreAttribute','advert_audit','2013-08-28 03:19:11'),
	(454,'admin',2,'StoreProductType','Аудит','2013-08-28 03:23:50'),
	(455,'admin',2,'StoreAttribute','complex_audit','2013-08-28 03:25:14'),
	(456,'admin',2,'StoreAttribute','advert_audit','2013-08-28 03:25:47'),
	(457,'admin',2,'StoreAttribute','complex_audit','2013-08-28 03:26:22'),
	(458,'admin',2,'StoreAttribute','mini_audit','2013-08-28 03:26:38'),
	(459,'admin',2,'StoreAttribute','mini_audit','2013-08-28 03:27:00'),
	(460,'admin',2,'StoreAttribute','market_audit','2013-08-28 03:27:12'),
	(461,'admin',2,'StoreAttribute','usability_audit','2013-08-28 03:27:22'),
	(462,'admin',2,'StoreAttribute','search_audit','2013-08-28 03:27:36'),
	(463,'admin',2,'StoreAttribute','tech_audit','2013-08-28 03:27:50'),
	(464,'admin',2,'StoreAttribute','tech_audit','2013-08-28 03:28:07'),
	(465,'admin',2,'StoreAttribute','advert_audit','2013-08-28 03:28:17'),
	(466,'admin',2,'StoreAttribute','complex_audit','2013-08-28 03:28:26'),
	(467,'admin',2,'StoreAttribute','mini_audit','2013-08-28 03:28:34'),
	(468,'admin',2,'StoreAttribute','content_audit','2013-08-28 03:28:47'),
	(469,'admin',2,'StoreAttribute','market_audit','2013-08-28 03:29:04'),
	(470,'admin',2,'StoreAttribute','search_audit','2013-08-28 03:29:15'),
	(471,'admin',1,'StoreProduct','Аудит сайта','2013-08-28 03:33:18'),
	(472,'admin',2,'StoreProduct','Аудит сайта','2013-08-28 03:34:24'),
	(473,'admin',2,'StoreProduct','Аудит сайта','2013-08-28 03:36:43'),
	(474,'admin',2,'StoreProduct','Аудит сайта','2013-08-28 03:39:14'),
	(475,'admin',2,'StoreProduct','Сообществo вКонтакте','2013-09-03 00:55:06'),
	(476,'admin',2,'StoreProduct','Сообществo в Facebook','2013-09-03 00:55:43'),
	(477,'admin',2,'StoreProductType','CRM системы','2013-09-03 01:10:07'),
	(478,'admin',1,'StoreProduct','CRM система','2013-09-03 01:12:58'),
	(479,'admin',1,'StoreProductType','Хостинг','2013-09-03 02:33:43'),
	(480,'admin',1,'StoreProduct','Amazon хостинг','2013-09-03 02:37:58'),
	(481,'admin',2,'StoreProductType','Хостинг','2013-09-03 02:40:19'),
	(482,'admin',3,'StoreProduct','Amazon хостинг','2013-09-03 02:40:47'),
	(483,'admin',3,'StoreProductType','Хостинг','2013-09-03 02:41:12'),
	(484,'admin',1,'StoreProduct','Amazon хостинг','2013-09-03 03:41:40'),
	(485,'admin',2,'StoreProductType','Тестирование','2013-09-03 04:28:32'),
	(486,'admin',3,'StoreProductType','Тестирование групп в соцсетях','2013-09-03 04:28:57'),
	(487,'admin',3,'StoreProductType','Нейминг тест','2013-09-03 04:28:57'),
	(488,'admin',3,'StoreProductType','Тестирование','2013-09-03 04:28:57'),
	(489,'admin',2,'StoreProductType','Тестирование','2013-09-03 04:29:37'),
	(490,'admin',1,'StoreAttribute','test_prototype','2013-09-03 04:54:41'),
	(491,'admin',1,'StoreAttribute','test_ropo','2013-09-03 04:56:02'),
	(492,'admin',1,'StoreAttribute','test_benchmark','2013-09-03 04:57:57'),
	(493,'admin',1,'StoreAttribute','test_game','2013-09-03 04:59:17'),
	(494,'admin',1,'StoreAttribute','test_classic','2013-09-03 05:00:48'),
	(495,'admin',1,'StoreAttribute','test_search','2013-09-03 05:02:57'),
	(496,'admin',1,'StoreAttribute','test_market','2013-09-03 05:04:35'),
	(497,'admin',1,'StoreAttribute','test_speed','2013-09-03 05:13:06'),
	(498,'admin',2,'StoreAttribute','test_speed','2013-09-03 05:13:19'),
	(499,'admin',2,'StoreProductType','Тестирование','2013-09-03 05:14:40'),
	(500,'admin',1,'StoreProduct','Тестирование','2013-09-03 05:21:39'),
	(501,'admin',2,'StoreProduct','Тестирование','2013-09-03 05:25:10');

/*!40000 ALTER TABLE `ActionLog` ENABLE KEYS */;
UNLOCK TABLES;


# Dump of table AuthAssignment
# ------------------------------------------------------------

DROP TABLE IF EXISTS `AuthAssignment`;

CREATE TABLE `AuthAssignment` (
  `itemname` varchar(64) NOT NULL,
  `userid` varchar(64) NOT NULL,
  `bizrule` text,
  `data` text,
  PRIMARY KEY (`itemname`,`userid`)
) ENGINE=MyISAM DEFAULT CHARSET=utf8;

LOCK TABLES `AuthAssignment` WRITE;
/*!40000 ALTER TABLE `AuthAssignment` DISABLE KEYS */;
INSERT INTO `AuthAssignment` (`itemname`,`userid`,`bizrule`,`data`)
VALUES
	('Admin','1',NULL,NULL);

/*!40000 ALTER TABLE `AuthAssignment` ENABLE KEYS */;
UNLOCK TABLES;


# Dump of table AuthItem
# ------------------------------------------------------------

DROP TABLE IF EXISTS `AuthItem`;

CREATE TABLE `AuthItem` (
  `name` varchar(64) NOT NULL,
  `type` int(11) NOT NULL,
  `description` text,
  `bizrule` text,
  `data` text,
  PRIMARY KEY (`name`)
) ENGINE=MyISAM DEFAULT CHARSET=utf8;

LOCK TABLES `AuthItem` WRITE;
/*!40000 ALTER TABLE `AuthItem` DISABLE KEYS */;
INSERT INTO `AuthItem` (`name`,`type`,`description`,`bizrule`,`data`)
VALUES
	('Admin',2,NULL,NULL,'N;'),
	('Authenticated',2,NULL,NULL,'N;'),
	('Guest',2,NULL,NULL,'N;');

/*!40000 ALTER TABLE `AuthItem` ENABLE KEYS */;
UNLOCK TABLES;


# Dump of table AuthItemChild
# ------------------------------------------------------------

DROP TABLE IF EXISTS `AuthItemChild`;

CREATE TABLE `AuthItemChild` (
  `parent` varchar(64) NOT NULL,
  `child` varchar(64) NOT NULL,
  PRIMARY KEY (`parent`,`child`),
  KEY `child` (`child`)
) ENGINE=MyISAM DEFAULT CHARSET=utf8;



# Dump of table cities
# ------------------------------------------------------------

DROP TABLE IF EXISTS `cities`;

CREATE TABLE `cities` (
  `city_id` int(8) NOT NULL DEFAULT '0',
  `country_id` int(10) DEFAULT NULL,
  `name` varchar(57) DEFAULT NULL,
  PRIMARY KEY (`city_id`)
) ENGINE=MyISAM DEFAULT CHARSET=utf8;

LOCK TABLES `cities` WRITE;
/*!40000 ALTER TABLE `cities` DISABLE KEYS */;
INSERT INTO `cities` (`city_id`,`country_id`,`name`)
VALUES
	(4400,3159,'Москва'),
	(4313,3159,'Абрамцево'),
	(4314,3159,'Алабино'),
	(4315,3159,'Апрелевка'),
	(4316,3159,'Архангельское'),
	(4317,3159,'Ашитково'),
	(7592923,3159,'Байконур'),
	(4318,3159,'Бакшеево'),
	(4319,3159,'Балашиха'),
	(4320,3159,'Барыбино'),
	(4321,3159,'Белоомут'),
	(4322,3159,'Белые Столбы'),
	(4323,3159,'Бородино'),
	(4324,3159,'Бронницы'),
	(4325,3159,'Быково'),
	(4326,3159,'Валуево'),
	(4327,3159,'Вербилки'),
	(4328,3159,'Верея'),
	(4329,3159,'Видное'),
	(4330,3159,'Внуково'),
	(4331,3159,'Вождь Пролетариата'),
	(4332,3159,'Волоколамск'),
	(4333,3159,'Вороново'),
	(4334,3159,'Воскресенск'),
	(4335,3159,'Восточный'),
	(4336,3159,'Востряково'),
	(4337,3159,'Высоковск'),
	(4338,3159,'Голицино'),
	(4339,3159,'Деденево'),
	(4340,3159,'Дедовск'),
	(4341,3159,'Джержинский'),
	(4342,3159,'Дмитров'),
	(4343,3159,'Долгопрудный'),
	(4344,3159,'Домодедово'),
	(4345,3159,'Дорохово'),
	(4346,3159,'Дрезна'),
	(4347,3159,'Дубки'),
	(4348,3159,'Дубна'),
	(4349,3159,'Егорьевск'),
	(4350,3159,'Железнодорожный'),
	(4351,3159,'Жилево'),
	(4352,3159,'Жуковский'),
	(4353,3159,'Загорск'),
	(4354,3159,'Загорянский'),
	(4355,3159,'Запрудная'),
	(4356,3159,'Зарайск'),
	(4357,3159,'Звенигород'),
	(4358,3159,'Зеленоград'),
	(4359,3159,'Ивантеевка'),
	(4360,3159,'Икша'),
	(4361,3159,'Ильинский'),
	(4362,3159,'Истра'),
	(4363,3159,'Калининград'),
	(4364,3159,'Кашира'),
	(4365,3159,'Керва'),
	(4366,3159,'Климовск'),
	(4367,3159,'Клин'),
	(4368,3159,'Клязьма'),
	(4369,3159,'Кожино'),
	(4370,3159,'Кокошкино'),
	(4371,3159,'Коломна'),
	(4372,3159,'Колюбакино'),
	(3118538,3159,'Королев'),
	(4373,3159,'Косино'),
	(4374,3159,'Котельники'),
	(4375,3159,'Красково'),
	(4376,3159,'Красноармейск'),
	(4377,3159,'Красногорск'),
	(4378,3159,'Краснозаводск'),
	(7593075,3159,'Краснознаменск'),
	(4379,3159,'Красный Ткач'),
	(4380,3159,'Крюково'),
	(4381,3159,'Кубинка'),
	(4382,3159,'Купавна'),
	(4383,3159,'Куровское'),
	(4384,3159,'Лесной Городок'),
	(4385,3159,'Ликино-Дулево'),
	(4386,3159,'Лобня'),
	(4387,3159,'Лопатинский'),
	(4388,3159,'Лосино-Петровский'),
	(4389,3159,'Лотошино'),
	(4390,3159,'Лукино'),
	(4391,3159,'Луховицы'),
	(4392,3159,'Лыткарино'),
	(4393,3159,'Львовский'),
	(4394,3159,'Люберцы'),
	(4395,3159,'Малаховка'),
	(4396,3159,'Михайловское'),
	(4397,3159,'Михнево'),
	(4398,3159,'Можайск'),
	(4399,3159,'Монино'),
	(4401,3159,'Муханово'),
	(4402,3159,'Мытищи'),
	(4403,3159,'Нарофоминск'),
	(4404,3159,'Нахабино'),
	(4405,3159,'Некрасовка'),
	(4406,3159,'Немчиновка'),
	(4407,3159,'Новобратцевский'),
	(4408,3159,'Новоподрезково'),
	(4409,3159,'Ногинск'),
	(4410,3159,'Обухово'),
	(4411,3159,'Одинцово'),
	(4412,3159,'Ожерелье'),
	(4413,3159,'Озеры'),
	(4414,3159,'Октябрьский'),
	(4415,3159,'Опалиха'),
	(4416,3159,'Орехово-Зуево'),
	(4417,3159,'Павловский Посад'),
	(4418,3159,'Первомайский'),
	(4419,3159,'Пески'),
	(4420,3159,'Пироговский'),
	(4421,3159,'Подольск'),
	(4422,3159,'Полушкино'),
	(4423,3159,'Правдинский'),
	(4424,3159,'Привокзальный'),
	(4425,3159,'Пролетарский'),
	(3138841,3159,'Протвино'),
	(4426,3159,'Пушкино'),
	(4427,3159,'Пущино'),
	(4428,3159,'Радовицкий'),
	(4429,3159,'Раменское'),
	(4430,3159,'Реутов'),
	(4431,3159,'Решетниково'),
	(4432,3159,'Родники'),
	(4433,3159,'Рошаль'),
	(4434,3159,'Рублево'),
	(4435,3159,'Руза'),
	(4436,3159,'Салтыковка'),
	(4437,3159,'Северный'),
	(4438,3159,'Сергиев Посад'),
	(4439,3159,'Серебряные Пруды'),
	(4440,3159,'Серпухов'),
	(4441,3159,'Солнечногорск'),
	(4442,3159,'Солнцево'),
	(4443,3159,'Софрино'),
	(4444,3159,'Старая Купавна'),
	(4445,3159,'Старбеево'),
	(4446,3159,'Ступино'),
	(4447,3159,'Сходня'),
	(4448,3159,'Талдом'),
	(4449,3159,'Текстильщик'),
	(4450,3159,'Темпы'),
	(4451,3159,'Тишково'),
	(4452,3159,'Томилино'),
	(4453,3159,'Троицк'),
	(4454,3159,'Туголесский Бор'),
	(4455,3159,'Тучково'),
	(4456,3159,'Уваровка'),
	(4457,3159,'Удельная'),
	(4458,3159,'Успенское'),
	(4459,3159,'Фирсановка'),
	(4460,3159,'Фосфоритный'),
	(4461,3159,'Фрязино'),
	(4462,3159,'Фряново'),
	(4463,3159,'Химки'),
	(4464,3159,'Хорлово'),
	(4465,3159,'Хотьково'),
	(4466,3159,'Черкизово'),
	(4467,3159,'Черноголовка'),
	(4468,3159,'Черусти'),
	(4469,3159,'Чехов'),
	(4470,3159,'Шарапово'),
	(4471,3159,'Шатура'),
	(4472,3159,'Шатурторф'),
	(4473,3159,'Шаховская'),
	(4474,3159,'Шереметьевский'),
	(4475,3159,'Щелково'),
	(4476,3159,'Щербинка'),
	(4477,3159,'Электрогорск'),
	(4478,3159,'Электросталь'),
	(4479,3159,'Электроугли'),
	(4480,3159,'Яхрома'),
	(4962,3159,'Санкт-Петербург'),
	(4926,3159,'Александровская'),
	(4927,3159,'Бокситогорск'),
	(4928,3159,'Большая Ижора'),
	(4929,3159,'Будогощь'),
	(4930,3159,'Вознесенье'),
	(4931,3159,'Волосово'),
	(4932,3159,'Волхов'),
	(4933,3159,'Всеволожск'),
	(4934,3159,'Выборг'),
	(4935,3159,'Вырица'),
	(4936,3159,'Высоцк'),
	(4937,3159,'Гатчина'),
	(4938,3159,'Дружная Горка'),
	(4939,3159,'Дубровка'),
	(4940,3159,'Ефимовский'),
	(4941,3159,'Зеленогорск'),
	(4942,3159,'Ивангород'),
	(4943,3159,'Каменногорск'),
	(4944,3159,'Кикерино'),
	(4945,3159,'Кингисепп'),
	(4946,3159,'Кириши'),
	(4947,3159,'Кировск'),
	(4948,3159,'Кобринское'),
	(4949,3159,'Колпино'),
	(10500023,3159,'Коммунар'),
	(4950,3159,'Кронштадт'),
	(4952,3159,'Лисий Нос'),
	(4953,3159,'Лодейное Поле'),
	(4954,3159,'Ломоносов'),
	(4955,3159,'Луга'),
	(4956,3159,'Павловск'),
	(4957,3159,'Парголово'),
	(4958,3159,'Петродворец'),
	(10504604,3159,'Пикалёво'),
	(4959,3159,'Подпорожье'),
	(4960,3159,'Приозерск'),
	(4961,3159,'Пушкин'),
	(4964,3159,'Сестрорецк'),
	(4965,3159,'Сланцы'),
	(4966,3159,'Сосновый Бор'),
	(4967,3159,'Тихвин'),
	(4968,3159,'Тосно'),
	(1924532,3159,'Шлиссельбург'),
	(1998584,3159,'Адыгейск'),
	(1998542,3159,'Майкоп'),
	(3161,3159,'Акташ'),
	(3162,3159,'Акутиха'),
	(3163,3159,'Алейск'),
	(3164,3159,'Алтайский'),
	(3165,3159,'Баево'),
	(3166,3159,'Барнаул'),
	(3167,3159,'Белово'),
	(3168,3159,'Белокуриха'),
	(3169,3159,'Белоярск'),
	(3170,3159,'Бийск'),
	(3171,3159,'Благовещенск'),
	(3172,3159,'Боровлянка'),
	(3173,3159,'Бурла'),
	(3174,3159,'Бурсоль'),
	(3175,3159,'Волчиха'),
	(3176,3159,'Горно-Алтайск'),
	(3177,3159,'Горняк'),
	(3178,3159,'Ельцовка'),
	(3179,3159,'Залесово'),
	(3180,3159,'Заринск'),
	(3181,3159,'Заток'),
	(3182,3159,'Змеиногорск'),
	(3183,3159,'Камень-на-Оби'),
	(3184,3159,'Ключи'),
	(3185,3159,'Кош-Агач'),
	(3186,3159,'Красногорское'),
	(3187,3159,'Краснощеково'),
	(3188,3159,'Кулунда'),
	(3189,3159,'Кытманово'),
	(3190,3159,'Мамонтово'),
	(3191,3159,'Новичиха'),
	(3192,3159,'Новоалтайск'),
	(3193,3159,'Онгудай'),
	(3194,3159,'Павловск'),
	(3195,3159,'Петропавловское'),
	(3196,3159,'Поспелиха'),
	(3197,3159,'Ребриха'),
	(3198,3159,'Родино'),
	(3199,3159,'Рубцовск'),
	(3200,3159,'Славгород'),
	(3201,3159,'Смоленское'),
	(3202,3159,'Солонешное'),
	(3203,3159,'Солтон'),
	(3204,3159,'Староаллейское'),
	(3205,3159,'Табуны'),
	(3206,3159,'Тальменка'),
	(3207,3159,'Топчиха'),
	(3208,3159,'Троицкое'),
	(3209,3159,'Турочак'),
	(3210,3159,'Тюменцево'),
	(3211,3159,'Угловское'),
	(3212,3159,'Усть-Калманка'),
	(3213,3159,'Усть-Кан'),
	(3214,3159,'Усть-Кокса'),
	(3215,3159,'Усть-Улаган'),
	(3216,3159,'Усть-Чарышская Пристань'),
	(3217,3159,'Хабары'),
	(3218,3159,'Целинное'),
	(3219,3159,'Чарышское'),
	(3220,3159,'Шебалино'),
	(3221,3159,'Шелаболиха'),
	(3222,3159,'Шипуново'),
	(3224,3159,'Айгунь'),
	(3225,3159,'Архара'),
	(3226,3159,'Белогорск'),
	(3227,3159,'Благовещенск (Амурская обл.)'),
	(3228,3159,'Бурея'),
	(3229,3159,'Возжаевка'),
	(3230,3159,'Екатеринославка'),
	(3231,3159,'Ерофей Павлович'),
	(3232,3159,'Завитинск'),
	(3233,3159,'Зея'),
	(3234,3159,'Златоустовск'),
	(3235,3159,'Ивановка'),
	(3236,3159,'Коболдо'),
	(3237,3159,'Магдагачи'),
	(3238,3159,'Новобурейский'),
	(3239,3159,'Поярково'),
	(3240,3159,'Райчихинск'),
	(3241,3159,'Ромны'),
	(3242,3159,'Свободный'),
	(3243,3159,'Серышево'),
	(3244,3159,'Сковородино'),
	(3245,3159,'Стойба'),
	(3246,3159,'Тамбовка'),
	(3247,3159,'Тында'),
	(3248,3159,'Шимановск'),
	(3249,3159,'Экимчан'),
	(3250,3159,'Ядрино'),
	(3252,3159,'Амдерма'),
	(3253,3159,'Архангельск'),
	(3254,3159,'Березник'),
	(3255,3159,'Вельск'),
	(3256,3159,'Верхняя Тойма'),
	(3257,3159,'Волошка'),
	(3258,3159,'Вычегодский'),
	(3259,3159,'Емца'),
	(3260,3159,'Илеза'),
	(3261,3159,'Ильинско-Подомское'),
	(3262,3159,'Каргополь'),
	(3263,3159,'Карпогоры'),
	(3264,3159,'Кодино'),
	(3265,3159,'Коноша'),
	(3266,3159,'Коряжма'),
	(3267,3159,'Котлас'),
	(3268,3159,'Красноборск'),
	(3269,3159,'Лешуконское'),
	(3270,3159,'Мезень'),
	(1924171,3159,'Мирный'),
	(3271,3159,'Нарьян-Мар'),
	(3272,3159,'Новодвинск'),
	(3273,3159,'Няндома'),
	(3274,3159,'Онега'),
	(3275,3159,'Пинега'),
	(3276,3159,'Плесецк'),
	(3277,3159,'Северодвинск'),
	(3278,3159,'Сольвычегодск'),
	(3279,3159,'Холмогоры'),
	(3280,3159,'Шенкурск'),
	(3281,3159,'Яренск'),
	(3283,3159,'Астрахань'),
	(3284,3159,'Ахтубинск'),
	(3285,3159,'Верхний Баскунчак'),
	(3286,3159,'Володарский'),
	(3287,3159,'Енотаевка'),
	(3288,3159,'Икряное'),
	(3289,3159,'Камызяк'),
	(3290,3159,'Капустин Яр'),
	(3291,3159,'Красный Яр'),
	(3292,3159,'Лиман'),
	(3293,3159,'Началово'),
	(3294,3159,'Харабали'),
	(3295,3159,'Черный Яр'),
	(3297,3159,'Аксаково'),
	(3298,3159,'Амзя'),
	(3299,3159,'Аскино'),
	(3300,3159,'Баймак'),
	(3301,3159,'Бакалы'),
	(3302,3159,'Белебей'),
	(3303,3159,'Белорецк'),
	(3304,3159,'Бижбуляк'),
	(3305,3159,'Бирск'),
	(3306,3159,'Благовещенск'),
	(3307,3159,'Большеустьикинское'),
	(1929637,3159,'Бураево'),
	(3308,3159,'Верхнеяркеево'),
	(3309,3159,'Верхние Киги'),
	(3310,3159,'Верхние Татышлы'),
	(3311,3159,'Верхний Авзян'),
	(3312,3159,'Давлеканово'),
	(3313,3159,'Дуван'),
	(3314,3159,'Дюртюли'),
	(3315,3159,'Ермекеево'),
	(3316,3159,'Ермолаево'),
	(3317,3159,'Зилаир'),
	(3318,3159,'Зирган'),
	(3319,3159,'Иглино'),
	(3320,3159,'Инзер'),
	(3321,3159,'Исянгулово'),
	(3322,3159,'Ишимбай'),
	(3323,3159,'Кананикольское'),
	(3324,3159,'Кандры'),
	(3325,3159,'Караидель'),
	(3326,3159,'Караидельский'),
	(3327,3159,'Киргиз-Мияки'),
	(3328,3159,'Красноусольский'),
	(3329,3159,'Кумертау'),
	(3330,3159,'Кушнаренково'),
	(3331,3159,'Малояз'),
	(3332,3159,'Мелеуз'),
	(3333,3159,'Месягутово'),
	(3334,3159,'Мраково'),
	(3335,3159,'Нефтекамск'),
	(3336,3159,'Октябрьский'),
	(3337,3159,'Раевский'),
	(3338,3159,'Салават'),
	(3339,3159,'Сибай'),
	(3340,3159,'Старобалтачево'),
	(3341,3159,'Старосубхангулово'),
	(3342,3159,'Стерлибашево'),
	(3343,3159,'Стерлитамак'),
	(3344,3159,'Туймазы'),
	(3345,3159,'Уфа'),
	(3346,3159,'Учалы'),
	(3347,3159,'Федоровка'),
	(3348,3159,'Чекмагуш'),
	(3349,3159,'Чишмы'),
	(3350,3159,'Шаран'),
	(3351,3159,'Янаул'),
	(3353,3159,'Алексеевка'),
	(3354,3159,'Белгород'),
	(3355,3159,'Борисовка'),
	(3356,3159,'Валуйки'),
	(3357,3159,'Вейделевка'),
	(3358,3159,'Волоконовка'),
	(3359,3159,'Грайворон'),
	(3360,3159,'Губкин'),
	(3361,3159,'Ивня'),
	(3362,3159,'Короча'),
	(3363,3159,'Красногвардейское'),
	(3364,3159,'Новый Оскол'),
	(3365,3159,'Ракитное'),
	(3366,3159,'Ровеньки'),
	(3367,3159,'Старый Оскол'),
	(3368,3159,'Строитель'),
	(3369,3159,'Чернянка'),
	(3370,3159,'Шебекино'),
	(3372,3159,'Алтухово'),
	(3373,3159,'Белая Березка'),
	(3374,3159,'Белые Берега'),
	(3375,3159,'Большое Полпино'),
	(3376,3159,'Брянск'),
	(3377,3159,'Бытошь'),
	(3378,3159,'Выгоничи'),
	(3379,3159,'Вышков'),
	(3380,3159,'Гордеевка'),
	(3381,3159,'Дубровка'),
	(3881459,3159,'Дятьково'),
	(3382,3159,'Жирятино'),
	(3383,3159,'Жуковка'),
	(3384,3159,'Злынка'),
	(3385,3159,'Ивот'),
	(3386,3159,'Карачев'),
	(3387,3159,'Клетня'),
	(3388,3159,'Климово'),
	(3389,3159,'Клинцы'),
	(3390,3159,'Кокаревка'),
	(3391,3159,'Комаричи'),
	(3392,3159,'Красная Гора'),
	(3393,3159,'Локоть'),
	(3394,3159,'Мглин'),
	(3395,3159,'Навля'),
	(3396,3159,'Новозыбков'),
	(3397,3159,'Погар'),
	(3398,3159,'Почеп'),
	(3399,3159,'Ржаница'),
	(3400,3159,'Рогнедино'),
	(3401,3159,'Севск'),
	(3402,3159,'Стародуб'),
	(3403,3159,'Суземка'),
	(3404,3159,'Сураж'),
	(3405,3159,'Трубчевск'),
	(3406,3159,'Унеча'),
	(3408,3159,'Бабушкин'),
	(3409,3159,'Багдарин'),
	(3410,3159,'Баргузин'),
	(3411,3159,'Баянгол'),
	(3412,3159,'Бичура'),
	(3413,3159,'Выдрино'),
	(3414,3159,'Гусиное Озеро'),
	(3415,3159,'Гусиноозерск'),
	(3416,3159,'Заиграево'),
	(3417,3159,'Закаменск'),
	(3418,3159,'Иволгинск'),
	(3419,3159,'Илька'),
	(3420,3159,'Кабанск'),
	(3421,3159,'Каменск'),
	(3422,3159,'Кижинга'),
	(3423,3159,'Курумкан'),
	(3424,3159,'Кырен'),
	(3425,3159,'Кяхта'),
	(3426,3159,'Монды'),
	(3427,3159,'Мухоршибирь'),
	(3428,3159,'Нижнеангарск'),
	(3429,3159,'Орлик'),
	(3430,3159,'Петропавловка'),
	(3431,3159,'Романовка'),
	(5555962,3159,'Северобайкальск'),
	(3432,3159,'Селенгинск'),
	(3433,3159,'Сосново-Озерское'),
	(3145145,3159,'Таксимо'),
	(3434,3159,'Турунтаево'),
	(3435,3159,'Улан-Удэ'),
	(3436,3159,'Хоринск'),
	(3438,3159,'Александров'),
	(3439,3159,'Андреево'),
	(3440,3159,'Анопино'),
	(3441,3159,'Бавлены'),
	(3442,3159,'Балакирево'),
	(3443,3159,'Боголюбово'),
	(3444,3159,'Великодворский'),
	(3445,3159,'Вербовский'),
	(3446,3159,'Владимир'),
	(3447,3159,'Вязники'),
	(3448,3159,'Городищи'),
	(3449,3159,'Гороховец'),
	(3450,3159,'Гусевский'),
	(3451,3159,'Гусь Хрустальный'),
	(3452,3159,'Золотково'),
	(3453,3159,'Иванищи'),
	(3454,3159,'Камешково'),
	(3455,3159,'Карабаново'),
	(3456,3159,'Киржач'),
	(3457,3159,'Ковров'),
	(3458,3159,'Кольчугино'),
	(3459,3159,'Красная Горбатка'),
	(3460,3159,'Меленки'),
	(3461,3159,'Муром'),
	(3462,3159,'Петушки'),
	(3463,3159,'Покров'),
	(3464,3159,'Собинка'),
	(3465,3159,'Судогда'),
	(3466,3159,'Суздаль'),
	(3467,3159,'Юрьев-Польский'),
	(3469,3159,'Алексеевская'),
	(3470,3159,'Алущевск'),
	(3471,3159,'Быково'),
	(3472,3159,'Волгоград'),
	(3473,3159,'Волжский'),
	(3474,3159,'Городище'),
	(3475,3159,'Дубовка'),
	(3476,3159,'Елань'),
	(3477,3159,'Жирновск'),
	(3478,3159,'Иловля'),
	(3479,3159,'Калач-на-Дону'),
	(3480,3159,'Камышин'),
	(10500382,3159,'Кириллов'),
	(3481,3159,'Клетский'),
	(3482,3159,'Котельниково'),
	(3483,3159,'Котово'),
	(3484,3159,'Кумылженская'),
	(3485,3159,'Ленинск'),
	(3486,3159,'Михайловка'),
	(3487,3159,'Нехаевский'),
	(3488,3159,'Николаевск'),
	(3489,3159,'Новоаннинский'),
	(3490,3159,'Новониколаевский'),
	(3491,3159,'Ольховка'),
	(3492,3159,'Палласовка'),
	(3493,3159,'Рудня'),
	(3494,3159,'Светлый Яр'),
	(3495,3159,'Серафимович'),
	(3496,3159,'Средняя Ахтуба'),
	(3497,3159,'Сталинград'),
	(3498,3159,'Старая Полтавка'),
	(3499,3159,'Суровикино'),
	(3500,3159,'Урюпинск'),
	(3501,3159,'Фролово'),
	(3502,3159,'Чернышковский'),
	(3504,3159,'Бабаево'),
	(3505,3159,'Белозерск'),
	(3506,3159,'Великий Устюг'),
	(3507,3159,'Верховажье'),
	(3508,3159,'Вожега'),
	(3509,3159,'Вологда'),
	(3510,3159,'Вохтога'),
	(3511,3159,'Вытегра'),
	(3512,3159,'Грязовец'),
	(3513,3159,'Кадников'),
	(3514,3159,'Кадуй'),
	(3515,3159,'Кичменгский Городок'),
	(3516,3159,'Липин Бор'),
	(3517,3159,'Никольск'),
	(3518,3159,'Нюксеница'),
	(3519,3159,'Сокол'),
	(3520,3159,'Сямжа'),
	(3521,3159,'Тарногский Городок'),
	(3522,3159,'Тотьма'),
	(3523,3159,'Устюжна'),
	(3524,3159,'Харовск'),
	(3525,3159,'Чагода'),
	(3526,3159,'Череповец'),
	(3527,3159,'Шексна'),
	(3528,3159,'Шуйское'),
	(3530,3159,'Анна'),
	(3531,3159,'Бобров'),
	(3532,3159,'Богучар'),
	(3533,3159,'Борисоглебск'),
	(3534,3159,'Бутурлиновка'),
	(3535,3159,'Верхний Мамон'),
	(3536,3159,'Верхняя Хава'),
	(3537,3159,'Воробьевка'),
	(3538,3159,'Воронеж'),
	(3540,3159,'Грибановский'),
	(3541,3159,'Давыдовка'),
	(3542,3159,'Елань-Коленовский'),
	(3543,3159,'Калач'),
	(3544,3159,'Кантемировка'),
	(3539,3159,'Лиски'),
	(3545,3159,'Нижнедевицк'),
	(3546,3159,'Новая Усмань'),
	(3547,3159,'Новохоперск'),
	(3548,3159,'Ольховатка'),
	(3549,3159,'Острогожск'),
	(3550,3159,'Павловск'),
	(3551,3159,'Панино'),
	(3552,3159,'Петропавловка'),
	(3553,3159,'Поворино'),
	(3554,3159,'Подгоренский'),
	(3555,3159,'Рамонь'),
	(3556,3159,'Репьевка'),
	(3557,3159,'Россошь'),
	(3558,3159,'Семилуки'),
	(3559,3159,'Таловая'),
	(3560,3159,'Терновка'),
	(3561,3159,'Хохольский'),
	(3562,3159,'Эртиль'),
	(2052982,3159,'нововоронеж'),
	(3631,3159,'Агвали'),
	(3632,3159,'Акуша'),
	(3633,3159,'Ахты'),
	(3634,3159,'Ачису'),
	(3635,3159,'Бабаюрт'),
	(3636,3159,'Бежта'),
	(3637,3159,'Ботлих'),
	(3638,3159,'Буйнакск'),
	(3639,3159,'Вачи'),
	(3640,3159,'Гергебиль'),
	(3641,3159,'Гуниб'),
	(3642,3159,'Дагестанские Огни'),
	(3643,3159,'Дербент'),
	(3644,3159,'Дылым'),
	(3645,3159,'Ершовка'),
	(3646,3159,'Избербаш'),
	(3647,3159,'Карабудахкент'),
	(3648,3159,'Карата'),
	(3649,3159,'Каспийск'),
	(3650,3159,'Касумкент'),
	(3651,3159,'Кизилюрт'),
	(3652,3159,'Кизляр'),
	(3653,3159,'Кочубей'),
	(3654,3159,'Кумух'),
	(3655,3159,'Курах'),
	(3656,3159,'Магарамкент'),
	(3657,3159,'Маджалис'),
	(3658,3159,'Махачкала'),
	(3659,3159,'Мехельта'),
	(3660,3159,'Новолакское'),
	(3661,3159,'Рутул'),
	(3662,3159,'Советское'),
	(3663,3159,'Тарумовка'),
	(3664,3159,'Терекли-Мектеб'),
	(3665,3159,'Тлярата'),
	(3666,3159,'Тпиг'),
	(3667,3159,'Уркарах'),
	(3668,3159,'Хасавюрт'),
	(3669,3159,'Хив'),
	(3670,3159,'Хунзах'),
	(3671,3159,'Цуриб'),
	(3672,3159,'Южно-Сухокумск'),
	(3674,3159,'Биробиджан'),
	(3676,3159,'Архиповка'),
	(3677,3159,'Верхний Ландех'),
	(3678,3159,'Вичуга'),
	(3679,3159,'Гаврилов Посад'),
	(3680,3159,'Долматовский'),
	(3681,3159,'Дуляпино'),
	(3682,3159,'Заволжск'),
	(3683,3159,'Заречный'),
	(3684,3159,'Иваново'),
	(3685,3159,'Иваньковский'),
	(3686,3159,'Ильинское-Хованское'),
	(3687,3159,'Каминский'),
	(3688,3159,'Кинешма'),
	(3689,3159,'Комсомольск'),
	(5908265,3159,'Кохма'),
	(3690,3159,'Лух'),
	(3691,3159,'Палех'),
	(3692,3159,'Пестяки'),
	(3693,3159,'Приволжск'),
	(3694,3159,'Пучеж'),
	(3695,3159,'Родники'),
	(3696,3159,'Савино'),
	(3697,3159,'Сокольское'),
	(3698,3159,'Тейково'),
	(3699,3159,'Фурманов'),
	(3700,3159,'Шуя'),
	(3701,3159,'Южа'),
	(3702,3159,'Юрьевец'),
	(3704,3159,'Алексеевск'),
	(3705,3159,'Алзамай'),
	(3706,3159,'Алыгжер'),
	(3707,3159,'Ангарск'),
	(3708,3159,'Артемовский'),
	(3709,3159,'Атагай'),
	(3710,3159,'Байкал'),
	(3711,3159,'Байкальск'),
	(3712,3159,'Балаганск'),
	(3713,3159,'Баяндай'),
	(3714,3159,'Бирюсинск'),
	(3715,3159,'Бодайбо'),
	(3716,3159,'Большая Речка'),
	(3717,3159,'Большой Луг'),
	(3718,3159,'Бохан'),
	(3719,3159,'Братск'),
	(3720,3159,'Видим'),
	(3721,3159,'Витимский'),
	(3722,3159,'Вихоревка'),
	(3723,3159,'Еланцы'),
	(3724,3159,'Ербогачен'),
	(3725,3159,'Железногорск-Илимский'),
	(3726,3159,'Жигалово'),
	(3727,3159,'Забитуй'),
	(3728,3159,'Залари'),
	(3729,3159,'Звездный'),
	(3730,3159,'Зима'),
	(3731,3159,'Иркутск'),
	(3732,3159,'Казачинское'),
	(3733,3159,'Качуг'),
	(3734,3159,'Квиток'),
	(3735,3159,'Киренск'),
	(3736,3159,'Куйтун'),
	(3411741,3159,'Култук'),
	(3737,3159,'Кутулик'),
	(3738,3159,'Мама'),
	(3739,3159,'Нижнеудинск'),
	(3740,3159,'Оса'),
	(2116660,3159,'Саянск'),
	(3741,3159,'Слюдянка'),
	(3742,3159,'Тайшет'),
	(3743,3159,'Тулун'),
	(3744,3159,'Усолье-Сибирское'),
	(3745,3159,'Усть-Илимск'),
	(3746,3159,'Усть-Кут'),
	(3747,3159,'Усть-Ордынский'),
	(3748,3159,'Усть-Уда'),
	(3749,3159,'Черемхово'),
	(3138835,3159,'Чунский'),
	(3750,3159,'Шелехов'),
	(3752,3159,'Баксан'),
	(3753,3159,'Майский'),
	(3754,3159,'Нальчик'),
	(3755,3159,'Нарткала'),
	(3756,3159,'Прохладный'),
	(3757,3159,'Советское'),
	(3758,3159,'Терек'),
	(3759,3159,'Тырныауз'),
	(3760,3159,'Чегем-Первый'),
	(3762,3159,'Багратионовск'),
	(3763,3159,'Балтийск'),
	(3764,3159,'Гвардейск'),
	(3765,3159,'Гурьевск'),
	(3766,3159,'Гусев'),
	(3767,3159,'Железнодорожный'),
	(3768,3159,'Зеленоградск'),
	(3769,3159,'Знаменск'),
	(1925143,3159,'Кёнигсберг'),
	(3770,3159,'Калининград'),
	(3771,3159,'Кенисберг'),
	(3772,3159,'Краснознаменск'),
	(3773,3159,'Мамоново'),
	(3774,3159,'Неман'),
	(3775,3159,'Нестеров'),
	(3776,3159,'Озерск'),
	(3777,3159,'Полесск'),
	(3778,3159,'Правдинск'),
	(3779,3159,'Светлогорск'),
	(3780,3159,'Светлый'),
	(3781,3159,'Славск'),
	(3782,3159,'Советск'),
	(3783,3159,'Черняховск'),
	(3828,3159,'Аршань'),
	(3829,3159,'Каспийский'),
	(3830,3159,'Комсомольский'),
	(3831,3159,'Малые Дербеты'),
	(3832,3159,'Приютное'),
	(3833,3159,'Советское'),
	(3834,3159,'Троицкое'),
	(3835,3159,'Утта'),
	(3836,3159,'Цаган-Аман'),
	(3837,3159,'Элиста'),
	(3838,3159,'Юста'),
	(3839,3159,'Яшалта'),
	(3840,3159,'Яшкуль'),
	(3842,3159,'Бабынино'),
	(3843,3159,'Балабаново'),
	(3844,3159,'Барятино'),
	(3845,3159,'Белоусово'),
	(3846,3159,'Бетлица'),
	(3847,3159,'Боровск'),
	(3848,3159,'Дугна'),
	(3849,3159,'Дудоровский'),
	(3850,3159,'Думиничи'),
	(3851,3159,'Еленский'),
	(3852,3159,'Жиздра'),
	(3853,3159,'Износки'),
	(3854,3159,'Калуга'),
	(3855,3159,'Киров'),
	(3856,3159,'Козельск'),
	(3857,3159,'Кондрово'),
	(3858,3159,'Людиново'),
	(3859,3159,'Малоярославец'),
	(3860,3159,'Медынь'),
	(3861,3159,'Мещовск'),
	(3862,3159,'Мосальск'),
	(3863,3159,'Обнинск'),
	(3864,3159,'Перемышль'),
	(3865,3159,'Спас-Деменск'),
	(3866,3159,'Сухиничи'),
	(3867,3159,'Таруса'),
	(3868,3159,'Ульяново'),
	(3869,3159,'Ферзиково'),
	(3870,3159,'Хвастовичи'),
	(3871,3159,'Юхнов'),
	(3873,3159,'Атласово'),
	(3874,3159,'Аянка'),
	(3875,3159,'Большерецк'),
	(12370942,3159,'Вилючинск'),
	(3411630,3159,'Елизово'),
	(3876,3159,'Ильпырский'),
	(3877,3159,'Каменское'),
	(3878,3159,'Кировский'),
	(3879,3159,'Ключи'),
	(3880,3159,'Крапивная'),
	(3881,3159,'Мильково'),
	(3882,3159,'Никольское'),
	(10499672,3159,'Озерновский'),
	(3883,3159,'Оссора'),
	(3884,3159,'Палана'),
	(3885,3159,'Парень'),
	(3886,3159,'Пахачи'),
	(3887,3159,'Петропавловск-Камчатский'),
	(3888,3159,'Тигиль'),
	(3889,3159,'Тиличики'),
	(3890,3159,'Усть-Большерецк'),
	(3891,3159,'Усть-Камчатск'),
	(3893,3159,'Амбарный'),
	(3894,3159,'Беломорск'),
	(3895,3159,'Валаам'),
	(3896,3159,'Вирандозеро'),
	(3897,3159,'Гирвас'),
	(3898,3159,'Деревянка'),
	(3899,3159,'Идель'),
	(3900,3159,'Ильинский'),
	(3901,3159,'Импалахти'),
	(3902,3159,'Калевала'),
	(3903,3159,'Кемь'),
	(3904,3159,'Кестеньга'),
	(3905,3159,'Кондопога'),
	(3906,3159,'Костомукша'),
	(3907,3159,'Лахденпохья'),
	(3908,3159,'Лоухи'),
	(3909,3159,'Медвежьегорск'),
	(3910,3159,'Муезерский'),
	(3911,3159,'Олонец'),
	(3912,3159,'Петрозаводск'),
	(3913,3159,'Питкяранта'),
	(3914,3159,'Повенец'),
	(3915,3159,'Пряжа'),
	(3916,3159,'Пудож'),
	(3917,3159,'Сегежа'),
	(3918,3159,'Сортавала'),
	(3919,3159,'Софпорог'),
	(3920,3159,'Суоярви'),
	(3922,3159,'Анжеро-Судженск'),
	(3923,3159,'Барзас'),
	(3924,3159,'Белово'),
	(3925,3159,'Белогорск'),
	(3926,3159,'Березовский'),
	(3927,3159,'Грамотеино'),
	(3928,3159,'Гурьевск'),
	(3929,3159,'Ижморский'),
	(3930,3159,'Итатский'),
	(3931,3159,'Калтан'),
	(3932,3159,'Кедровка'),
	(3933,3159,'Кемерово'),
	(3934,3159,'Киселевск'),
	(3935,3159,'Крапивинский'),
	(3936,3159,'Ленинск-Кузнецкий'),
	(3937,3159,'Мариинск'),
	(3938,3159,'Междуреченск'),
	(3939,3159,'Мыски'),
	(3940,3159,'Новокузнецк'),
	(3941,3159,'Осинники'),
	(3942,3159,'Прокопьевск'),
	(3943,3159,'Промышленная'),
	(3944,3159,'Тайга'),
	(3945,3159,'Таштагол'),
	(3946,3159,'Тисуль'),
	(3947,3159,'Топки'),
	(3948,3159,'Тяжинский'),
	(3949,3159,'Юрга'),
	(3950,3159,'Яшкино'),
	(3951,3159,'Яя'),
	(3953,3159,'Арбаж'),
	(3954,3159,'Аркуль'),
	(3955,3159,'Белая Холуница'),
	(3956,3159,'Богородское'),
	(3957,3159,'Боровой'),
	(3958,3159,'Верхошижемье'),
	(5556050,3159,'Вятские Поляны'),
	(3959,3159,'Зуевка'),
	(3960,3159,'Каринторф'),
	(3961,3159,'Кикнур'),
	(3962,3159,'Кильмезь'),
	(3963,3159,'Киров'),
	(3964,3159,'Кирово-Чепецк'),
	(3965,3159,'Кирс'),
	(3966,3159,'Кобра'),
	(3967,3159,'Котельнич'),
	(3968,3159,'Кумены'),
	(3969,3159,'Ленинское'),
	(3970,3159,'Луза'),
	(3971,3159,'Малмыж'),
	(3972,3159,'Мураши'),
	(3973,3159,'Нагорск'),
	(3974,3159,'Нема'),
	(3975,3159,'Нововятск'),
	(3976,3159,'Нолинск'),
	(3977,3159,'Омутнинск'),
	(3978,3159,'Опарино'),
	(3979,3159,'Оричи'),
	(3980,3159,'Пижанка'),
	(3981,3159,'Подосиновец'),
	(3982,3159,'Санчурск'),
	(3983,3159,'Свеча'),
	(3984,3159,'Слободской'),
	(3985,3159,'Советск'),
	(3986,3159,'Суна'),
	(3987,3159,'Тужа'),
	(3988,3159,'Уни'),
	(3989,3159,'Уржум'),
	(3990,3159,'Фаленки'),
	(3991,3159,'Халтурин'),
	(3992,3159,'Юрья'),
	(3993,3159,'Яранск'),
	(3995,3159,'Абезь'),
	(3996,3159,'Айкино'),
	(3997,3159,'Верхняя Инта'),
	(3998,3159,'Визинга'),
	(3999,3159,'Водный'),
	(4000,3159,'Вожаель'),
	(4001,3159,'Воркута'),
	(4002,3159,'Вуктыл'),
	(4003,3159,'Гешарт'),
	(4004,3159,'Елецкий'),
	(4005,3159,'Емва'),
	(4006,3159,'Заполярный'),
	(4007,3159,'Ижма'),
	(4008,3159,'Инта'),
	(4009,3159,'Ираель'),
	(4010,3159,'Каджером'),
	(4011,3159,'Кажым'),
	(4012,3159,'Кожым'),
	(4013,3159,'Койгородок'),
	(4014,3159,'Корткерос'),
	(4015,3159,'Кослан'),
	(4016,3159,'Объячево'),
	(4017,3159,'Печора'),
	(4018,3159,'Сосногорск'),
	(4019,3159,'Сыктывкар'),
	(4020,3159,'Троицко-Печерск'),
	(4021,3159,'Усинск'),
	(4022,3159,'Усогорск'),
	(4023,3159,'Усть-Кулом'),
	(4024,3159,'Усть-Цильма'),
	(4025,3159,'Ухта'),
	(4027,3159,'Антропово'),
	(4028,3159,'Боговарово'),
	(4029,3159,'Буй'),
	(4030,3159,'Волгореченск'),
	(4031,3159,'Галич'),
	(4032,3159,'Горчуха'),
	(4033,3159,'Зебляки'),
	(4034,3159,'Кадый'),
	(4035,3159,'Кологрив'),
	(4036,3159,'Кострома'),
	(4037,3159,'Красное-на-Волге'),
	(4038,3159,'Макарьев'),
	(4039,3159,'Мантурово'),
	(4040,3159,'Нерехта'),
	(4041,3159,'Нея'),
	(4042,3159,'Островское'),
	(4043,3159,'Павино'),
	(4044,3159,'Парфентьево'),
	(4045,3159,'Поназырево'),
	(4046,3159,'Солигалич'),
	(4047,3159,'Судиславль'),
	(4048,3159,'Сусанино'),
	(4049,3159,'Чухлома'),
	(4050,3159,'Шарья'),
	(4051,3159,'Шемятино'),
	(4053,3159,'Абинск'),
	(4054,3159,'Абрау-Дюрсо'),
	(4055,3159,'Анапа'),
	(4056,3159,'Апшеронск'),
	(4057,3159,'Армавир'),
	(4058,3159,'Архипо-Осиповка'),
	(4059,3159,'Афипский'),
	(4060,3159,'Ахтырский'),
	(4061,3159,'Ачуево'),
	(4062,3159,'Белореченск'),
	(4063,3159,'Верхнебаканский'),
	(4064,3159,'Выселки'),
	(4065,3159,'Геленджик'),
	(4066,3159,'Гиагинская'),
	(4067,3159,'Горячий Ключ'),
	(4068,3159,'Джубга'),
	(4069,3159,'Динская'),
	(4070,3159,'Ейск'),
	(4071,3159,'Ильский'),
	(4072,3159,'Кабардинка'),
	(4073,3159,'Калинино'),
	(4074,3159,'Калининская'),
	(4075,3159,'Каменномостский'),
	(4076,3159,'Каневская'),
	(4077,3159,'Кореновск'),
	(4078,3159,'Красноармейская'),
	(4079,3159,'Краснодар'),
	(4080,3159,'Кропоткин'),
	(4081,3159,'Крыловская'),
	(4082,3159,'Крымск'),
	(2185858,3159,'Курганинск'),
	(4083,3159,'Кущевская'),
	(4084,3159,'Лабинск'),
	(4085,3159,'Лениградская'),
	(4086,3159,'Майкоп'),
	(4087,3159,'Мостовской'),
	(4088,3159,'Новороссийск'),
	(4089,3159,'Отрадная'),
	(4090,3159,'Павловская'),
	(4091,3159,'Приморско-Ахтарск'),
	(4092,3159,'Северская'),
	(4093,3159,'Славянск-на-Кубани'),
	(4094,3159,'Сочи'),
	(4095,3159,'Староминская'),
	(4096,3159,'Старощербиновская'),
	(4097,3159,'Тбилисская'),
	(4098,3159,'Темрюк'),
	(4099,3159,'Тимашевск'),
	(4100,3159,'Тихорецк'),
	(4101,3159,'Туапсе'),
	(4102,3159,'Тульский'),
	(4103,3159,'Усть-Лабинск'),
	(4104,3159,'Шовгеновский'),
	(10502714,3159,' Железногорск'),
	(4106,3159,'Абаза'),
	(4107,3159,'Абакан'),
	(4108,3159,'Абан'),
	(4109,3159,'Агинское'),
	(4110,3159,'Артемовск'),
	(4111,3159,'Аскиз'),
	(4112,3159,'Ачинск'),
	(4113,3159,'Байкит'),
	(4114,3159,'Балахта'),
	(4115,3159,'Балыкса'),
	(4116,3159,'Белый Яр'),
	(4117,3159,'Бельтырский'),
	(4118,3159,'Бея'),
	(4119,3159,'Бискамжа'),
	(4120,3159,'Боготол'),
	(4121,3159,'Боград'),
	(4122,3159,'Богучаны'),
	(4123,3159,'Большая Мурта'),
	(4124,3159,'Большой Улуй'),
	(4125,3159,'Бородино'),
	(4126,3159,'Ванавара'),
	(4127,3159,'Верхнеимбатск'),
	(4128,3159,'Горячегорск'),
	(4129,3159,'Дзержинское'),
	(4130,3159,'Дивногорск'),
	(4131,3159,'Диксон'),
	(4132,3159,'Дудинка'),
	(4133,3159,'Емельяново'),
	(4134,3159,'Енисейск'),
	(4135,3159,'Ермаковское'),
	(4136,3159,'Заозерный'),
	(3409478,3159,'Зеленогорск'),
	(4137,3159,'Игарка'),
	(4138,3159,'Идринское'),
	(4139,3159,'Иланский'),
	(4140,3159,'Ирбейское'),
	(4141,3159,'Казачинское'),
	(4142,3159,'Канск'),
	(4143,3159,'Каратузское'),
	(4144,3159,'Караул'),
	(4145,3159,'Кежма'),
	(6456567,3159,'Кодинск'),
	(4146,3159,'Козулька'),
	(4147,3159,'Копьево'),
	(4148,3159,'Краснотуранск'),
	(4149,3159,'Красноярск'),
	(4150,3159,'Курагино'),
	(4151,3159,'Лесосибирск'),
	(4152,3159,'Минусинск'),
	(4153,3159,'Мотыгино'),
	(4154,3159,'Назарово'),
	(4155,3159,'Нижний Ингаш'),
	(4156,3159,'Новоселово'),
	(4157,3159,'Норильск'),
	(4158,3159,'Партизанское'),
	(4159,3159,'Пировское'),
	(4160,3159,'Саяногорск'),
	(4161,3159,'Северо-Енисейский'),
	(5020614,3159,'Сосновоборск'),
	(4162,3159,'Тасеево'),
	(4163,3159,'Таштып'),
	(4164,3159,'Тура'),
	(4165,3159,'Туруханск'),
	(4166,3159,'Тюхтет'),
	(4167,3159,'Ужур'),
	(4168,3159,'Усть-Авам'),
	(4169,3159,'Уяр'),
	(4170,3159,'Хатанга'),
	(4171,3159,'Черемушки'),
	(4172,3159,'Черногорск'),
	(4173,3159,'Шалинское'),
	(2479040,3159,'Шарыпово'),
	(4174,3159,'Шира'),
	(4175,3159,'Шушенское'),
	(4177,3159,'Варгаши'),
	(4178,3159,'Глядянское'),
	(4179,3159,'Далматово'),
	(4180,3159,'Каргаполье'),
	(4181,3159,'Катайск'),
	(4182,3159,'Кетово'),
	(4183,3159,'Курган'),
	(4184,3159,'Куртамыш'),
	(4185,3159,'Лебяжье'),
	(4186,3159,'Макушино'),
	(4187,3159,'Мишкино'),
	(4188,3159,'Мокроусово'),
	(4189,3159,'Петухово'),
	(4190,3159,'Половинное'),
	(4191,3159,'Сафакулево'),
	(4192,3159,'Целинное'),
	(4193,3159,'Шадринск'),
	(4194,3159,'Шатрово'),
	(4195,3159,'Шумиха'),
	(4196,3159,'Щучье'),
	(4197,3159,'Юргамыш'),
	(4199,3159,'Альменево'),
	(4200,3159,'Белая'),
	(4201,3159,'Большое Солдатское'),
	(4202,3159,'Глушково'),
	(4203,3159,'Горшечное'),
	(4204,3159,'Дмитриев-Льговский'),
	(4205,3159,'Железногорск'),
	(4206,3159,'Золотухино'),
	(4207,3159,'Касторное'),
	(4208,3159,'Конышевка'),
	(4209,3159,'Коренево'),
	(4210,3159,'Курск'),
	(4211,3159,'Курчатов'),
	(4212,3159,'Кшенский'),
	(4213,3159,'Льгов'),
	(4214,3159,'Мантурово'),
	(4215,3159,'Медвенка'),
	(4216,3159,'Обоянь'),
	(4217,3159,'Поныри'),
	(4218,3159,'Пристень'),
	(4219,3159,'Прямицыно'),
	(4220,3159,'Рыльск'),
	(4221,3159,'Суджа'),
	(4222,3159,'Тим'),
	(4223,3159,'Фатеж'),
	(4224,3159,'Хомутовка'),
	(4225,3159,'Черемисиново'),
	(4226,3159,'Щигры'),
	(4228,3159,'Грязи'),
	(4229,3159,'Данхов'),
	(4230,3159,'Доброе'),
	(4231,3159,'Долгоруково'),
	(4232,3159,'Елец'),
	(4233,3159,'Задонск'),
	(4234,3159,'Измалково'),
	(4235,3159,'Казинка'),
	(4236,3159,'Лебедянь'),
	(4237,3159,'Лев Толстой'),
	(4238,3159,'Липецк'),
	(4239,3159,'Тербуны'),
	(4240,3159,'Усмань'),
	(4241,3159,'Хлевное'),
	(4242,3159,'Чаплыгин'),
	(4244,3159,'Анадырь'),
	(4245,3159,'Атка'),
	(4246,3159,'Балыгычан'),
	(4247,3159,'Беринговский'),
	(4248,3159,'Билибино'),
	(4249,3159,'Большевик'),
	(4250,3159,'Ванкарем'),
	(4251,3159,'Иульитин'),
	(4252,3159,'Кадыкчан'),
	(4253,3159,'Лаврентия'),
	(4254,3159,'Магадан'),
	(4255,3159,'Мыс Шмидта'),
	(4256,3159,'Ола'),
	(4257,3159,'Омонск'),
	(4258,3159,'Омсукчан'),
	(4259,3159,'Палатка'),
	(4260,3159,'Певек'),
	(4261,3159,'Провидения'),
	(4262,3159,'Сеймчан'),
	(4263,3159,'Синегорье'),
	(4264,3159,'Сусуман'),
	(4265,3159,'Усть-Белая'),
	(4266,3159,'Усть-Омчуг'),
	(4267,3159,'Эвенск'),
	(4268,3159,'Эгвекинот'),
	(4269,3159,'Ягодное'),
	(4271,3159,'Волжск'),
	(4272,3159,'Дубовский'),
	(4273,3159,'Звенигово'),
	(4274,3159,'Йошкар-Ола'),
	(4275,3159,'Килемары'),
	(4276,3159,'Козьмодемьянск'),
	(4277,3159,'Куженер'),
	(4278,3159,'Мари-Турек'),
	(4279,3159,'Медведево'),
	(4280,3159,'Морки'),
	(4281,3159,'Новый Торьял'),
	(4282,3159,'Оршанка'),
	(4283,3159,'Параньга'),
	(4284,3159,'Сернур'),
	(4285,3159,'Советский'),
	(4286,3159,'Юрино'),
	(4288,3159,'Ардатов'),
	(4289,3159,'Атюрьево'),
	(4290,3159,'Атяшево'),
	(4291,3159,'Большие Березники'),
	(4292,3159,'Большое Игнатово'),
	(4293,3159,'Выша'),
	(4294,3159,'Ельники'),
	(4295,3159,'Зубова Поляна'),
	(4296,3159,'Инсар'),
	(4297,3159,'Кадошкино'),
	(4298,3159,'Кемля'),
	(4299,3159,'Ковылкино'),
	(4300,3159,'Комсомольский'),
	(4301,3159,'Кочкурово'),
	(4302,3159,'Краснослободск'),
	(4303,3159,'Лямбирь'),
	(4304,3159,'Ромоданово'),
	(4305,3159,'Рузаевка'),
	(4306,3159,'Саранск'),
	(4307,3159,'Старое Шайгово'),
	(4308,3159,'Темников'),
	(4309,3159,'Теньгушево'),
	(4310,3159,'Торбеево'),
	(4311,3159,'Чамзинка'),
	(4482,3159,'Апатиты'),
	(4483,3159,'Африканда'),
	(4484,3159,'Верхнетуломский'),
	(2413243,3159,'Заозерск'),
	(4485,3159,'Заполярный'),
	(4486,3159,'Зареченск'),
	(4487,3159,'Зашеек'),
	(4488,3159,'Зеленоборский'),
	(4489,3159,'Кандалакша'),
	(4490,3159,'Кильдинстрой'),
	(4491,3159,'Кировск'),
	(4492,3159,'Ковдор'),
	(4493,3159,'Кола'),
	(4494,3159,'Конда'),
	(4495,3159,'Мончегорск'),
	(4496,3159,'Мурманск'),
	(4497,3159,'Мурмаши'),
	(4498,3159,'Никель'),
	(4499,3159,'Оленегорск'),
	(5020595,3159,'Полярные Зори'),
	(4500,3159,'Полярный'),
	(4501,3159,'Североморск'),
	(4778470,3159,'Снежногорск'),
	(4502,3159,'Умба'),
	(3564,3159,'Ардатов'),
	(3565,3159,'Арзамас'),
	(3566,3159,'Арья'),
	(3567,3159,'Балахна'),
	(3568,3159,'Богородск'),
	(3569,3159,'Большереченск'),
	(3570,3159,'Большое Болдино'),
	(3571,3159,'Большое Козино'),
	(3572,3159,'Большое Мурашкино'),
	(3573,3159,'Большое Пикино'),
	(3574,3159,'Бор'),
	(3575,3159,'Бутурлино'),
	(3576,3159,'Вад'),
	(3577,3159,'Варнавино'),
	(3578,3159,'Васильсурск'),
	(3579,3159,'Вахтан'),
	(3580,3159,'Вача'),
	(3581,3159,'Велетьма'),
	(3582,3159,'Ветлуга'),
	(3583,3159,'Виля'),
	(3584,3159,'Вознесенское'),
	(3585,3159,'Володарск'),
	(3586,3159,'Воротынец'),
	(3587,3159,'Ворсма'),
	(3588,3159,'Воскресенское'),
	(3589,3159,'Выездное'),
	(3590,3159,'Выкса'),
	(3591,3159,'Гагино'),
	(3592,3159,'Гидроторф'),
	(3593,3159,'Горбатов'),
	(3594,3159,'Горбатовка'),
	(3595,3159,'Городец'),
	(3596,3159,'Горький'),
	(3597,3159,'Дальнее Константиново'),
	(3598,3159,'Дзержинск'),
	(3599,3159,'Дивеево'),
	(3600,3159,'Досчатое'),
	(3601,3159,'Заволжье'),
	(3602,3159,'Катунки'),
	(3603,3159,'Керженец'),
	(3604,3159,'Княгинино'),
	(3605,3159,'Ковернино'),
	(3606,3159,'Красные Баки'),
	(3607,3159,'Кстово'),
	(3608,3159,'Кулебаки'),
	(3609,3159,'Лукоянов'),
	(3610,3159,'Лысково'),
	(3611,3159,'Навашино'),
	(3612,3159,'Нижний Новгород'),
	(3613,3159,'Павлово'),
	(3614,3159,'Первомайск'),
	(3615,3159,'Перевоз'),
	(3616,3159,'Пильна'),
	(3617,3159,'Починки'),
	(2185271,3159,'Саров'),
	(3618,3159,'Сергач'),
	(3619,3159,'Сеченово'),
	(3620,3159,'Сосновское'),
	(3621,3159,'Спасское'),
	(3622,3159,'Тонкино'),
	(3623,3159,'Тоншаево'),
	(3624,3159,'Уразовка'),
	(3625,3159,'Урень'),
	(3626,3159,'Чкаловск'),
	(3627,3159,'Шаранга'),
	(3628,3159,'Шатки'),
	(3629,3159,'Шахунья'),
	(4504,3159,'Анциферово'),
	(4505,3159,'Батецкий'),
	(4506,3159,'Большая Вишера'),
	(4507,3159,'Боровичи'),
	(4508,3159,'Валдай'),
	(4509,3159,'Волот'),
	(4510,3159,'Деманск'),
	(4511,3159,'Зарубино'),
	(4512,3159,'Кресцы'),
	(4513,3159,'Любытино'),
	(4514,3159,'Малая Вишера'),
	(4515,3159,'Марево'),
	(4516,3159,'Мошенское'),
	(4517,3159,'Новгород'),
	(4518,3159,'Окуловка'),
	(4519,3159,'Парфино'),
	(4520,3159,'Пестово'),
	(4521,3159,'Поддорье'),
	(4522,3159,'Сольцы'),
	(4523,3159,'Старая Русса'),
	(4524,3159,'Хвойное'),
	(4525,3159,'Холм'),
	(4526,3159,'Чудово'),
	(4527,3159,'Шимск'),
	(4529,3159,'Баган'),
	(4530,3159,'Барабинск'),
	(4531,3159,'Бердск'),
	(4532,3159,'Биаза'),
	(4533,3159,'Болотное'),
	(4534,3159,'Венгерово'),
	(4535,3159,'Довольное'),
	(4536,3159,'Завьялово'),
	(4537,3159,'Искитим'),
	(4538,3159,'Карасук'),
	(4539,3159,'Каргат'),
	(4540,3159,'Колывань'),
	(4541,3159,'Краснозерское'),
	(4542,3159,'Крутиха'),
	(4543,3159,'Куйбышев'),
	(4544,3159,'Купино'),
	(4545,3159,'Кыштовка'),
	(4546,3159,'Маслянино'),
	(4547,3159,'Михайловский'),
	(4548,3159,'Мошково'),
	(4549,3159,'Новосибирск'),
	(4550,3159,'Ордынское'),
	(4551,3159,'Северное'),
	(4552,3159,'Сузун'),
	(4553,3159,'Татарск'),
	(4554,3159,'Тогучин'),
	(4555,3159,'Убинское'),
	(4556,3159,'Усть-Тарка'),
	(4557,3159,'Чаны'),
	(4558,3159,'Черепаново'),
	(4559,3159,'Чистоозерное'),
	(4560,3159,'Чулым'),
	(4562,3159,'Береговой'),
	(4563,3159,'Большеречье'),
	(4564,3159,'Большие Уки'),
	(4565,3159,'Горьковское'),
	(4566,3159,'Знаменское'),
	(4567,3159,'Исилькуль'),
	(4568,3159,'Калачинск'),
	(4569,3159,'Колосовка'),
	(4570,3159,'Кормиловка'),
	(4571,3159,'Крутинка'),
	(4572,3159,'Любинский'),
	(4573,3159,'Марьяновка'),
	(4574,3159,'Муромцево'),
	(4575,3159,'Называевск'),
	(4576,3159,'Нижняя Омка'),
	(4577,3159,'Нововаршавка'),
	(4578,3159,'Одесское'),
	(4579,3159,'Оконешниково'),
	(4580,3159,'Омск'),
	(4581,3159,'Павлоградка'),
	(4582,3159,'Полтавка'),
	(4583,3159,'Русская Поляна'),
	(4584,3159,'Саргатское'),
	(4585,3159,'Седельниково'),
	(4586,3159,'Таврическое'),
	(4587,3159,'Тара'),
	(4588,3159,'Тевриз'),
	(4589,3159,'Тюкалинск'),
	(4590,3159,'Усть-Ишим'),
	(4591,3159,'Черлак'),
	(4592,3159,'Шербакуль'),
	(4594,3159,'Абдулино'),
	(4595,3159,'Адамовка'),
	(4596,3159,'Айдырлинский'),
	(4597,3159,'Акбулак'),
	(4598,3159,'Аккермановка'),
	(4599,3159,'Асекеево'),
	(4600,3159,'Беляевка'),
	(4601,3159,'Бугуруслан'),
	(4602,3159,'Бузулук'),
	(4603,3159,'Гай'),
	(4604,3159,'Грачевка'),
	(4605,3159,'Домбаровский'),
	(4606,3159,'Дубенский'),
	(4607,3159,'Илек'),
	(4608,3159,'Ириклинский'),
	(4609,3159,'Кувандык'),
	(4610,3159,'Курманаевка'),
	(4611,3159,'Матвеевка'),
	(4612,3159,'Медногорск'),
	(4613,3159,'Новоорск'),
	(4614,3159,'Новосергиевка'),
	(4615,3159,'Новотроицк'),
	(4616,3159,'Октябрьское'),
	(4617,3159,'Оренбург'),
	(4618,3159,'Орск'),
	(4619,3159,'Первомайский'),
	(4620,3159,'Переволоцкий'),
	(4621,3159,'Пономаревка'),
	(4622,3159,'Саракташ'),
	(4623,3159,'Светлый'),
	(4624,3159,'Северное'),
	(4625,3159,'Соль-Илецк'),
	(4626,3159,'Сорочинск'),
	(4627,3159,'Ташла'),
	(4628,3159,'Тоцкое'),
	(4629,3159,'Тюльган'),
	(4630,3159,'Шарлык'),
	(4631,3159,'Энергетик'),
	(4632,3159,'Ясный'),
	(4634,3159,'Болхов'),
	(4635,3159,'Верховье'),
	(4636,3159,'Глазуновка'),
	(4637,3159,'Дмитровск-Орловский'),
	(4638,3159,'Долгое'),
	(4639,3159,'Залегощь'),
	(4640,3159,'Змиевка'),
	(4641,3159,'Знаменское'),
	(4642,3159,'Колпны'),
	(4643,3159,'Красная Заря'),
	(4644,3159,'Кромы'),
	(4645,3159,'Ливны'),
	(4646,3159,'Малоархангельск'),
	(4647,3159,'Мценск'),
	(4648,3159,'Нарышкино'),
	(4649,3159,'Новосиль'),
	(4650,3159,'Орел'),
	(4651,3159,'Покровское'),
	(4652,3159,'Сосково'),
	(4653,3159,'Тросна'),
	(4654,3159,'Хомутово'),
	(4655,3159,'Хотынец'),
	(4656,3159,'Шаблыкино'),
	(4658,3159,'Башмаково'),
	(4659,3159,'Беднодемьяновск'),
	(4660,3159,'Беково'),
	(4661,3159,'Белинский'),
	(4662,3159,'Бессоновка'),
	(4663,3159,'Вадинск'),
	(4664,3159,'Верхозим'),
	(4665,3159,'Городище'),
	(4666,3159,'Евлашево'),
	(4667,3159,'Земетчино'),
	(4668,3159,'Золотаревка'),
	(4669,3159,'Исса'),
	(4670,3159,'Каменка'),
	(4671,3159,'Колышлей'),
	(4672,3159,'Кондоль'),
	(4673,3159,'Кузнецк'),
	(4674,3159,'Лопатино'),
	(4675,3159,'Малая Сердоба'),
	(4676,3159,'Мокшан'),
	(4677,3159,'Наровчат'),
	(4678,3159,'Неверкино'),
	(4679,3159,'Нижний Ломов'),
	(4680,3159,'Никольск'),
	(4681,3159,'Пачелма'),
	(4682,3159,'Пенза'),
	(4683,3159,'Русский Камешкир'),
	(4684,3159,'Сердобск'),
	(4685,3159,'Сосновоборск'),
	(4686,3159,'Сура'),
	(4687,3159,'Тамала'),
	(4688,3159,'Шемышейка'),
	(4690,3159,'Барда'),
	(4691,3159,'Березники'),
	(4692,3159,'Большая Соснова'),
	(4693,3159,'Верещагино'),
	(4694,3159,'Гайны'),
	(4695,3159,'Горнозаводск'),
	(4696,3159,'Гремячинск'),
	(4697,3159,'Губаха'),
	(4698,3159,'Добрянка'),
	(4699,3159,'Елово'),
	(4700,3159,'Зюкайка'),
	(4701,3159,'Ильинский'),
	(4702,3159,'Карагай'),
	(4703,3159,'Керчевский'),
	(4704,3159,'Кизел'),
	(4705,3159,'Коса'),
	(4706,3159,'Кочево'),
	(4707,3159,'Красновишерск'),
	(4708,3159,'Краснокамск'),
	(4709,3159,'Кудымкар'),
	(4710,3159,'Куеда'),
	(4711,3159,'Кунгур'),
	(4712,3159,'Лысьва'),
	(4713,3159,'Ныроб'),
	(4714,3159,'Нытва'),
	(4715,3159,'Октябрьский'),
	(4716,3159,'Орда'),
	(4717,3159,'Оса'),
	(4718,3159,'Оханск'),
	(4719,3159,'Очер'),
	(4720,3159,'Пермь'),
	(4721,3159,'Соликамск'),
	(4722,3159,'Суксун'),
	(4723,3159,'Уинское'),
	(4724,3159,'Усолье'),
	(4725,3159,'Усть-Кишерть'),
	(4726,3159,'Чайковский'),
	(4727,3159,'Частые'),
	(4728,3159,'Чердынь'),
	(4729,3159,'Чернореченский'),
	(4730,3159,'Чернушка'),
	(4731,3159,'Чусовой'),
	(4732,3159,'Юрла'),
	(4733,3159,'Юсьва'),
	(4735,3159,'Анучино'),
	(4736,3159,'Арсеньев'),
	(4737,3159,'Артем'),
	(4738,3159,'Артемовский'),
	(4739,3159,'Большой Камень'),
	(4740,3159,'Валентин'),
	(4741,3159,'Владивосток'),
	(4742,3159,'Высокогорск'),
	(4743,3159,'Горные Ключи'),
	(4744,3159,'Горный'),
	(4745,3159,'Дальнегорск'),
	(4746,3159,'Дальнереченск'),
	(4747,3159,'Зарубино'),
	(4748,3159,'Кавалерово'),
	(4749,3159,'Каменка'),
	(4750,3159,'Камень-Рыболов'),
	(4751,3159,'Кировский'),
	(4752,3159,'Лазо'),
	(4753,3159,'Лесозаводск'),
	(4754,3159,'Лучегорск'),
	(4755,3159,'Михайловка'),
	(4756,3159,'Находка'),
	(4757,3159,'Новопокровка'),
	(4758,3159,'Ольга'),
	(4759,3159,'Партизанск'),
	(4760,3159,'Пограничный'),
	(4761,3159,'Покровка'),
	(4762,3159,'Русский'),
	(4763,3159,'Самарга'),
	(4764,3159,'Славянка'),
	(4765,3159,'Спасск-Дальний'),
	(4766,3159,'Терней'),
	(4767,3159,'Уссурийск'),
	(10689767,3159,'Фокино'),
	(4768,3159,'Хасан'),
	(4769,3159,'Хороль'),
	(4770,3159,'Черниговка'),
	(4771,3159,'Чугуевка'),
	(4772,3159,'Яковлевка'),
	(4774,3159,'Бежаницы'),
	(4775,3159,'Великие Луки'),
	(4776,3159,'Гдов'),
	(4777,3159,'Дедовичи'),
	(4778,3159,'Дно'),
	(4779,3159,'Заплюсье'),
	(4780,3159,'Идрица'),
	(4781,3159,'Красногородское'),
	(4782,3159,'Кунья'),
	(4783,3159,'Локня'),
	(4784,3159,'Невель'),
	(4785,3159,'Новоржев'),
	(4786,3159,'Новосокольники'),
	(4787,3159,'Опочка'),
	(4788,3159,'Остров'),
	(4789,3159,'Палкино'),
	(4790,3159,'Печоры'),
	(4791,3159,'Плюсса'),
	(4792,3159,'Порхов'),
	(4793,3159,'Псков'),
	(4794,3159,'Пустошка'),
	(4795,3159,'Пушкинские Горы'),
	(4796,3159,'Пыталово'),
	(4797,3159,'Себеж'),
	(4798,3159,'Струги-Красные'),
	(4799,3159,'Усвяты'),
	(4801,3159,'Азов'),
	(4802,3159,'Аксай'),
	(4803,3159,'Алмазный'),
	(4804,3159,'Аютинск'),
	(4805,3159,'Багаевский'),
	(4806,3159,'Батайск'),
	(4807,3159,'Белая Калитва'),
	(4808,3159,'Боковская'),
	(4809,3159,'Большая Мартыновка'),
	(4810,3159,'Вешенская'),
	(4811,3159,'Волгодонск'),
	(4812,3159,'Восход'),
	(4813,3159,'Гигант'),
	(4814,3159,'Горняцкий'),
	(4815,3159,'Гуково'),
	(4816,3159,'Донецк'),
	(4817,3159,'Донской'),
	(4818,3159,'Дубовское'),
	(7592215,3159,'Егорлыкская'),
	(4819,3159,'Жирнов'),
	(4820,3159,'Заветное'),
	(4821,3159,'Заводской'),
	(4822,3159,'Зверево'),
	(4823,3159,'Зерноград'),
	(4824,3159,'Зимовники'),
	(4825,3159,'Кагальницкая'),
	(4826,3159,'Казанская'),
	(4827,3159,'Каменоломни'),
	(4828,3159,'Каменск-Шахтинский'),
	(4829,3159,'Кашары'),
	(4830,3159,'Коксовый'),
	(4831,3159,'Константиновск'),
	(4832,3159,'Красный Сулин'),
	(4833,3159,'Куйбышево'),
	(4834,3159,'Матвеев Курган'),
	(4835,3159,'Мигулинская'),
	(4836,3159,'Миллерово'),
	(4837,3159,'Милютинская'),
	(4838,3159,'Морозовск'),
	(4839,3159,'Новочеркасск'),
	(4840,3159,'Новошахтинск'),
	(4841,3159,'Обливская'),
	(4842,3159,'Орловский'),
	(4843,3159,'Песчанокопское'),
	(4844,3159,'Покровское'),
	(4845,3159,'Пролетарск'),
	(4846,3159,'Ремонтное'),
	(4847,3159,'Родионово-Несветайская'),
	(4848,3159,'Ростов-на-Дону'),
	(4849,3159,'Сальск'),
	(4850,3159,'Семикаракорск'),
	(4851,3159,'Таганрог'),
	(4852,3159,'Тарасовский'),
	(4853,3159,'Тацинский'),
	(4854,3159,'Усть-Донецкий'),
	(4855,3159,'Целина'),
	(4856,3159,'Цимлянск'),
	(4857,3159,'Чалтырь'),
	(4858,3159,'Чертково'),
	(4859,3159,'Шахты'),
	(4860,3159,'Шолоховский'),
	(4862,3159,'Александро-Невский'),
	(4863,3159,'Горняк'),
	(4864,3159,'Гусь Железный'),
	(4865,3159,'Елатьма'),
	(4866,3159,'Ермишь'),
	(4867,3159,'Заречный'),
	(4868,3159,'Захарово'),
	(4869,3159,'Кадом'),
	(4870,3159,'Касимов'),
	(4871,3159,'Кораблино'),
	(4872,3159,'Милославское'),
	(4873,3159,'Михайлов'),
	(4874,3159,'Пителино'),
	(4875,3159,'Пронск'),
	(4876,3159,'Путятино'),
	(4877,3159,'Рыбное'),
	(4878,3159,'Ряжск'),
	(4879,3159,'Рязань'),
	(4880,3159,'Сапожок'),
	(4881,3159,'Сараи'),
	(4882,3159,'Сасово'),
	(4883,3159,'Скопин'),
	(4884,3159,'Спас-Клепики'),
	(4885,3159,'Спасск-Рязанский'),
	(4886,3159,'Старожилово'),
	(4887,3159,'Ухолово'),
	(4888,3159,'Чучково'),
	(4889,3159,'Шацк'),
	(4890,3159,'Шилово'),
	(4892,3159,'Алексеевка'),
	(4893,3159,'Безенчук'),
	(4894,3159,'Богатое'),
	(4895,3159,'Богатырь'),
	(4896,3159,'Большая Глущица'),
	(4897,3159,'Большая Черниговка'),
	(4898,3159,'Борское'),
	(4899,3159,'Волжский'),
	(4900,3159,'Жигулевск'),
	(4901,3159,'Зольное'),
	(4902,3159,'Исаклы'),
	(4903,3159,'Камышла'),
	(4904,3159,'Кинель'),
	(4905,3159,'Кинель-Черкасы'),
	(4906,3159,'Клявлино'),
	(4907,3159,'Кошки'),
	(4908,3159,'Красноармейское'),
	(10500476,3159,'Красный Яр'),
	(4909,3159,'Куйбышев'),
	(4910,3159,'Нефтегорск'),
	(4911,3159,'Новокуйбышевск'),
	(4912,3159,'Октябрьск'),
	(4913,3159,'Отрадный'),
	(4914,3159,'Пестравка'),
	(4915,3159,'Похвистнево'),
	(4916,3159,'Приволжье'),
	(4917,3159,'Самара'),
	(5020665,3159,'Сургут (Самарская обл.)'),
	(4918,3159,'Сызрань'),
	(4919,3159,'Тольятти'),
	(4920,3159,'Хворостянка'),
	(4921,3159,'Чапаевск'),
	(4922,3159,'Челно-Вершины'),
	(4923,3159,'Шентала'),
	(4924,3159,'Шигоны'),
	(4970,3159,'Александров Гай'),
	(4971,3159,'Аркадак'),
	(4972,3159,'Аткарск'),
	(4973,3159,'Базарный Карабулак'),
	(4974,3159,'Балаково'),
	(4975,3159,'Балашов'),
	(4976,3159,'Балтай'),
	(4977,3159,'Возрождение'),
	(4978,3159,'Вольск'),
	(4979,3159,'Воскресенское'),
	(4980,3159,'Горный'),
	(4981,3159,'Дергачи'),
	(4982,3159,'Духовницкое'),
	(4983,3159,'Екатериновка'),
	(4984,3159,'Ершов'),
	(4985,3159,'Заречный'),
	(4986,3159,'Ивантеевка'),
	(4987,3159,'Калининск'),
	(4988,3159,'Каменский'),
	(4989,3159,'Красноармейск'),
	(4990,3159,'Красный Кут'),
	(4991,3159,'Лысые Горы'),
	(4992,3159,'Маркс'),
	(4993,3159,'Мокроус'),
	(4994,3159,'Новоузенск'),
	(4995,3159,'Новые Бурасы'),
	(4996,3159,'Озинки'),
	(4997,3159,'Перелюб'),
	(4998,3159,'Петровск'),
	(4999,3159,'Питерка'),
	(5000,3159,'Пугачев'),
	(5001,3159,'Ровное'),
	(5002,3159,'Романовка'),
	(5003,3159,'Ртищево'),
	(5004,3159,'Самойловка'),
	(5005,3159,'Саратов'),
	(5006,3159,'Степное'),
	(5007,3159,'Татищево'),
	(5008,3159,'Турки'),
	(5009,3159,'Хвалынск'),
	(5010,3159,'Энгельс'),
	(5012,3159,'Абый'),
	(5013,3159,'Алдан'),
	(5014,3159,'Амга'),
	(5015,3159,'Батагай'),
	(5016,3159,'Бердигестях'),
	(5017,3159,'Беркакит'),
	(5018,3159,'Бестях'),
	(5019,3159,'Борогонцы'),
	(5020,3159,'Верхневилюйск'),
	(5021,3159,'Верхнеколымск'),
	(5022,3159,'Верхоянск'),
	(5023,3159,'Вилюйск'),
	(5024,3159,'Витим'),
	(5025,3159,'Власово'),
	(5026,3159,'Жиганск'),
	(5027,3159,'Зырянка'),
	(5028,3159,'Кангалассы'),
	(5029,3159,'Канкунский'),
	(5030,3159,'Ленск'),
	(5031,3159,'Майя'),
	(5032,3159,'Менкеря'),
	(5033,3159,'Мирный'),
	(5034,3159,'Нерюнгри'),
	(5035,3159,'Нычалах'),
	(5036,3159,'Нюрба'),
	(5037,3159,'Олекминск'),
	(5038,3159,'Покровск'),
	(5039,3159,'Сангар'),
	(5040,3159,'Саскылах'),
	(5041,3159,'Среднеколымск'),
	(5042,3159,'Сунтар'),
	(5043,3159,'Тикси'),
	(5044,3159,'Усть-Мая'),
	(5045,3159,'Усть-Нера'),
	(5046,3159,'Хандыга'),
	(5047,3159,'Хонуу'),
	(5048,3159,'Черский'),
	(5049,3159,'Чокурдах'),
	(5050,3159,'Чурапча'),
	(5051,3159,'Якутск'),
	(5053,3159,'Александровск-Сахалинский'),
	(5054,3159,'Анбэцу'),
	(5055,3159,'Анива'),
	(5056,3159,'Бошняково'),
	(5057,3159,'Быков'),
	(5058,3159,'Вахрушев'),
	(5059,3159,'Взморье'),
	(5060,3159,'Гастелло'),
	(5061,3159,'Горнозаводск'),
	(5062,3159,'Долинск'),
	(5063,3159,'Ильинский'),
	(5064,3159,'Катангли'),
	(5065,3159,'Корсаков'),
	(5066,3159,'Курильск'),
	(5067,3159,'Макаров'),
	(5068,3159,'Невельск'),
	(5069,3159,'Ноглики'),
	(5070,3159,'Оха'),
	(5071,3159,'Поронайск'),
	(5072,3159,'Северо-Курильск'),
	(5073,3159,'Смирных'),
	(5074,3159,'Томари'),
	(5075,3159,'Тымовское'),
	(5076,3159,'Углегорск'),
	(5077,3159,'Холмск'),
	(5078,3159,'Шахтерск'),
	(4777963,3159,'Южно-Курильск'),
	(5079,3159,'Южно-Сахалинск'),
	(5081,3159,'Алапаевск'),
	(5082,3159,'Алтынай'),
	(5083,3159,'Арамиль'),
	(5084,3159,'Артемовский'),
	(5085,3159,'Арти'),
	(5086,3159,'Асбест'),
	(5087,3159,'Ачит'),
	(5088,3159,'Байкалово'),
	(5089,3159,'Басьяновский'),
	(5090,3159,'Белоярский'),
	(5091,3159,'Березовский'),
	(5092,3159,'Богданович'),
	(5093,3159,'Буланаш'),
	(5094,3159,'Верхний Тагил'),
	(5095,3159,'Верхняя Пышма'),
	(5096,3159,'Верхняя Салда'),
	(5097,3159,'Верхняя Синячиха'),
	(5098,3159,'Верхняя Сысерть'),
	(5099,3159,'Верхняя Тура'),
	(5100,3159,'Верхотурье'),
	(5101,3159,'Висим'),
	(5102,3159,'Волчанск'),
	(5103,3159,'Воронцовка'),
	(5104,3159,'Гари'),
	(5105,3159,'Дегтярск'),
	(5106,3159,'Екатеринбург'),
	(5107,3159,'Ертарский'),
	(5108,3159,'Заводоуспенское'),
	(5109,3159,'Зыряновский'),
	(5110,3159,'Зюзельский'),
	(5111,3159,'Ивдель'),
	(5112,3159,'Изумруд'),
	(5113,3159,'Ирбит'),
	(5114,3159,'Ис'),
	(5115,3159,'Каменск-Уральский'),
	(5116,3159,'Камышлов'),
	(5117,3159,'Карпинск'),
	(5118,3159,'Карпунинский'),
	(5119,3159,'Качканар'),
	(5120,3159,'Кировград'),
	(5121,3159,'Краснотурьинск'),
	(5122,3159,'Красноуральск'),
	(5123,3159,'Красноуфимск'),
	(5124,3159,'Кушва'),
	(4778496,3159,'Лесной'),
	(5125,3159,'Михайловск'),
	(5126,3159,'Невьянск'),
	(5127,3159,'Нижние Серги'),
	(5128,3159,'Нижний Тагил'),
	(5129,3159,'Нижняя Салда'),
	(5130,3159,'Нижняя Тура'),
	(5131,3159,'Новая Ляля'),
	(2499082,3159,'Новоуральск'),
	(5132,3159,'Оус'),
	(5133,3159,'Первоуральск'),
	(5134,3159,'Полевской'),
	(5135,3159,'Пышма'),
	(5136,3159,'Ревда'),
	(5137,3159,'Реж'),
	(5138,3159,'Свердловск'),
	(5139,3159,'Североуральск'),
	(5140,3159,'Серов'),
	(5141,3159,'Сосьва'),
	(5142,3159,'Среднеуральск'),
	(5143,3159,'Сухой Лог'),
	(5144,3159,'Сысерть'),
	(5145,3159,'Таборы'),
	(5146,3159,'Тавда'),
	(5147,3159,'Талица'),
	(5148,3159,'Тугулым'),
	(5149,3159,'Туринск'),
	(5150,3159,'Туринская Слобода'),
	(5152,3159,'Алагир'),
	(5153,3159,'Ардон'),
	(5154,3159,'Беслан'),
	(5155,3159,'Бурон'),
	(5156,3159,'Владикавказ'),
	(5157,3159,'Дигора'),
	(5158,3159,'Моздок'),
	(5159,3159,'Орджоникидзе'),
	(5160,3159,'Чикола'),
	(5162,3159,'Велиж'),
	(5163,3159,'Верхнеднепровский'),
	(5164,3159,'Ворга'),
	(5165,3159,'Вязьма'),
	(5166,3159,'Гагарин'),
	(5167,3159,'Глинка'),
	(5168,3159,'Голынки'),
	(5169,3159,'Демидов'),
	(2184457,3159,'Десногорск'),
	(5170,3159,'Дорогобуж'),
	(5171,3159,'Духовщина'),
	(5172,3159,'Екимовичи'),
	(5173,3159,'Ельня'),
	(5174,3159,'Ершичи'),
	(5175,3159,'Издешково'),
	(5176,3159,'Кардымово'),
	(5177,3159,'Красный'),
	(5178,3159,'Монастырщина'),
	(5179,3159,'Новодугино'),
	(5180,3159,'Починок'),
	(5181,3159,'Рославль'),
	(5182,3159,'Рудня'),
	(5183,3159,'Сафоново'),
	(5184,3159,'Смоленск'),
	(5185,3159,'Сычевка'),
	(5186,3159,'Угра'),
	(5187,3159,'Хиславичи'),
	(5188,3159,'Холм-Жирковский'),
	(5189,3159,'Шумячи'),
	(5190,3159,'Ярцево'),
	(5192,3159,'Александровское'),
	(5193,3159,'Арзгир'),
	(5194,3159,'Благодарный'),
	(5195,3159,'Буденновск'),
	(5196,3159,'Георгиевск'),
	(5197,3159,'Дивное'),
	(5198,3159,'Домбай'),
	(5199,3159,'Донское'),
	(5200,3159,'Ессентуки'),
	(4869166,3159,'Железноводск'),
	(10505475,3159,'Зеленокумск'),
	(10500094,3159,'Изобильный'),
	(5201,3159,'Иноземцево'),
	(5202,3159,'Ипатово'),
	(5203,3159,'Карачаевск'),
	(5204,3159,'Кисловодск'),
	(5205,3159,'Кочубеевское'),
	(5206,3159,'Красногвардейское'),
	(5207,3159,'Курсавка'),
	(5208,3159,'Левокумское'),
	(5209,3159,'Минеральные Воды'),
	(5210,3159,'Невинномысск'),
	(5211,3159,'Нефтекумск'),
	(5212,3159,'Новоалександровск'),
	(5213,3159,'Новоалександровская'),
	(5214,3159,'Новопавловск'),
	(5215,3159,'Новоселицкое'),
	(5216,3159,'Преградная'),
	(5217,3159,'Пятигорск'),
	(5218,3159,'Светлоград'),
	(10498697,3159,'Солнечнодольск'),
	(5219,3159,'Ставрополь'),
	(5220,3159,'Степное'),
	(5221,3159,'Теберда'),
	(5222,3159,'Усть-Джегута'),
	(5223,3159,'Хабез'),
	(5224,3159,'Черкесск'),
	(5226,3159,'Бондари'),
	(5227,3159,'Гавриловка Вторая'),
	(5228,3159,'Жердевка'),
	(5229,3159,'Знаменка'),
	(5230,3159,'Инжавино'),
	(5231,3159,'Кирсанов'),
	(5232,3159,'Котовск'),
	(5233,3159,'Мичуринск'),
	(5234,3159,'Мордово'),
	(5235,3159,'Моршанск'),
	(5236,3159,'Мучкапский'),
	(3474011,3159,'Первомайский'),
	(5237,3159,'Петровское'),
	(5238,3159,'Пичаево'),
	(5239,3159,'Рассказово'),
	(5240,3159,'Ржакса'),
	(5241,3159,'Староюрьево'),
	(5242,3159,'Тамбов'),
	(5243,3159,'Токаревка'),
	(5244,3159,'Уварово'),
	(5245,3159,'Умет'),
	(5247,3159,'Агрыз'),
	(5248,3159,'Азнакаево'),
	(5249,3159,'Аксубаево'),
	(5250,3159,'Актюбинский'),
	(5251,3159,'Алексеевское'),
	(5252,3159,'Альметьевск'),
	(4093520,3159,'Альметьевск'),
	(5253,3159,'Апастово'),
	(5254,3159,'Арск'),
	(5255,3159,'Бавлы'),
	(5256,3159,'Базарные Матаки'),
	(5257,3159,'Балтаси'),
	(5258,3159,'Богатые Сабы'),
	(5259,3159,'Брежнев'),
	(5260,3159,'Бугульма'),
	(5261,3159,'Буинск'),
	(5262,3159,'Васильево'),
	(5263,3159,'Верхний Услон'),
	(5264,3159,'Высокая Гора'),
	(5265,3159,'Дербешкинский'),
	(5266,3159,'Елабуга'),
	(5267,3159,'Заинск'),
	(5268,3159,'Зеленодольск'),
	(5269,3159,'Казань'),
	(5270,3159,'Камское Устье'),
	(5271,3159,'Карабаш'),
	(5272,3159,'Куйбышев'),
	(5273,3159,'Кукмод'),
	(5274,3159,'Кукмор'),
	(5275,3159,'Лаишево'),
	(5276,3159,'Лениногорск'),
	(5277,3159,'Мамадыш'),
	(5278,3159,'Менделеевск'),
	(5279,3159,'Мензелинск'),
	(5280,3159,'Муслюмово'),
	(5281,3159,'Набережные Челны'),
	(5282,3159,'Нижнекамск'),
	(5283,3159,'Новошешминск'),
	(5284,3159,'Нурлат'),
	(5285,3159,'Пестрецы'),
	(5286,3159,'Рыбная Слобода'),
	(5287,3159,'Сарманово'),
	(5288,3159,'Старое Дрожжаное'),
	(5289,3159,'Тетюши'),
	(5290,3159,'Чистополь'),
	(3785,3159,'Андреаполь'),
	(3786,3159,'Бежецк'),
	(3787,3159,'Белый'),
	(3788,3159,'Белый Городок'),
	(3789,3159,'Березайка'),
	(3790,3159,'Бологое'),
	(3791,3159,'Васильевский Мох'),
	(3792,3159,'Выползово'),
	(3793,3159,'Вышний Волочек'),
	(3794,3159,'Жарковский'),
	(3795,3159,'Западная Двина'),
	(3796,3159,'Заречье'),
	(3797,3159,'Зубцов'),
	(3798,3159,'Изоплит'),
	(3799,3159,'Калашниково'),
	(3800,3159,'Калинин'),
	(3801,3159,'Калязин'),
	(3802,3159,'Кашин'),
	(3803,3159,'Кесова Гора'),
	(3804,3159,'Кимры'),
	(3805,3159,'Конаково'),
	(3806,3159,'Красный Холм'),
	(3807,3159,'Кувшиново'),
	(3808,3159,'Лесное'),
	(3809,3159,'Лихославль'),
	(3810,3159,'Максатиха'),
	(3811,3159,'Молоково'),
	(3812,3159,'Нелидово'),
	(3813,3159,'Оленино'),
	(3814,3159,'Осташков'),
	(3815,3159,'Пено'),
	(3816,3159,'Рамешки'),
	(3817,3159,'Ржев'),
	(3818,3159,'Сандово'),
	(3819,3159,'Селижарово'),
	(3820,3159,'Сонково'),
	(3821,3159,'Спирово'),
	(3822,3159,'Старица'),
	(3823,3159,'Тверь'),
	(3824,3159,'Торжок'),
	(3825,3159,'Торопец'),
	(4285366,3159,'Удомля'),
	(3826,3159,'Фирово'),
	(5292,3159,'Александровское'),
	(5293,3159,'Асино'),
	(5294,3159,'Бакчар'),
	(5295,3159,'Батурино'),
	(5296,3159,'Белый Яр'),
	(5297,3159,'Зырянское'),
	(5298,3159,'Итатка'),
	(5299,3159,'Каргасок'),
	(5300,3159,'Катайга'),
	(5301,3159,'Кожевниково'),
	(5302,3159,'Колпашево'),
	(5303,3159,'Кривошеино'),
	(5304,3159,'Мельниково'),
	(5305,3159,'Молчаново'),
	(5306,3159,'Парабель'),
	(5307,3159,'Первомайское'),
	(5308,3159,'Подгорное'),
	(10501002,3159,'Северск'),
	(5309,3159,'Стрежевой'),
	(5310,3159,'Томск'),
	(5311,3159,'Тымск'),
	(5313,3159,'Ак-Довурак'),
	(5314,3159,'Бай Хаак'),
	(5315,3159,'Кызыл'),
	(5316,3159,'Самагалтай'),
	(5317,3159,'Сарыг-Сеп'),
	(5318,3159,'Суть-Холь'),
	(5319,3159,'Тоора-Хем'),
	(5320,3159,'Туран'),
	(5321,3159,'Тээли'),
	(5322,3159,'Хову-Аксы'),
	(5323,3159,'Чадан'),
	(5324,3159,'Шагонар'),
	(5325,3159,'Эрзин'),
	(5327,3159,'Агеево'),
	(5328,3159,'Алексин'),
	(5329,3159,'Арсеньево'),
	(5330,3159,'Барсуки'),
	(5331,3159,'Бегичевский'),
	(2019672,3159,'Белев'),
	(5332,3159,'Богородицк'),
	(5333,3159,'Болохово'),
	(5334,3159,'Велегож'),
	(5335,3159,'Венев'),
	(5336,3159,'Волово'),
	(5337,3159,'Горелки'),
	(5338,3159,'Донской'),
	(5339,3159,'Дубна'),
	(5340,3159,'Епифань'),
	(5341,3159,'Ефремов'),
	(5342,3159,'Заокский'),
	(5343,3159,'Казановка'),
	(5344,3159,'Кимовск'),
	(5345,3159,'Киреевск'),
	(5346,3159,'Куркино'),
	(5347,3159,'Ленинский'),
	(5348,3159,'Новомосковск'),
	(5349,3159,'Одоев'),
	(5350,3159,'Плавск'),
	(5351,3159,'Суворов'),
	(5352,3159,'Тула'),
	(5353,3159,'Узловая'),
	(5354,3159,'Щекино'),
	(5355,3159,'Ясногорск'),
	(5357,3159,'Абатский'),
	(5358,3159,'Аксарка'),
	(5359,3159,'Армизонское'),
	(5360,3159,'Аромашево'),
	(4276360,3159,'Белоярский'),
	(5361,3159,'Бердюжье'),
	(5362,3159,'Большое Сорокино'),
	(5363,3159,'Вагай'),
	(5364,3159,'Викулово'),
	(5365,3159,'Винзили'),
	(5366,3159,'Голышманово'),
	(3535020,3159,'Губкинский'),
	(5367,3159,'Заводопетровский'),
	(5368,3159,'Заводоуковск'),
	(2411629,3159,'Излучинск'),
	(5369,3159,'Исетское'),
	(5370,3159,'Ишим'),
	(5371,3159,'Казанское'),
	(5372,3159,'Казым-Мыс'),
	(1923662,3159,'Когалым'),
	(5373,3159,'Кондинское'),
	(5374,3159,'Красноселькуп'),
	(5375,3159,'Лабытнанги'),
	(3473821,3159,'Ларьяк'),
	(6454651,3159,'Мегион'),
	(5376,3159,'Мужи'),
	(2812698,3159,'Муравленко'),
	(5377,3159,'Надым'),
	(5378,3159,'Находка'),
	(5379,3159,'Нефтеюганск'),
	(5380,3159,'Нижневартовск'),
	(5381,3159,'Нижняя Тавда'),
	(5382,3159,'Новый Уренгой'),
	(5383,3159,'Ноябрьск'),
	(5384,3159,'Нягань'),
	(5385,3159,'Октябрьское'),
	(5386,3159,'Омутинский'),
	(5387,3159,'Радужный'),
	(5388,3159,'Салехард'),
	(5389,3159,'Сладково'),
	(5390,3159,'Советский'),
	(5391,3159,'Сургут'),
	(5392,3159,'Тазовский'),
	(5393,3159,'Тарко-Сале'),
	(5394,3159,'Тобольск'),
	(5395,3159,'Тюмень'),
	(5396,3159,'Уват'),
	(11911051,3159,'Унъюган'),
	(5397,3159,'Упорово'),
	(5398,3159,'Урай'),
	(5399,3159,'Ханты-Мансийск'),
	(5400,3159,'Юрибей'),
	(5401,3159,'Ялуторовск'),
	(5402,3159,'Яр-Сале'),
	(5403,3159,'Ярково'),
	(5405,3159,'Алнаши'),
	(5406,3159,'Балезино'),
	(5407,3159,'Вавож'),
	(5408,3159,'Воткинск'),
	(5409,3159,'Глазов'),
	(5410,3159,'Грахово'),
	(5411,3159,'Дебесы'),
	(5412,3159,'Завьялово'),
	(5413,3159,'Игра'),
	(5414,3159,'Ижевск'),
	(5415,3159,'Кама'),
	(5416,3159,'Камбарка'),
	(5417,3159,'Каракулино'),
	(5418,3159,'Кез'),
	(5419,3159,'Кизнер'),
	(5420,3159,'Киясово'),
	(5421,3159,'Красногорское'),
	(5422,3159,'Можга'),
	(5423,3159,'Сарапул'),
	(5424,3159,'Селты'),
	(5425,3159,'Сюмси'),
	(5426,3159,'Ува'),
	(5427,3159,'Устинов'),
	(5428,3159,'Шаркан'),
	(5429,3159,'Юкаменское'),
	(5430,3159,'Якшур-Бодья'),
	(5431,3159,'Яр'),
	(5433,3159,'Базарный Сызган'),
	(5434,3159,'Барыш'),
	(5435,3159,'Большое Нагаткино'),
	(5436,3159,'Вешкайма'),
	(5437,3159,'Глотовка'),
	(5438,3159,'Димитровград'),
	(5439,3159,'Игнатовка'),
	(5440,3159,'Измайлово'),
	(5441,3159,'Инза'),
	(5442,3159,'Ишеевка'),
	(5443,3159,'Канадей'),
	(5444,3159,'Карсун'),
	(5445,3159,'Кузоватово'),
	(5446,3159,'Майна'),
	(5447,3159,'Новая Малыкла'),
	(5448,3159,'Новоспасское'),
	(5449,3159,'Павловка'),
	(5450,3159,'Радищево'),
	(5451,3159,'Сенгилей'),
	(5452,3159,'Старая Кулатка'),
	(5453,3159,'Старая Майна'),
	(5454,3159,'Сурское'),
	(5455,3159,'Тереньга'),
	(5456,3159,'Ульяновск'),
	(5457,3159,'Чердаклы'),
	(5459,3159,'Аксай'),
	(5460,3159,'Дарьинское'),
	(5461,3159,'Деркул'),
	(5462,3159,'Джамбейты'),
	(5463,3159,'Джаныбек'),
	(5464,3159,'Казталовка'),
	(5465,3159,'Калмыково'),
	(5466,3159,'Каратобе'),
	(5467,3159,'Переметное'),
	(5468,3159,'Сайхин'),
	(5469,3159,'Уральск'),
	(5470,3159,'Федоровка'),
	(5471,3159,'Фурманово'),
	(5472,3159,'Чапаев'),
	(5474,3159,'Амурск'),
	(5475,3159,'Аян'),
	(5476,3159,'Березовый'),
	(5477,3159,'Бикин'),
	(5478,3159,'Бира'),
	(5479,3159,'Биракан'),
	(5480,3159,'Богородское'),
	(5481,3159,'Болонь'),
	(5482,3159,'Ванино'),
	(5483,3159,'Волочаевка Вторая'),
	(5484,3159,'Высокогорный'),
	(5485,3159,'Вяземский'),
	(5486,3159,'Горный'),
	(5487,3159,'Гурское'),
	(5488,3159,'Дормидонтовка'),
	(5489,3159,'Заветы Ильича'),
	(5490,3159,'Известковый'),
	(5491,3159,'Иннокентьевка'),
	(5492,3159,'Комсомольск-на-Амуре'),
	(5493,3159,'Ленинское'),
	(5494,3159,'Нелькан'),
	(5495,3159,'Николаевск-на-Амуре'),
	(5496,3159,'Облучье'),
	(5497,3159,'Охотск'),
	(5498,3159,'Переяславка'),
	(5499,3159,'Смидович'),
	(5500,3159,'Советская Гавань'),
	(5501,3159,'Софийск'),
	(5502,3159,'Троицкое'),
	(5503,3159,'Тугур'),
	(5504,3159,'Хабаровск'),
	(5505,3159,'Чегдомын'),
	(5506,3159,'Чумикан'),
	(4093692,3159,'Абакан'),
	(2316517,3159,'Саяногорск'),
	(279078,3159,'Аган'),
	(11910622,3159,'Игрим'),
	(7717502,3159,'Излучинск'),
	(12364794,3159,'Лангепас'),
	(4041912,3159,'Лянтор'),
	(4778522,3159,'Мегион'),
	(6113699,3159,'Нефтеюганск'),
	(2499035,3159,'Нижневартовск'),
	(7593225,3159,'Нягань'),
	(10688837,3159,'Покачи'),
	(12370243,3159,'Приобье'),
	(11569394,3159,'Пыть-Ях'),
	(11567319,3159,'Радужный'),
	(5020681,3159,'Сургут'),
	(11569100,3159,'Урай'),
	(7718652,3159,'Ханты-Мансийск'),
	(4156345,3159,'Югорск'),
	(5508,3159,'Агаповка'),
	(5509,3159,'Аргаяш'),
	(5510,3159,'Аша'),
	(5511,3159,'Бакал'),
	(5512,3159,'Бреды'),
	(5513,3159,'Варна'),
	(5514,3159,'Верхнеуральск'),
	(5515,3159,'Верхний Уфалей'),
	(5516,3159,'Еманжелинск'),
	(5517,3159,'Златоуст'),
	(5518,3159,'Карабаш'),
	(5519,3159,'Карталы'),
	(5520,3159,'Касли'),
	(5521,3159,'Катав-Ивановск'),
	(5522,3159,'Копейск'),
	(5523,3159,'Коркино'),
	(5524,3159,'Кунашак'),
	(5525,3159,'Куса'),
	(5526,3159,'Кыштым'),
	(5527,3159,'Магнитогорск'),
	(5528,3159,'Миасс'),
	(4285519,3159,'Озерск'),
	(5529,3159,'Октябрьское'),
	(5530,3159,'Пласт'),
	(5531,3159,'Сатка'),
	(5532,3159,'Сим'),
	(2005016,3159,'Снежинск'),
	(3408643,3159,'Трехгорный'),
	(5533,3159,'Троицк'),
	(5534,3159,'Увельский'),
	(5535,3159,'Уйское'),
	(5536,3159,'Усть-Катав'),
	(5537,3159,'Фершампенуаз'),
	(5538,3159,'Чебаркуль'),
	(5539,3159,'Челябинск'),
	(5540,3159,'Чесма'),
	(5541,3159,'Южно-Уральск'),
	(5542,3159,'Юрюзань'),
	(5544,3159,'Аргун'),
	(5545,3159,'Грозный'),
	(5546,3159,'Гудермез'),
	(5547,3159,'Малгобек'),
	(5548,3159,'Назрань'),
	(5549,3159,'Наурская'),
	(5550,3159,'Ножай-Юрт'),
	(5551,3159,'Орджоникидзевская'),
	(5552,3159,'Советское'),
	(5553,3159,'Урус-Мартан'),
	(5554,3159,'Шали'),
	(5556,3159,'Агинское'),
	(5557,3159,'Аксеново-Зиловское'),
	(5558,3159,'Акша'),
	(5559,3159,'Александровский Завод'),
	(5560,3159,'Амазар'),
	(5561,3159,'Арбагар'),
	(5562,3159,'Атамановка'),
	(5563,3159,'Балей'),
	(5564,3159,'Борзя'),
	(5565,3159,'Букачача'),
	(5566,3159,'Газимурский Завод'),
	(5567,3159,'Давенда'),
	(5568,3159,'Дарасун'),
	(5569,3159,'Дровяная'),
	(5570,3159,'Дульдурга'),
	(5571,3159,'Жиндо'),
	(5572,3159,'Забайкальск'),
	(5573,3159,'Итака'),
	(5574,3159,'Калга'),
	(5575,3159,'Карымское'),
	(5576,3159,'Кличка'),
	(5577,3159,'Ключевский'),
	(5578,3159,'Кокуй'),
	(5579,3159,'Краснокаменск'),
	(5580,3159,'Красный Чикой'),
	(5581,3159,'Кыра'),
	(5582,3159,'Моготуй'),
	(5583,3159,'Могоча'),
	(5584,3159,'Нерчинск'),
	(5585,3159,'Нерчинский Завод'),
	(5586,3159,'Нижний Часучей'),
	(5587,3159,'Оловянная'),
	(5588,3159,'Первомайский'),
	(5589,3159,'Петровск-Забайкальский'),
	(5590,3159,'Приаргунск'),
	(5591,3159,'Сретенск'),
	(5592,3159,'Тупик'),
	(5593,3159,'Улеты'),
	(5594,3159,'Хилок'),
	(5595,3159,'Чара'),
	(5596,3159,'Чернышевск'),
	(5597,3159,'Чита'),
	(5598,3159,'Шелопугино'),
	(5599,3159,'Шилка'),
	(5601,3159,'Алатырь'),
	(5602,3159,'Аликово'),
	(5603,3159,'Батырева'),
	(5604,3159,'Буинск'),
	(5605,3159,'Вурнары'),
	(5606,3159,'Ибреси'),
	(5607,3159,'Канаш'),
	(5608,3159,'Киря'),
	(5609,3159,'Комсомольское'),
	(5610,3159,'Красноармейское'),
	(5611,3159,'Красные Четаи'),
	(5612,3159,'Кугеси'),
	(5613,3159,'Мариинский Посад'),
	(5614,3159,'Моргауши'),
	(5615,3159,'Новочебоксарск'),
	(5616,3159,'Порецкое'),
	(5617,3159,'Урмары'),
	(5618,3159,'Цивильск'),
	(5619,3159,'Чебоксары'),
	(5620,3159,'Шемурша'),
	(5621,3159,'Шумерля'),
	(5622,3159,'Ядрин'),
	(5623,3159,'Яльчики'),
	(5624,3159,'Янтиково'),
	(2415620,3159,'Анадырь'),
	(6711408,3159,'Билибино'),
	(5498759,3159,'Губкинский'),
	(12371093,3159,'Заполярный'),
	(5252498,3159,'Муравленко'),
	(5908547,3159,'Надым'),
	(5020365,3159,'Новый Уренгой'),
	(7717702,3159,'Ноябрьск'),
	(5641077,3159,'Пуровск'),
	(5019404,3159,'Салехард'),
	(10499269,3159,'Тарко'),
	(5626,3159,'Андропов'),
	(5627,3159,'Берендеево'),
	(5628,3159,'Большое Село'),
	(5629,3159,'Борисоглебский'),
	(5630,3159,'Брейтово'),
	(5631,3159,'Бурмакино'),
	(5632,3159,'Варегово'),
	(5633,3159,'Волга'),
	(5634,3159,'Гаврилов Ям'),
	(5635,3159,'Данилов'),
	(5636,3159,'Любим'),
	(5637,3159,'Мышкино'),
	(5638,3159,'Некрасовское'),
	(5639,3159,'Новый Некоуз'),
	(5640,3159,'Переславль-Залесский'),
	(5641,3159,'Пошехонье-Володарск'),
	(5642,3159,'Ростов'),
	(5643,3159,'Рыбинск'),
	(5644,3159,'Тутаев'),
	(5645,3159,'Углич'),
	(5646,3159,'Ярославль'),
	(6,4,'Балларат'),
	(7,4,'Бендиго'),
	(8,4,'Варрнамбул'),
	(9,4,'Водонга'),
	(10,4,'Гилонг'),
	(11,4,'Мелтон'),
	(12,4,'Мельбурн'),
	(13,4,'Милдура'),
	(14,4,'Траралгон'),
	(15,4,'Шеппартон'),
	(17,4,'Бунбури'),
	(18,4,'Гералдтон'),
	(19,4,'Калгурли'),
	(20,4,'Мандурах'),
	(21,4,'Олбани'),
	(22,4,'Перт'),
	(24,4,'Брисбен'),
	(25,4,'Бундаберг'),
	(26,4,'Гладстон'),
	(27,4,'Каирнс'),
	(28,4,'Калундра'),
	(29,4,'Маккей'),
	(30,4,'Мариборо'),
	(31,4,'Маунт-Иса'),
	(32,4,'Рокхамптон'),
	(33,4,'Таунсвилл'),
	(34,4,'Тувумба'),
	(36,4,'Албури'),
	(37,4,'Армидейл'),
	(38,4,'Батурст'),
	(39,4,'Брокен-Хилл'),
	(40,4,'Вагга-Вагга'),
	(41,4,'Воллонгонг'),
	(42,4,'Гоулбурн'),
	(43,4,'Дуббо-Дуббо'),
	(44,4,'Коффс-Харбор'),
	(45,4,'Куэнбиан'),
	(46,4,'Лисмор'),
	(47,4,'Ньюкастл'),
	(48,4,'Оранж'),
	(49,4,'Сидней'),
	(50,4,'Тамворт'),
	(52,4,'Алис Спрингс'),
	(53,4,'Дарвин'),
	(55,4,'Девонпорт'),
	(56,4,'Лаункестон'),
	(57,4,'Хобарт'),
	(59,4,'Канберра'),
	(61,4,'Аделаида'),
	(62,4,'Маунт-Гамбир'),
	(278090,63,'Айзенштадт'),
	(278094,63,'Амштеттен'),
	(278105,63,'Брегенц'),
	(278126,63,'Гмунден'),
	(278133,63,'Дорнбирн'),
	(278146,63,'Инсбрук'),
	(278156,63,'Кицбюэль'),
	(278170,63,'Куфштайн'),
	(278179,63,'Майрхофен'),
	(278245,63,'Трибен'),
	(278256,63,'Фельдкирх'),
	(278258,63,'Филлах'),
	(278261,63,'Фрайштадт'),
	(65,63,'Вена'),
	(67,63,'Велс'),
	(68,63,'Линц'),
	(69,63,'Стир'),
	(71,63,'Зальцбург'),
	(73,63,'Виллач'),
	(74,63,'Клагенфурт'),
	(76,63,'Венер-Нойштадт'),
	(10502867,63,'Мистельбах'),
	(78,63,'Грац'),
	(79,63,'Иннсбрук'),
	(80,63,'Леобен'),
	(83,81,'Агдам'),
	(84,81,'Агдаш'),
	(85,81,'Агджабеди'),
	(86,81,'Аджикенд'),
	(87,81,'Акстафа'),
	(88,81,'Али-Байрамлы'),
	(89,81,'Алунитаг'),
	(90,81,'Артем-Остров'),
	(91,81,'Астара'),
	(92,81,'Ахсу'),
	(93,81,'Баку'),
	(94,81,'Балаханы'),
	(95,81,'Банк'),
	(96,81,'Барда'),
	(97,81,'Белоканы'),
	(278009,81,'Биласувар'),
	(98,81,'Бинагади'),
	(99,81,'Бирмай'),
	(100,81,'Бузовна'),
	(101,81,'Варташен'),
	(102,81,'Гадрут'),
	(103,81,'Геокчай'),
	(104,81,'Гобустан'),
	(105,81,'Горадиз'),
	(106,81,'Гэтргян'),
	(107,81,'Дальмамедли'),
	(108,81,'Дашкесан'),
	(109,81,'Джалилабад'),
	(110,81,'Джебраил'),
	(111,81,'Дивичи'),
	(112,81,'Евлах'),
	(113,81,'Ждановск'),
	(114,81,'Закаталы'),
	(115,81,'Зангелан'),
	(116,81,'Зардоб'),
	(117,81,'Имишли'),
	(118,81,'Исмаиллы'),
	(119,81,'Истису'),
	(120,81,'Казанбулак'),
	(121,81,'Казах'),
	(122,81,'Кази-Магомед'),
	(123,81,'Карачала'),
	(124,81,'Касум-Исмаилов'),
	(125,81,'Кахи'),
	(126,81,'Кедабек'),
	(127,81,'Кельбаджар'),
	(128,81,'Кергез'),
	(129,81,'Кировобад'),
	(130,81,'Кировск'),
	(131,81,'Кировский'),
	(132,81,'Куба'),
	(133,81,'Кубатлы'),
	(134,81,'Куткашен'),
	(135,81,'Кюрдамир'),
	(136,81,'Ленкорань'),
	(137,81,'Лерик'),
	(138,81,'Маргуни'),
	(139,81,'Мардакерт'),
	(140,81,'Масаллы'),
	(141,81,'Маштага'),
	(142,81,'Мингечаур'),
	(143,81,'Мир-Башир'),
	(144,81,'Нафталан'),
	(145,81,'Нефтечала'),
	(146,81,'Пушкино'),
	(147,81,'Саатлы'),
	(148,81,'Сабирабад'),
	(149,81,'Сабуичи'),
	(150,81,'Сальяны'),
	(151,81,'Сиазань'),
	(152,81,'Сумгаит'),
	(153,81,'Тауз'),
	(154,81,'Уджары'),
	(155,81,'Физули'),
	(156,81,'Ханлар'),
	(157,81,'Хачмас'),
	(158,81,'Худат'),
	(159,81,'Шамхор'),
	(160,81,'Шаумяновск'),
	(161,81,'Шеки'),
	(162,81,'Шемаха'),
	(163,81,'Ярдымлы'),
	(165,81,'Степанокерт'),
	(166,81,'Шуша'),
	(168,81,'Джульфа'),
	(169,81,'Ильичевск'),
	(170,81,'Нахичевань'),
	(171,81,'Ордубад'),
	(172,81,'Шахбуз'),
	(175,173,'Ангуилья'),
	(176,173,'Сомбреро'),
	(179,177,'Азул'),
	(180,177,'Байя-Бланка'),
	(181,177,'Буэнос-Айрес'),
	(182,177,'Кампана'),
	(183,177,'Ла-Плата'),
	(184,177,'Мар-дель-Плата'),
	(185,177,'Мерседес'),
	(186,177,'Некочеа'),
	(187,177,'Олаварриа'),
	(188,177,'Пергамино'),
	(189,177,'Пунта-Альта'),
	(190,177,'Сан-Николас'),
	(191,177,'Тандил'),
	(192,177,'Трес-Арройос'),
	(193,177,'Чивилкой'),
	(195,177,'Хухуй'),
	(197,177,'Катамарка'),
	(199,177,'Альта-Грасия'),
	(200,177,'Вилла-Мариа'),
	(201,177,'Кордова'),
	(202,177,'Рио-Куарто'),
	(203,177,'Сан-Франсиско'),
	(205,177,'Гойя'),
	(206,177,'Корриентес'),
	(208,177,'Женераль-Рока'),
	(209,177,'Санта-Роза'),
	(211,177,'Ла-Риойя'),
	(213,177,'Мендоза'),
	(214,177,'Сан-Рафаель'),
	(216,177,'Посадас'),
	(218,177,'Ньюкуэн'),
	(220,177,'Салта'),
	(222,177,'Сан-Луис'),
	(224,177,'Сан-Хуан'),
	(226,177,'Рио-Галльегос'),
	(228,177,'Росарио'),
	(229,177,'Санта-Фе'),
	(231,177,'Сантьяго-дел-Эстеро'),
	(233,177,'Тукуман'),
	(235,177,'Формоза'),
	(237,177,'Пресиденсиа-Рокуэ-Сенз'),
	(238,177,'Ресистенсиа'),
	(240,177,'Комодоро-Ривадавия'),
	(242,177,'Конкордиа'),
	(243,177,'Консепсион-дель-Уругвай'),
	(244,177,'Парана'),
	(278010,245,'Апаран'),
	(278011,245,'Ванадзор'),
	(4121579,245,'Гюмри'),
	(4267241,245,'Раздан'),
	(278012,245,'Севан'),
	(247,245,'Ереван'),
	(7716144,7716093,'Балайм'),
	(250,248,'Антополь'),
	(251,248,'Барановичи'),
	(252,248,'Белоозерск'),
	(253,248,'Береза'),
	(254,248,'Береза Картуска'),
	(255,248,'Брест'),
	(256,248,'Высокое'),
	(257,248,'Ганцевичи'),
	(258,248,'Городище'),
	(259,248,'Давид-Городок'),
	(260,248,'Домачево'),
	(261,248,'Дрогичин'),
	(262,248,'Жабинка'),
	(263,248,'Ивацевичи'),
	(264,248,'Каменец'),
	(265,248,'Кобрин'),
	(266,248,'Лунинец'),
	(267,248,'Ляховичи'),
	(268,248,'Малорита'),
	(269,248,'Минск'),
	(270,248,'Пружаны'),
	(271,248,'Столин'),
	(273,248,'Барань'),
	(274,248,'Бегомль'),
	(275,248,'Бешенковичи'),
	(276,248,'Богушевск'),
	(277,248,'Браслав'),
	(278,248,'Верхнедвинск'),
	(279,248,'Ветрино'),
	(280,248,'Видзы'),
	(281,248,'Витебск'),
	(282,248,'Воропаево'),
	(283,248,'Глубокое'),
	(284,248,'Городок'),
	(285,248,'Дисна'),
	(286,248,'Докшицы'),
	(287,248,'Друя'),
	(288,248,'Дубровно'),
	(289,248,'Езерище'),
	(290,248,'Лепель'),
	(291,248,'Лиозно'),
	(292,248,'Миоры'),
	(293,248,'Новополоцк'),
	(294,248,'Орша'),
	(295,248,'Полоцк'),
	(296,248,'Поставы'),
	(297,248,'Россоны'),
	(298,248,'Сенно'),
	(299,248,'Толочин'),
	(300,248,'Ушачи'),
	(301,248,'Чашники'),
	(302,248,'Шарковщина'),
	(303,248,'Шумилино'),
	(305,248,'Белицк'),
	(306,248,'Большевик'),
	(307,248,'Брагин'),
	(308,248,'Буда-Кошелево'),
	(309,248,'Василевичи'),
	(310,248,'Васильевка'),
	(311,248,'Ветка'),
	(312,248,'Гомель'),
	(313,248,'Добруш'),
	(314,248,'Ельск'),
	(315,248,'Житковичи'),
	(316,248,'Жлобин'),
	(317,248,'Калинковичи'),
	(318,248,'Корма'),
	(319,248,'Лельчицы'),
	(320,248,'Лоев'),
	(321,248,'Мозырь'),
	(322,248,'Наровля'),
	(323,248,'Октябрьский'),
	(324,248,'Петриков'),
	(325,248,'Речица'),
	(326,248,'Рогачев'),
	(327,248,'Светлогорск'),
	(328,248,'Хойники'),
	(329,248,'Чечерск'),
	(331,248,'Большая Берестовица'),
	(332,248,'Волковыск'),
	(333,248,'Вороново'),
	(334,248,'Гродно'),
	(12363228,248,'Дятлово'),
	(335,248,'Желудок'),
	(336,248,'Зельва'),
	(337,248,'Ивье'),
	(338,248,'Козловщина'),
	(339,248,'Кореличи'),
	(340,248,'Лида'),
	(341,248,'Мосты'),
	(342,248,'Новогрудок'),
	(343,248,'Островец'),
	(344,248,'Ошмяны'),
	(345,248,'Свислочь'),
	(346,248,'Слоним'),
	(347,248,'Сморгонь'),
	(348,248,'Щучин'),
	(350,248,'Березино'),
	(351,248,'Бобр'),
	(352,248,'Борисов'),
	(353,248,'Вилейка'),
	(354,248,'Воложин'),
	(355,248,'Городея'),
	(356,248,'Дзержинск'),
	(357,248,'Жодино'),
	(358,248,'Заславль'),
	(359,248,'Зеленый Бор'),
	(360,248,'Ивенец'),
	(361,248,'Клецк'),
	(362,248,'Копыль'),
	(363,248,'Крупки'),
	(364,248,'Логойск'),
	(365,248,'Марьина Горка'),
	(367,248,'Молодечно'),
	(368,248,'Мядель'),
	(369,248,'Несвиж'),
	(366,248,'Пинск'),
	(370,248,'Слуцк'),
	(371,248,'Смолевичи'),
	(372,248,'Солигорск'),
	(373,248,'Старые Дороги'),
	(374,248,'Столбцы'),
	(375,248,'Узда'),
	(376,248,'Червень'),
	(378,248,'Белыничи'),
	(379,248,'Бобруйск'),
	(380,248,'Быхов'),
	(381,248,'Глуск'),
	(382,248,'Глуша'),
	(383,248,'Горки'),
	(384,248,'Гродзянка'),
	(385,248,'Елизово'),
	(386,248,'Кировск'),
	(387,248,'Климовичи'),
	(388,248,'Кличев'),
	(389,248,'Костюковичи'),
	(390,248,'Краснополье'),
	(391,248,'Кричев'),
	(392,248,'Круглое'),
	(393,248,'Могилев'),
	(394,248,'Мстиславль'),
	(395,248,'Осиповичи'),
	(396,248,'Славгород'),
	(397,248,'Хотимск'),
	(398,248,'Чаусы'),
	(399,248,'Чериков'),
	(400,248,'Шклов'),
	(403,401,'Белиз-Сити'),
	(406,404,'Антверпен'),
	(407,404,'Мешлен'),
	(278096,404,'Арлон'),
	(278107,404,'Брюгге'),
	(278124,404,'Гент'),
	(278186,404,'Монс'),
	(278192,404,'Намюр'),
	(278264,404,'Хасселт'),
	(409,404,'Брюссель'),
	(411,404,'Алост'),
	(412,404,'Сант-Никлас'),
	(414,404,'Бруже'),
	(415,404,'Куртра'),
	(416,404,'Роселар'),
	(418,404,'Генк'),
	(420,404,'Льеж'),
	(421,404,'Сераинг'),
	(423,404,'Ла-Лювьер'),
	(424,404,'Шарлеруа'),
	(427,425,'Гамильтон'),
	(278091,428,'Албена'),
	(278103,428,'Боровец'),
	(278118,428,'Враца'),
	(2183651,428,'Добрич'),
	(278137,428,'Елхово'),
	(278142,428,'Золотые Пески'),
	(278149,428,'Камчия'),
	(278167,428,'Кранево'),
	(278171,428,'Кюстендил'),
	(278175,428,'Ловеч'),
	(278185,428,'Михайловград'),
	(278213,428,'Разград'),
	(278220,428,'Русе'),
	(278221,428,'Сандански'),
	(278224,428,'Свиленград'),
	(278226,428,'Свиштов'),
	(278246,428,'Тырговиште'),
	(278263,428,'Хасково'),
	(278269,428,'Шабла'),
	(430,428,'Бургас'),
	(432,428,'Варна'),
	(434,428,'Велико Тарново'),
	(435,428,'Горна Джумая'),
	(437,428,'Видин'),
	(439,428,'Габрово'),
	(441,428,'Пазарджик'),
	(443,428,'Перник'),
	(445,428,'Плевен'),
	(447,428,'Асеновград'),
	(10505384,428,'Карлово'),
	(448,428,'Пловдив'),
	(450,428,'Рус'),
	(452,428,'Силистра'),
	(454,428,'Сливен'),
	(456,428,'София'),
	(458,428,'Казанлак'),
	(459,428,'Стара Загора'),
	(461,428,'Димитровград'),
	(462,428,'Кхасково'),
	(464,428,'Шумен'),
	(466,428,'Ямбол'),
	(469,467,'Рио-Бранко'),
	(471,467,'Арапирака'),
	(472,467,'Макейо'),
	(474,467,'Манаус'),
	(476,467,'Макапа'),
	(478,467,'Алагойнас'),
	(479,467,'Байя'),
	(480,467,'Виториа-да-Конкиста'),
	(481,467,'Витория'),
	(482,467,'Жекуи'),
	(483,467,'Жуазейро'),
	(484,467,'Илхеус'),
	(485,467,'Итабуна'),
	(486,467,'Итапетинга'),
	(487,467,'Сальвадор'),
	(488,467,'Санта-Мария'),
	(489,467,'Фейра-де-Сантана'),
	(491,467,'Анаполис'),
	(492,467,'Гояния'),
	(494,467,'Бакабаль'),
	(495,467,'Кахиас'),
	(496,467,'Сан-Луис'),
	(498,467,'Куйяба'),
	(500,467,'Кампо-Гранде'),
	(501,467,'Корумба'),
	(502,467,'Трес-Лагоас'),
	(504,467,'Арха'),
	(505,467,'Барбасена'),
	(506,467,'Белу-Оризонти'),
	(507,467,'Варгина'),
	(508,467,'Говернадор-Валадарес'),
	(509,467,'Дивинополис'),
	(510,467,'Жуис-де-Фора'),
	(511,467,'Итажуба'),
	(512,467,'Каратинга'),
	(513,467,'Катагуасес'),
	(514,467,'Монтес-Кларос'),
	(515,467,'Пассос'),
	(516,467,'Покос-де-Кальдас'),
	(517,467,'Сан-Жоау-дель-Рей'),
	(518,467,'Теофилу-Отони'),
	(519,467,'Убераба'),
	(520,467,'Уберландиа'),
	(522,467,'Белен'),
	(523,467,'Сантарем'),
	(525,467,'Жоао-Пессоа'),
	(526,467,'Кажазейрас'),
	(528,467,'Кампина-Гранде'),
	(529,467,'Куритиба'),
	(530,467,'Лондрина'),
	(531,467,'Паранагуа'),
	(532,467,'ПонтахГросса'),
	(534,467,'Гаранхунс'),
	(535,467,'Каруару'),
	(536,467,'Олинда'),
	(537,467,'Петролина'),
	(538,467,'Ресифе'),
	(540,467,'Парнаиба'),
	(541,467,'Тересина'),
	(543,467,'Вольта-Редонда'),
	(544,467,'Кампос'),
	(545,467,'Масау'),
	(546,467,'Нитерои'),
	(547,467,'Параиба-ду-Сул'),
	(548,467,'Петрополис'),
	(549,467,'Рио-де-Жанейро'),
	(551,467,'Кайку'),
	(552,467,'Моссору'),
	(553,467,'Наталь'),
	(555,467,'Алегрете'),
	(556,467,'Баге'),
	(557,467,'Кахиас-до-Сул'),
	(558,467,'Качоэйра-до-Сул'),
	(559,467,'Круз-Альта'),
	(560,467,'Пассо-Фундо'),
	(561,467,'Пелотас'),
	(562,467,'Порту-Алегри'),
	(563,467,'Рио-Гранде'),
	(564,467,'Сан-Леопольдо'),
	(565,467,'Сантана-до-Ливраменто'),
	(566,467,'Санто-Ангело'),
	(567,467,'Уругвайяна'),
	(569,467,'Порту-Велью'),
	(571,467,'Аракатуба'),
	(572,467,'Арараквира'),
	(573,467,'Барретос'),
	(574,467,'Бауру'),
	(575,467,'Бебедоуро'),
	(576,467,'Ботукату'),
	(577,467,'Жау'),
	(578,467,'Жундиаи'),
	(579,467,'Кампинас'),
	(580,467,'Катандува'),
	(581,467,'Лимейра'),
	(582,467,'Линс'),
	(583,467,'Марилия'),
	(584,467,'Пиракикаба'),
	(585,467,'Пресиденте-Пруденте'),
	(586,467,'Рибейрао-Прето'),
	(587,467,'Сан-Бернардо-ду-Кампу'),
	(588,467,'Сан-Жоау-да-Боа-Виста'),
	(589,467,'Сан-Паулу'),
	(590,467,'Сан-Хосе-до-Рио-Прето'),
	(591,467,'Сантос'),
	(592,467,'Сорокаба'),
	(593,467,'Таубати'),
	(594,467,'Франка'),
	(596,467,'Арагуари'),
	(597,467,'Блуменау'),
	(598,467,'Жоинвиле'),
	(599,467,'Итажаи'),
	(600,467,'Лахес'),
	(601,467,'Тубарао'),
	(602,467,'Флорианополис'),
	(604,467,'Жуазейру-ду-Норте'),
	(605,467,'Игуату'),
	(606,467,'Крато'),
	(607,467,'Собраль'),
	(608,467,'Форталеза'),
	(610,467,'Аракажу'),
	(612,467,'Бразилия'),
	(614,467,'Качоэйру-де-Итапемирим'),
	(615,467,'Колатина'),
	(618,616,'Абингдон'),
	(619,616,'Айлесбюри'),
	(620,616,'Аккрингтон'),
	(621,616,'Алдершот'),
	(622,616,'Алтринчам'),
	(623,616,'Андовер'),
	(624,616,'Аштон-андер-Лин'),
	(625,616,'Аштон-ин-Макерфилд'),
	(626,616,'Байдфорд'),
	(627,616,'Банбери'),
	(628,616,'Банстед'),
	(629,616,'Барнли'),
	(630,616,'Барнсли'),
	(631,616,'Барнстапл'),
	(632,616,'Барроу-ин-Фарнесс'),
	(633,616,'Бартон-он-Трент'),
	(634,616,'Бас'),
	(635,616,'Басингсток'),
	(636,616,'Батли'),
	(637,616,'Беверли'),
	(638,616,'Бедворт'),
	(639,616,'Бедфорд'),
	(640,616,'Бексли'),
	(641,616,'Бервик-он-Твид'),
	(642,616,'Биркенхед'),
	(643,616,'Бирмингем'),
	(644,616,'Бистон'),
	(645,616,'Бишоп-Окленд'),
	(646,616,'Блэкберн'),
	(647,616,'Блэкпул'),
	(648,616,'Болтон'),
	(649,616,'Боримут'),
	(650,616,'Бостон'),
	(651,616,'Брадфорд'),
	(652,616,'Брайтон'),
	(653,616,'Брентвуд'),
	(654,616,'Бриджуотер'),
	(655,616,'Бридлингтон'),
	(656,616,'Бристоль'),
	(657,616,'Бромсгров'),
	(658,616,'Бури'),
	(659,616,'Бури-Сант-Эдмондс'),
	(660,616,'Бутл'),
	(661,616,'Валласи'),
	(662,616,'Валлсенд'),
	(663,616,'Валсалл'),
	(664,616,'Валтон'),
	(665,616,'Варвик'),
	(666,616,'Варрингтон'),
	(667,616,'Ватерлоо'),
	(668,616,'Ватфорд'),
	(669,616,'Вейкфилд'),
	(670,616,'Велвин-Гарден-Сити'),
	(671,616,'Вест-Бромвич'),
	(672,616,'Вестон-супер-Мар'),
	(673,616,'Виган'),
	(674,616,'Виднес'),
	(675,616,'Вимоут'),
	(676,616,'Виндзор'),
	(677,616,'Винчестер'),
	(678,616,'Висбеч'),
	(679,616,'Вокинг'),
	(680,616,'Вокингем'),
	(681,616,'Ворчестер'),
	(682,616,'Вулвергемптон'),
	(683,616,'Гейтшид'),
	(684,616,'Глоссоп'),
	(685,616,'Глочестер'),
	(686,616,'Годалминг'),
	(687,616,'Голборн'),
	(688,616,'Госпорт'),
	(689,616,'Госфорт'),
	(690,616,'Грантхем'),
	(691,616,'Гримсби'),
	(692,616,'Грисби'),
	(693,616,'Грэйт-Ярмут'),
	(694,616,'Гуилдфорд'),
	(695,616,'Дадли'),
	(696,616,'Дарлингтон'),
	(697,616,'Дартфорд'),
	(698,616,'Дерби'),
	(699,616,'Джерроу'),
	(700,616,'Донкастер'),
	(701,616,'Дувр'),
	(702,616,'Дурхем'),
	(703,616,'Дьюсбури'),
	(704,616,'Ексетер'),
	(705,616,'Ипсвич'),
	(706,616,'Ист-Гринстед'),
	(707,616,'Истлейг'),
	(708,616,'Йорк'),
	(709,616,'Каннок'),
	(710,616,'Карлисл'),
	(711,616,'Карлтон'),
	(712,616,'Кастлфорд'),
	(713,616,'Кейгли'),
	(714,616,'Кембридж'),
	(715,616,'Кендал'),
	(716,616,'Кенилворт'),
	(717,616,'Кентербери'),
	(718,616,'Кеттеринг'),
	(719,616,'Киддерминстер'),
	(720,616,'Кингс-Линн'),
	(721,616,'Киркби'),
	(722,616,'Клактон-Он-Си'),
	(723,616,'Ковентри'),
	(724,616,'Колчестер'),
	(725,616,'Корби'),
	(726,616,'Кристчерч'),
	(727,616,'Кросби'),
	(728,616,'Кроули'),
	(729,616,'Крю'),
	(730,616,'Ланкастер'),
	(731,616,'Лаустофт'),
	(732,616,'Лейг'),
	(733,616,'Ливерпуль'),
	(734,616,'Лидс'),
	(735,616,'Линкольн'),
	(736,616,'Литам-Сант-Аннес'),
	(737,616,'Литерхед'),
	(738,616,'Литлгемптон'),
	(739,616,'Личфилд'),
	(740,616,'Лондон'),
	(741,616,'Лугборо'),
	(742,616,'Лутон'),
	(743,616,'Майденхед'),
	(744,616,'Майдстоун'),
	(745,616,'Макклесфилд'),
	(746,616,'Мансфилд'),
	(747,616,'Манчестер'),
	(748,616,'Маргейт'),
	(749,616,'Миддлсбро'),
	(750,616,'Миддлтаун'),
	(1924057,616,'Милтон Кинз'),
	(763,616,'Минск'),
	(751,616,'Морли'),
	(752,616,'Наилси'),
	(753,616,'Норвич'),
	(754,616,'Нортвич'),
	(755,616,'Нортгемптон'),
	(756,616,'Нортфлит'),
	(757,616,'Ноттингем'),
	(758,616,'Нунитон'),
	(759,616,'Ньюарк'),
	(760,616,'Ньюкасл-он-Тайн'),
	(761,616,'Ньюкастле-андер-Лим'),
	(762,616,'Ньюпорт'),
	(3141531,616,'Оксфорд'),
	(764,616,'Олдхам'),
	(765,616,'Ормскирк'),
	(766,616,'Оссетт'),
	(767,616,'Падси'),
	(768,616,'Пайнтон'),
	(769,616,'Пензанк'),
	(770,616,'Петерборо'),
	(771,616,'Петерли'),
	(772,616,'Плимут'),
	(773,616,'Портсмут'),
	(774,616,'Прескот'),
	(775,616,'Престон'),
	(776,616,'Пул'),
	(777,616,'Рагби'),
	(778,616,'Радклифф'),
	(779,616,'Райд'),
	(780,616,'Рамсгейт'),
	(781,616,'Ранкорн'),
	(782,616,'Реддитч'),
	(783,616,'Редкар'),
	(784,616,'Рейгейт'),
	(785,616,'Рейли'),
	(786,616,'Ридинг'),
	(787,616,'Роиал-Тунбридж-Уэллс'),
	(788,616,'Ротерхам'),
	(789,616,'Рочестер'),
	(790,616,'Рошдейл'),
	(791,616,'Салфорд'),
	(792,616,'Сандерленд'),
	(793,616,'Сант-Албанс'),
	(794,616,'Сант-Аустель'),
	(795,616,'Сант-Хеленс'),
	(796,616,'Саттон-ин-Ашфилд'),
	(797,616,'Саут-Шилдс'),
	(798,616,'Саутгэмптон'),
	(799,616,'Саутенд-он-Си'),
	(800,616,'Саутпорт'),
	(801,616,'Сванли'),
	(802,616,'Свиндон'),
	(803,616,'Свинтон'),
	(804,616,'Севеноакс'),
	(805,616,'Сейл'),
	(806,616,'Сейлсбури'),
	(807,616,'Ситтингборн'),
	(808,616,'Сихам'),
	(809,616,'Сканторп'),
	(810,616,'Скарборо'),
	(811,616,'Слоуг'),
	(812,616,'Солихалл'),
	(813,616,'Стайнс'),
	(814,616,'Стаффорд'),
	(815,616,'Стенли'),
	(816,616,'Стивенейдж'),
	(817,616,'Стокпорт'),
	(818,616,'Стоктон'),
	(819,616,'Стоктон-он-Тис'),
	(820,616,'Стоурбридж'),
	(821,616,'Стратфорд-он-Эйвон'),
	(822,616,'Стретфорд'),
	(823,616,'Строуд'),
	(824,616,'Татчхем'),
	(825,616,'Таунтон'),
	(826,616,'Тонбридж'),
	(827,616,'Торкуэй'),
	(828,616,'Торнаби-он-Тис'),
	(829,616,'Траубридж'),
	(830,616,'Уайтхейен'),
	(831,616,'Урмстон'),
	(832,616,'Фалмаут'),
	(833,616,'Фарнборо'),
	(834,616,'Фарнворт'),
	(835,616,'Фарнхем'),
	(836,616,'Фейрхам'),
	(837,616,'Феликстов'),
	(838,616,'Флитвуд'),
	(839,616,'Фолькстон'),
	(840,616,'Формби'),
	(841,616,'Хавант'),
	(842,616,'Хаддерсфилд'),
	(843,616,'Хазел-Гров'),
	(844,616,'Хай-Викомб'),
	(845,616,'Халифакс'),
	(846,616,'Харлоу'),
	(847,616,'Харпенден'),
	(848,616,'Харрогейт'),
	(849,616,'Хартлепул'),
	(850,616,'Хастингс'),
	(851,616,'Хатфилд'),
	(852,616,'Хейвардс-Хит'),
	(853,616,'Хейлсовен'),
	(854,616,'Хемел-Хемпстед'),
	(855,616,'Херефорд'),
	(856,616,'Хертфорд'),
	(857,616,'Хивуд'),
	(858,616,'Хид'),
	(859,616,'Хиндли'),
	(860,616,'Хинкли'),
	(861,616,'Хойлайк'),
	(862,616,'Хорсхем'),
	(863,616,'Хоув'),
	(864,616,'Хьютон-вит-Роби'),
	(865,616,'Чапелтаун'),
	(866,616,'Чатхем'),
	(867,616,'Челмсфорд'),
	(868,616,'Челтенхам'),
	(869,616,'Честер'),
	(870,616,'Честерфилд'),
	(871,616,'Чешант'),
	(872,616,'Чичестер'),
	(873,616,'Чорли'),
	(874,616,'Шеффилд'),
	(875,616,'Шипли'),
	(876,616,'Шревсбури'),
	(877,616,'Эллесмер-Порт'),
	(878,616,'Эпсом'),
	(879,616,'Эшер'),
	(880,616,'Эшфорд'),
	(278088,616,'Авимор'),
	(278102,616,'Борнмут'),
	(278182,616,'Махриханиш'),
	(882,616,'Баллимена'),
	(883,616,'Бангор'),
	(884,616,'Белфаст'),
	(885,616,'Колерайн'),
	(886,616,'Лондондерри'),
	(887,616,'Ньюри'),
	(888,616,'Ньютаунабби'),
	(890,616,'Абердар'),
	(891,616,'Барри'),
	(892,616,'Врексхам'),
	(893,616,'Кардифф'),
	(894,616,'Керфилли'),
	(895,616,'Мертир-Тидвил'),
	(896,616,'Порт Талбот'),
	(897,616,'Рондда'),
	(898,616,'Сванси'),
	(900,616,'Абердин'),
	(901,616,'Айрдри'),
	(902,616,'Арброат'),
	(903,616,'Глазго'),
	(904,616,'Гринок'),
	(905,616,'Данди'),
	(906,616,'Данфермлин'),
	(907,616,'Думбартон'),
	(908,616,'Думфрис'),
	(909,616,'Инвернесс'),
	(910,616,'Ирвин'),
	(911,616,'Ист-Килбрайд'),
	(912,616,'Камберналд'),
	(913,616,'Килмарнок'),
	(914,616,'Кирккалди'),
	(915,616,'Коатбридж'),
	(916,616,'Мотервелл'),
	(917,616,'Паисли'),
	(918,616,'Перт'),
	(919,616,'Ренфро'),
	(920,616,'Стирлинг'),
	(921,616,'Фалкирк'),
	(922,616,'Хамилтон'),
	(923,616,'Эдинбург'),
	(926,924,'Сольнок'),
	(927,924,'Яшберены'),
	(929,924,'Печ'),
	(931,924,'Байя'),
	(932,924,'Кечкемет'),
	(933,924,'Кискунфелегихаза'),
	(935,924,'Бекешсаба'),
	(937,924,'Мишкольц'),
	(938,924,'Озд'),
	(940,924,'Будапешт'),
	(942,924,'Жомбатели'),
	(944,924,'Вешпрем'),
	(4778176,924,'Мошонмадьяровар'),
	(946,924,'Сопрон'),
	(948,924,'Залегержег'),
	(949,924,'Нагиканиша'),
	(951,924,'Татабаня'),
	(953,924,'Салготарян'),
	(955,924,'Сеглед'),
	(957,924,'Ныйрегихаза'),
	(959,924,'Дунауйварош'),
	(960,924,'Шекесфехервар'),
	(962,924,'Дебрецен'),
	(963,924,'Хайдубошормены'),
	(965,924,'Гионгиос'),
	(966,924,'Эгер'),
	(968,924,'Сегед'),
	(969,924,'Сентес'),
	(970,924,'Ходмезовасархели'),
	(973,971,'Кан-То'),
	(974,971,'Рач-Гиа'),
	(976,971,'Нам-Динх'),
	(977,971,'Хайфон'),
	(978,971,'Ханой'),
	(980,971,'Вунг-Тау'),
	(981,971,'Сайгон'),
	(983,971,'Дананг'),
	(984,971,'Нячанг'),
	(985,971,'Пхан-Тхит'),
	(986,971,'Туи-Хоа'),
	(988,971,'Винь'),
	(989,971,'Хуэ'),
	(991,971,'Хон-Гаи'),
	(993,971,'Плейку'),
	(996,994,'Гонаивес'),
	(998,994,'Джереми'),
	(1000,994,'Порт-де-Пакс'),
	(1002,994,'Порт-о-Пренс'),
	(1004,994,'Лес-Кайес'),
	(1006,994,'Джакмель'),
	(1009,1007,'Пойнт-а-Питр'),
	(1011,1007,'Бассе-Терре'),
	(1014,1012,'Берлин'),
	(1016,1012,'Бранденбург'),
	(1017,1012,'Котбус'),
	(1018,1012,'Потсдам'),
	(1019,1012,'Франкфурт-на-Одере'),
	(1021,1012,'Висмар'),
	(1022,1012,'Грейфсвальд'),
	(1023,1012,'Гюстров'),
	(1024,1012,'Нойебранденбург'),
	(1025,1012,'Росток'),
	(1026,1012,'Шверин'),
	(1027,1012,'Штральзунд'),
	(1029,1012,'Баутцен'),
	(1030,1012,'Герлиц'),
	(1031,1012,'Дрезден'),
	(1032,1012,'Лейпциг'),
	(1033,1012,'Мейссен'),
	(1034,1012,'Пирна'),
	(1035,1012,'Плауэн'),
	(1036,1012,'Радебюль'),
	(1037,1012,'Риса'),
	(1038,1012,'Фрейтал'),
	(1039,1012,'Хемниц'),
	(1040,1012,'Хойерсверда'),
	(1041,1012,'Цвикау'),
	(1042,1012,'Циттау'),
	(1044,1012,'Бернбург'),
	(1045,1012,'Вейссенфельс'),
	(1046,1012,'Виттенберг'),
	(10501439,1012,'Волмирстэдт'),
	(1047,1012,'Дессау'),
	(1048,1012,'Зейтз'),
	(1049,1012,'Магдебург'),
	(1050,1012,'Мерсебург'),
	(1051,1012,'Халберштадт'),
	(1052,1012,'Шонебек'),
	(1054,1012,'Альтенбург'),
	(1055,1012,'Веймар'),
	(1056,1012,'Вернигероде'),
	(1057,1012,'Гера'),
	(1058,1012,'Гота'),
	(1059,1012,'Йена'),
	(1060,1012,'Мёлхаусен'),
	(7592385,1012,'Майнинген'),
	(1061,1012,'Нордхаузен'),
	(1062,1012,'Эизенах'),
	(1063,1012,'Эрфурт'),
	(1065,1012,'Амберг'),
	(1066,1012,'Аугсбург'),
	(1067,1012,'Ашхаффенбург'),
	(1068,1012,'Бамберг'),
	(5556340,1012,'Бургхаузен'),
	(1069,1012,'Бэйреут'),
	(1070,1012,'Вейден'),
	(1071,1012,'Вюрцбург'),
	(4285318,1012,'Дингольфинг'),
	(1072,1012,'Ерланген'),
	(1073,1012,'Ингольштадт'),
	(1074,1012,'Кемптен'),
	(1075,1012,'Кобург'),
	(1076,1012,'Ландсхут'),
	(3839871,1012,'Нойётинг'),
	(1077,1012,'Нюрнберг'),
	(1078,1012,'Пасау'),
	(1079,1012,'Регенсбург'),
	(7718848,1012,'Розенхейм'),
	(1080,1012,'Фурт'),
	(1081,1012,'Хоф'),
	(1082,1012,'Швейнфурт'),
	(1084,1012,'Баден-Баден'),
	(1085,1012,'Гоппинген'),
	(3662512,1012,'Гральхейм'),
	(1086,1012,'Зинделфинген'),
	(1087,1012,'Карлсруэ'),
	(1088,1012,'Констанц'),
	(1089,1012,'Людвигсбург'),
	(1090,1012,'Мангейм'),
	(1091,1012,'Пфорзхейм'),
	(7718155,1012,'Роттвайл'),
	(1092,1012,'Рютлинген'),
	(7718164,1012,'Туттлинген'),
	(1093,1012,'Тюбинген'),
	(1094,1012,'Ульм'),
	(7718175,1012,'Филлинген-Швеннинген'),
	(1095,1012,'Фрейберг'),
	(1096,1012,'Фридрихсхафен'),
	(1097,1012,'Хейдельберг'),
	(1098,1012,'Хейденхейм-ан-дер-Бренц'),
	(1099,1012,'Хейлбронн'),
	(1100,1012,'Швабиш-Гмунд'),
	(1101,1012,'Штутгарт'),
	(1102,1012,'Эсслинген'),
	(1104,1012,'Бремен'),
	(1105,1012,'Бремерхавен'),
	(1107,1012,'Гамбург'),
	(278097,1012,'Ауе'),
	(278098,1012,'Бад Киссинген'),
	(278099,1012,'Бад Херсфельд'),
	(278106,1012,'Бремерхафен'),
	(278110,1012,'Вайден'),
	(278111,1012,'Вайсенбург'),
	(278114,1012,'Варен'),
	(278122,1012,'Гарделеген'),
	(278125,1012,'Геттинген'),
	(278134,1012,'Дортмунд'),
	(278140,1012,'Засниц'),
	(278154,1012,'Кельн'),
	(278174,1012,'Линген'),
	(278189,1012,'Мюльдорф'),
	(278190,1012,'Мюнхен'),
	(278195,1012,'Ольденбург'),
	(278203,1012,'Плауен'),
	(278239,1012,'Тетеров'),
	(278260,1012,'Фрайбург'),
	(278267,1012,'Хузум'),
	(1109,1012,'Бад-Хомбург-вор-дер-Хох'),
	(1110,1012,'Висбаден'),
	(1111,1012,'Гиссен'),
	(1112,1012,'Дармштадт'),
	(1113,1012,'Кассель'),
	(1114,1012,'Марбург-ан-дер-Лан'),
	(1115,1012,'Оффенбах'),
	(1116,1012,'Руссельшейм'),
	(1117,1012,'Франкфурт-на-Майне'),
	(1118,1012,'Фульда'),
	(1119,1012,'Ханау'),
	(4285698,1012,'Salzgitter'),
	(4285678,1012,'Брауншвейг'),
	(1121,1012,'Вильгельмсхавен'),
	(1122,1012,'Волфенбуттель'),
	(1123,1012,'Вольфсбург'),
	(1124,1012,'Ганновер'),
	(1125,1012,'Гослар'),
	(1126,1012,'Готтинген'),
	(1127,1012,'Дельменхорст'),
	(1128,1012,'Куксхавен'),
	(1129,1012,'Лунебург'),
	(1130,1012,'Нордхорн'),
	(1131,1012,'Олденбург'),
	(1132,1012,'Оснабрюк'),
	(1133,1012,'Селл'),
	(1134,1012,'Хамельн'),
	(1135,1012,'Хильдешейм'),
	(1136,1012,'Эмден'),
	(1138,1012,'Бад-Крейцнах'),
	(1139,1012,'Вормс'),
	(1140,1012,'Кайзерслаутерн'),
	(1141,1012,'Кобленц'),
	(1142,1012,'Людвигшафен'),
	(1143,1012,'Майнц'),
	(1144,1012,'Ньюштадт-ан-дер-Вейнштрассе'),
	(1145,1012,'Пирмасенс'),
	(1146,1012,'Спейер'),
	(1147,1012,'Трир'),
	(1148,1012,'Франкенталь'),
	(3024146,1012,'Саарлэнд'),
	(1150,1012,'Ньюнкирхен'),
	(1151,1012,'Саарбрюкен'),
	(4049698,1012,'Beckum'),
	(1153,1012,'Аахен'),
	(1154,1012,'Айзерлон'),
	(1155,1012,'Ален'),
	(1156,1012,'Бад-Зальцуфлен'),
	(1157,1012,'Бергиш-Гладбах'),
	(1158,1012,'Билефельд'),
	(1159,1012,'Бонн'),
	(1160,1012,'Бохольт'),
	(1161,1012,'Бохум'),
	(1162,1012,'Брул'),
	(1163,1012,'Весел'),
	(1164,1012,'Вирсен'),
	(1165,1012,'Виттен'),
	(1166,1012,'Вупперталь'),
	(1167,1012,'Гельзенкирхен'),
	(1168,1012,'Гуммерсбах'),
	(1169,1012,'Гутерсло'),
	(1170,1012,'Детмольд'),
	(1171,1012,'Дойсбург'),
	(2331847,1012,'Дортмунд'),
	(1172,1012,'Дурен'),
	(1173,1012,'Дюссельдорф'),
	(1193,1012,'Зиген'),
	(1174,1012,'Золинген'),
	(1175,1012,'Кёльн'),
	(1176,1012,'Крефельд'),
	(1177,1012,'Леверкузен'),
	(1178,1012,'Липпштадт'),
	(1179,1012,'Лунен'),
	(1180,1012,'Люденсхейд'),
	(1181,1012,'Малхейм-ан-дер-Рур'),
	(1182,1012,'Марл'),
	(1183,1012,'Минден'),
	(1184,1012,'Монхенгладбах'),
	(1185,1012,'Мюнстер'),
	(7717879,1012,'Нидеркассель'),
	(1186,1012,'Ньюсс'),
	(1187,1012,'Оберхаузен'),
	(1188,1012,'Падерборн'),
	(1189,1012,'Ратинген'),
	(1190,1012,'Рейн'),
	(1191,1012,'Ремшейд'),
	(1192,1012,'Сест'),
	(1194,1012,'Стендаль'),
	(1195,1012,'Хаген'),
	(7718218,1012,'Хамм'),
	(1196,1012,'Харт'),
	(1197,1012,'Херн'),
	(1198,1012,'Херфорд'),
	(1199,1012,'Эскирхен'),
	(1200,1012,'Эссен'),
	(1202,1012,'Киль'),
	(1203,1012,'Любек'),
	(5640607,1012,'Ноймюнстер'),
	(1204,1012,'Фленсбург'),
	(1205,1012,'Эльмсхорн'),
	(1208,1206,'Апельдоорн'),
	(1209,1206,'Арнхем'),
	(1210,1206,'Нижмеген'),
	(1211,1206,'Реден'),
	(1212,1206,'Эд'),
	(1214,1206,'Гронинген'),
	(1216,1206,'Эммен'),
	(1218,1206,'Венло'),
	(1219,1206,'Керкрад'),
	(1220,1206,'Маастрихт'),
	(1221,1206,'Хеерлен'),
	(1223,1206,'Альмело'),
	(1224,1206,'Девентер'),
	(1225,1206,'Хенгело'),
	(1226,1206,'Эншед'),
	(1228,1206,'Алькмаар'),
	(1229,1206,'Амстельвеен'),
	(1230,1206,'Амстердам'),
	(1231,1206,'Велсен'),
	(1232,1206,'Ден-Хельдер'),
	(1233,1206,'Хаарлем'),
	(1234,1206,'Хилверсум'),
	(1236,1206,'Бреда'),
	(1237,1206,'Тилбург'),
	(1238,1206,'Хелмонд'),
	(1239,1206,'Эйндховен'),
	(1241,1206,'Амерсфоорт'),
	(1242,1206,'Зейст'),
	(1243,1206,'Утрехт'),
	(1245,1206,'Лееварден'),
	(1247,1206,'Влаардинген'),
	(1248,1206,'Гуда'),
	(1249,1206,'Дельфт'),
	(1250,1206,'Дордрехт'),
	(1251,1206,'Заандам'),
	(1252,1206,'Зволь'),
	(1253,1206,'Лейден'),
	(1254,1206,'Роттердам'),
	(1255,1206,'Хаге'),
	(1256,1206,'Шевенинген'),
	(1257,1206,'Шидам'),
	(2567466,2567393,'Тегусигальпа'),
	(279136,277557,'Гонконг'),
	(1260,1258,'Патры'),
	(1262,1258,'Афины'),
	(1263,1258,'Пирей'),
	(1265,1258,'Драма'),
	(1267,1258,'Александруполис'),
	(1269,1258,'Хания'),
	(1271,1258,'Иоаннина'),
	(1273,1258,'Ираклион'),
	(1275,1258,'Кавалла'),
	(1277,1258,'Волос'),
	(1279,1258,'Фессалоники'),
	(6128656,1258,'Керкира'),
	(1282,1280,'Авадхара'),
	(1283,1280,'Гагра'),
	(1284,1280,'Гали'),
	(1285,1280,'Гудаута'),
	(1286,1280,'Гульрипш'),
	(1287,1280,'Новый Афон'),
	(1288,1280,'Очамчиров'),
	(1289,1280,'Пицунда'),
	(1290,1280,'Сухуми'),
	(1291,1280,'Ткварчели'),
	(1293,1280,'Батуми'),
	(1294,1280,'Кобулети'),
	(1295,1280,'Хуло'),
	(1297,1280,'Абастумани'),
	(1298,1280,'Абаша'),
	(1299,1280,'Агара'),
	(1300,1280,'Адигени'),
	(1301,1280,'Амбролаури'),
	(1302,1280,'Аспиндза'),
	(1303,1280,'Ахалкалаки'),
	(1304,1280,'Ахалцихе'),
	(1305,1280,'Ахмета'),
	(1306,1280,'Бакуриани'),
	(1307,1280,'Богдановка'),
	(1308,1280,'Болниси'),
	(1309,1280,'Боржоми'),
	(1310,1280,'Вани'),
	(1311,1280,'Гардабани'),
	(1312,1280,'Гегечкори'),
	(1313,1280,'Гори'),
	(1314,1280,'Гурджаани'),
	(1315,1280,'Джвари'),
	(1316,1280,'Дманиси'),
	(1317,1280,'Душети'),
	(1318,1280,'Зестафони'),
	(1319,1280,'Зугдиди'),
	(1320,1280,'Казбеги'),
	(1321,1280,'Карели'),
	(1322,1280,'Каспи'),
	(1323,1280,'Кваиси'),
	(1324,1280,'Кварели'),
	(1325,1280,'Коджори'),
	(1326,1280,'Кутаиси'),
	(1327,1280,'Лагодехи'),
	(1328,1280,'Ланчхути'),
	(1329,1280,'Ленингори'),
	(1330,1280,'Лентехи'),
	(1331,1280,'Марнеули'),
	(1332,1280,'Махарадзе'),
	(1333,1280,'Маяковский'),
	(1334,1280,'Местиа'),
	(1335,1280,'Они'),
	(1336,1280,'Орджоникидзе'),
	(1337,1280,'Пасанаури'),
	(1338,1280,'Поти'),
	(1339,1280,'Рустави'),
	(1340,1280,'Сагареджо'),
	(1341,1280,'Самтредиа'),
	(1342,1280,'Сачхере'),
	(1343,1280,'Сигнахи'),
	(1344,1280,'Тбилиси'),
	(1345,1280,'Телави'),
	(1346,1280,'Тержола'),
	(1347,1280,'Тетри-Цкаро'),
	(1348,1280,'Тианети'),
	(1349,1280,'Ткибули'),
	(1350,1280,'Хашури'),
	(1351,1280,'Хоби'),
	(1352,1280,'Цагери'),
	(1353,1280,'Цаленджиха'),
	(1354,1280,'Цалка'),
	(1355,1280,'Цители-Цкаро'),
	(1356,1280,'Цнори'),
	(1357,1280,'Цулукидзе'),
	(1358,1280,'Цхакая'),
	(1359,1280,'Цхалтубо'),
	(1360,1280,'Чиатура'),
	(1361,1280,'Чохатаури'),
	(1362,1280,'Чхороцку'),
	(1364,1280,'Джава'),
	(1365,1280,'Цхинвали'),
	(1368,1366,'Колдинг'),
	(1370,1366,'Альборг'),
	(1372,1366,'Орхус'),
	(1373,1366,'Рандерс'),
	(1375,1366,'Роскилде'),
	(1377,1366,'Эсбйерг'),
	(2331530,1366,'Копенгаген'),
	(1379,1366,'Оденс'),
	(6712230,1366,'Хельсингор'),
	(2578039,2577958,'Санто-доминго'),
	(1382,1380,'Каир'),
	(1384,1380,'Асуан'),
	(1386,1380,'Асыут'),
	(1388,1380,'Бени Суэф'),
	(1390,1380,'Танта'),
	(1392,1380,'Думият'),
	(279135,1380,'Александрия'),
	(4869089,1380,'Хургада'),
	(3410035,1380,'Шарм эль шейх'),
	(1450,1393,'Иерусалим'),
	(5036894,1393,'Модиин'),
	(1441,1393,'Бат-Ям'),
	(1442,1393,'Герцелия'),
	(1443,1393,'Гиватаим'),
	(1444,1393,'Кирьят-Оно'),
	(1445,1393,'Рамат-Ган'),
	(1446,1393,'Рамат-Хашарон'),
	(1447,1393,'Тель-Авив'),
	(1448,1393,'Холон'),
	(1395,1393,'Арад'),
	(1396,1393,'Ашдод'),
	(1397,1393,'Ашкелон'),
	(1398,1393,'Бээр-Шева'),
	(1399,1393,'Димона'),
	(1400,1393,'Кирьят-Гат'),
	(1401,1393,'Кирьят-Малахи'),
	(1402,1393,'Эйлат'),
	(4159626,1393,'Ариэль'),
	(1404,1393,'Бнэй-Брак'),
	(1405,1393,'Гэдера'),
	(11911759,1393,'Кфар Саба'),
	(1406,1393,'Лод'),
	(1407,1393,'Натания'),
	(1408,1393,'Нэс-Циона'),
	(5908671,1393,'Од-а Шарон'),
	(1409,1393,'Пэтах-Тиква'),
	(1410,1393,'Раанана'),
	(1411,1393,'Рамла'),
	(1412,1393,'Ришон-ЛеЦион'),
	(1413,1393,'Рош-ха-Аин'),
	(1414,1393,'Рэховот'),
	(1415,1393,'Явне'),
	(1417,1393,'Акко'),
	(1418,1393,'Акко (порт)'),
	(1419,1393,'Афула'),
	(1420,1393,'Кармиэль'),
	(4778544,1393,'Кацрин'),
	(4694853,1393,'Кирьят-Ата'),
	(4692641,1393,'Кирьят-Ата'),
	(1421,1393,'Кирьят-Тивон'),
	(1422,1393,'Кирьят-Шмона'),
	(4778382,1393,'Мигдаль аЭмек'),
	(1423,1393,'Нагария'),
	(1424,1393,'Нацэрэт'),
	(1425,1393,'Сахнин'),
	(1426,1393,'Тверия'),
	(1428,1393,'Хайфа'),
	(1427,1393,'Цфат'),
	(1430,1393,'Далият-Эль-Кармэль'),
	(1431,1393,'Зихрон-Яаков'),
	(1432,1393,'Кирьят-Бялик'),
	(1433,1393,'Кирьят-Моцкин'),
	(1434,1393,'Кирьят-Ям'),
	(10499564,1393,'Наария'),
	(1435,1393,'Нэшэр'),
	(1436,1393,'Ор-Акива'),
	(1437,1393,'Пардэс-Ханна'),
	(1438,1393,'Тират-Кармэль'),
	(1439,1393,'Хэдэра'),
	(1453,1451,'Асансол'),
	(1454,1451,'Байдьябати'),
	(1455,1451,'Балли'),
	(1456,1451,'Банкура'),
	(1457,1451,'Барасат'),
	(1458,1451,'Бхатпара'),
	(1459,1451,'Даржилинг'),
	(1460,1451,'Дум-Дум'),
	(1461,1451,'Дургапур'),
	(1462,1451,'Камархати'),
	(1463,1451,'Кришнанагар'),
	(1464,1451,'Кхарагпур'),
	(1465,1451,'Наихати'),
	(1466,1451,'Панихати'),
	(1467,1451,'Титагарх'),
	(1469,1451,'Биласпур'),
	(1470,1451,'Бхилаи'),
	(1471,1451,'Дург'),
	(1472,1451,'Раипур'),
	(1474,1451,'Багалкот'),
	(1475,1451,'Белгаум'),
	(1476,1451,'Беллари'),
	(1477,1451,'Бияпур'),
	(1478,1451,'Гадаг'),
	(1479,1451,'Давангер'),
	(1480,1451,'Колар Голд Филдс'),
	(1481,1451,'Мангалор'),
	(1482,1451,'Раичур'),
	(1483,1451,'Сагар'),
	(1484,1451,'Тумкур'),
	(1485,1451,'Хоспет'),
	(1486,1451,'Хубли'),
	(1487,1451,'Шимога'),
	(1489,1451,'Дехра Дун'),
	(1490,1451,'Сринагар'),
	(1492,1451,'Адони'),
	(1493,1451,'Анакапал'),
	(1494,1451,'Анантапур'),
	(1495,1451,'Визианагарам'),
	(1496,1451,'Вияиавада'),
	(1497,1451,'Гунтакал'),
	(1498,1451,'Гунтур'),
	(1499,1451,'Какинада'),
	(1500,1451,'Куддапах'),
	(1501,1451,'Мачилипатнам'),
	(1502,1451,'Нандиал'),
	(1503,1451,'Низамабад'),
	(1504,1451,'Проддатур'),
	(1505,1451,'Тенали'),
	(1506,1451,'Чирала'),
	(1507,1451,'Читтур'),
	(1508,1451,'Элуру'),
	(1510,1451,'Дибругарх'),
	(1511,1451,'Силчар'),
	(1513,1451,'Беттиах'),
	(1514,1451,'Бихар'),
	(1515,1451,'Бхагалпур'),
	(1516,1451,'Гэйа'),
	(1517,1451,'Дарбханга'),
	(1518,1451,'Катихар'),
	(1519,1451,'Музаффарпур'),
	(1520,1451,'Патна'),
	(1522,1451,'Ахмадабад'),
	(1523,1451,'Бхуй'),
	(1524,1451,'Веравал'),
	(1525,1451,'Годхра'),
	(1526,1451,'Гондал'),
	(1527,1451,'Дхорайи'),
	(1528,1451,'Йодхпур'),
	(1529,1451,'Морви'),
	(1530,1451,'Навсари'),
	(1531,1451,'Надиад'),
	(1532,1451,'Патан'),
	(1533,1451,'Порбандар'),
	(1534,1451,'Райкот'),
	(1535,1451,'Сурат'),
	(1536,1451,'Сурендранагар'),
	(1537,1451,'Юнагадх'),
	(1538,1451,'Ямнагар'),
	(1540,1451,'Дханбад'),
	(1541,1451,'Ранчи'),
	(1542,1451,'Сринагар'),
	(1543,1451,'Ямму'),
	(1544,1451,'Ямшедпур'),
	(279129,1451,'Бангалор'),
	(279134,1451,'Бомбей'),
	(279132,1451,'Дели'),
	(279133,1451,'Калькутта'),
	(279131,1451,'Мадрас'),
	(279128,1451,'Пуна'),
	(279130,1451,'Хайдарабад'),
	(1546,1451,'Кожикод'),
	(1547,1451,'Коттэйам'),
	(1549,1451,'Барейлли'),
	(1550,1451,'Бурханпур'),
	(1551,1451,'Бхопал'),
	(1552,1451,'Гвалиор'),
	(1553,1451,'Дамох'),
	(1554,1451,'Индаур'),
	(1555,1451,'Кхандва'),
	(1556,1451,'Мау'),
	(1557,1451,'Мурвара'),
	(1558,1451,'Ратлам'),
	(1559,1451,'Рева'),
	(1560,1451,'Уйяин'),
	(1562,1451,'Имфал'),
	(1564,1451,'Акола'),
	(1565,1451,'Амальнер'),
	(1566,1451,'Ахалпур'),
	(1567,1451,'Ахмаднагар'),
	(1568,1451,'Барси'),
	(1569,1451,'Бхиванди'),
	(1570,1451,'Бхусавал'),
	(1571,1451,'Вардха'),
	(1572,1451,'Дхулиа'),
	(1573,1451,'Калиан'),
	(1574,1451,'Колхапур'),
	(1575,1451,'Кхамгаон'),
	(1576,1451,'Латур'),
	(1577,1451,'Малегаон'),
	(1578,1451,'Нагпур'),
	(1579,1451,'Нандурбар'),
	(1580,1451,'Пандхарпур'),
	(1581,1451,'Сангли'),
	(1582,1451,'Сатара'),
	(1583,1451,'Тана'),
	(1584,1451,'Улхаснагар'),
	(1585,1451,'Шолапур'),
	(1587,1451,'Шиллонг'),
	(1589,1451,'Пури'),
	(1590,1451,'Рауркела'),
	(1592,1451,'Амритсар'),
	(1593,1451,'Батала'),
	(1594,1451,'Лудхиана'),
	(1595,1451,'Патиала'),
	(1597,1451,'Пондичерри'),
	(1599,1451,'Аймер'),
	(1600,1451,'Альвар'),
	(1601,1451,'Бивар'),
	(1602,1451,'Биканер'),
	(1603,1451,'Бхаратпур'),
	(1604,1451,'Бхилвара'),
	(1605,1451,'Ганганагар'),
	(1606,1451,'Кота'),
	(1607,1451,'Сикар'),
	(1608,1451,'Тонк'),
	(1609,1451,'Удаипур'),
	(1610,1451,'Фатехгарх'),
	(1611,1451,'Чуру'),
	(1613,1451,'Аруппокоттаи'),
	(1614,1451,'Бодинэйакканур'),
	(1615,1451,'Ванииамбади'),
	(1616,1451,'Виллупурам'),
	(1617,1451,'Диндигул'),
	(1618,1451,'Ерод'),
	(1619,1451,'Карур'),
	(1620,1451,'Кумбаконам'),
	(1621,1451,'Мадурай'),
	(1622,1451,'Нагеркоил'),
	(1623,1451,'Пудуккоттаи'),
	(1624,1451,'Раяпалаииам'),
	(1625,1451,'Тируваннамалаи'),
	(1626,1451,'Тирунелвели'),
	(1627,1451,'Тируччираппалли'),
	(1628,1451,'Чидамбарам'),
	(1630,1451,'Агартала'),
	(1632,1451,'Агра'),
	(1633,1451,'Алигар'),
	(1634,1451,'Аллахабад'),
	(1635,1451,'Бахраич'),
	(1636,1451,'Будаун'),
	(1637,1451,'Варанаси'),
	(1638,1451,'Гонда'),
	(1639,1451,'Горакхпур'),
	(1640,1451,'Гхазиабад'),
	(1641,1451,'Етавах'),
	(1642,1451,'Йханси'),
	(1643,1451,'Канпур'),
	(1644,1451,'Матура'),
	(1645,1451,'Мирзапур'),
	(1646,1451,'Морадабад'),
	(1647,1451,'Музаффарнагар'),
	(1648,1451,'Пилибхит'),
	(1649,1451,'Рампур'),
	(1650,1451,'Самбхал'),
	(1651,1451,'Ситапур'),
	(1652,1451,'Фаизабад'),
	(1653,1451,'Фирозабад'),
	(1654,1451,'Хатрас'),
	(1655,1451,'Шахяханпур'),
	(1657,1451,'Амбала'),
	(1658,1451,'Бхивани'),
	(1659,1451,'Карнал'),
	(1660,1451,'Панипат'),
	(1662,1451,'Чандигарх'),
	(279127,277559,'Джакарта'),
	(279126,277561,'Амман'),
	(3410583,3410238,'Багдад'),
	(3410623,3410238,'Басра'),
	(3410656,3410238,'Мосул'),
	(1665,1663,'Марагех'),
	(1666,1663,'Тебриз'),
	(1668,1663,'Кашан'),
	(1670,1663,'Хамадан'),
	(1672,1663,'Санандай'),
	(1674,1663,'Арак'),
	(1676,1663,'Захедан'),
	(1678,1663,'Иезд'),
	(1680,1663,'Керман'),
	(1682,1663,'Керманшах'),
	(1684,1663,'Бабол'),
	(1685,1663,'Сари'),
	(1687,1663,'Тегеран'),
	(1689,1663,'Абадан'),
	(1690,1663,'Шираз'),
	(1692,1663,'Бендер-Аббас'),
	(1694,1663,'Ахваз'),
	(1695,1663,'Хоррамшахр'),
	(1698,1696,'Корк'),
	(1700,1696,'Дан-Логер'),
	(1701,1696,'Дублин'),
	(1703,1696,'Лимерик'),
	(1705,1696,'Луимнич'),
	(1706,1696,'Уотерфорд'),
	(1709,1707,'Сантандер'),
	(1711,1707,'Сеута'),
	(4093601,1707,'Girona'),
	(1713,1707,'Гранада'),
	(1715,1707,'Логроно'),
	(1717,1707,'Саламанка'),
	(1719,1707,'Витория'),
	(1721,1707,'Аликанте'),
	(1722,1707,'Алкантара'),
	(1723,1707,'Алкой'),
	(1725,1707,'Альбасете'),
	(1727,1707,'Алмерия'),
	(1729,1707,'Гийон'),
	(1730,1707,'Овьедо'),
	(1732,1707,'Баладона'),
	(1733,1707,'Барселона'),
	(1734,1707,'Манреса'),
	(1735,1707,'Сабадель'),
	(1736,1707,'Тарраса'),
	(1737,1707,'Хоспиталет'),
	(1739,1707,'Бильбао'),
	(1741,1707,'Бургос'),
	(1743,1707,'Валенсия'),
	(1745,1707,'Валладолид'),
	(278092,1707,'Альмерия'),
	(278113,1707,'Вальядолид'),
	(278123,1707,'Гвадалахара'),
	(278143,1707,'Ибиза'),
	(278152,1707,'Картахена'),
	(278153,1707,'Касерес'),
	(278160,1707,'Кордоба'),
	(278161,1707,'Коста Брава'),
	(278162,1707,'Коста Дорада'),
	(278163,1707,'Коста дель Соль'),
	(278172,1707,'Ла-Корунья'),
	(278188,1707,'Мурсия'),
	(278191,1707,'Наварра'),
	(278227,1707,'Сеговия'),
	(278232,1707,'Сория'),
	(278238,1707,'Теруэль'),
	(278242,1707,'Толедо'),
	(278243,1707,'Тортоса'),
	(278265,1707,'Хаэн'),
	(1747,1707,'Алжекирас'),
	(1748,1707,'Кадис'),
	(1750,1707,'Кацерес'),
	(1751,1707,'Ла-Линея'),
	(1752,1707,'Херес-де-ла-Фронтера'),
	(1754,1707,'Кордова'),
	(1756,1707,'Лас-Пальмас-де-Гран-Канар'),
	(1758,1707,'Леон'),
	(1760,1707,'Лерида'),
	(1762,1707,'Луго'),
	(1764,1707,'Мадрид'),
	(1766,1707,'Малага'),
	(1768,1707,'Мурсия'),
	(1770,1707,'Палма-де-Мальорка'),
	(1772,1707,'Виго'),
	(1773,1707,'Паленсия'),
	(1775,1707,'Замора'),
	(1777,1707,'Санта-Круз-де-Тенерифе'),
	(1779,1707,'Сарагоса'),
	(1781,1707,'Севилья'),
	(1783,1707,'Пуэртоллано'),
	(1785,1707,'Линарес'),
	(1788,1786,'Пескара'),
	(1790,1786,'Альтамура'),
	(1791,1786,'Андрия'),
	(1792,1786,'Бари'),
	(1793,1786,'Бискегли'),
	(1794,1786,'Бриндизи'),
	(1795,1786,'Корато'),
	(1796,1786,'Лечче'),
	(1797,1786,'Мольфетта'),
	(1798,1786,'Сан-Северо'),
	(1799,1786,'Таранто'),
	(1800,1786,'Трани'),
	(1801,1786,'Фоджия'),
	(5911563,1786,'Венеция'),
	(1803,1786,'Верона'),
	(1804,1786,'Виченца'),
	(5911547,1786,'Падуя'),
	(1805,1786,'Тревисо'),
	(278116,1786,'Венеция'),
	(278147,1786,'Иска'),
	(278148,1786,'Кампобассо'),
	(278168,1786,'Кротоне'),
	(278193,1786,'Неаполь'),
	(278200,1786,'Перуджа'),
	(278208,1786,'Потенца'),
	(278212,1786,'Пьяченца'),
	(278216,1786,'Римини'),
	(278229,1786,'Сиракуза'),
	(278237,1786,'Тарвизио'),
	(278255,1786,'Фаенца'),
	(1807,1786,'Катанцаро'),
	(1808,1786,'Косенца'),
	(1809,1786,'Реджио-ди-Калабриа'),
	(1811,1786,'Аверса'),
	(10500739,1786,'Амалфи'),
	(1812,1786,'Беневенто'),
	(1813,1786,'Кастелламмаре-ди-Стабия'),
	(1814,1786,'Ночера-Инфериоре'),
	(1815,1786,'Поццуоли'),
	(1816,1786,'Салерно'),
	(10502412,1786,'Сорренто'),
	(1817,1786,'Торре-Аннунциата'),
	(1818,1786,'Торре-дель-Греко'),
	(1820,1786,'Рим'),
	(1822,1786,'Генуя'),
	(1823,1786,'Ла-Специя'),
	(1824,1786,'Савона'),
	(1825,1786,'Сан-Ремо'),
	(1827,1786,'Бергамо'),
	(1828,1786,'Брескиа'),
	(1829,1786,'Бусто-Арсизио'),
	(1830,1786,'Варезе'),
	(1831,1786,'Комо'),
	(1832,1786,'Кремона'),
	(1833,1786,'Леччо'),
	(1834,1786,'Мантуя'),
	(1835,1786,'Милан'),
	(1836,1786,'Монца'),
	(1837,1786,'Павия'),
	(1839,1786,'Анкона'),
	(1840,1786,'Песаро'),
	(1842,1786,'Каглиари'),
	(1843,1786,'Сассари'),
	(1845,1786,'Алькамо'),
	(1846,1786,'Витториа'),
	(1847,1786,'Гела'),
	(1848,1786,'Калтагирон'),
	(1849,1786,'Калтаниссетта'),
	(1850,1786,'Катания'),
	(1851,1786,'Ликата'),
	(1852,1786,'Мессина'),
	(1853,1786,'Палермо'),
	(1854,1786,'Патерно'),
	(1855,1786,'Рагуса'),
	(1856,1786,'Сиракузы'),
	(1857,1786,'Трапани'),
	(1859,1786,'Асти'),
	(1860,1786,'Биелла'),
	(1861,1786,'Верцелли'),
	(1862,1786,'Новара'),
	(1863,1786,'Турин'),
	(1865,1786,'Ареццо'),
	(1866,1786,'Виареджио'),
	(1867,1786,'Гроссето'),
	(1868,1786,'Каррара'),
	(1869,1786,'Лючча'),
	(1870,1786,'Масса'),
	(1871,1786,'Пиза'),
	(1872,1786,'Пистойя'),
	(1873,1786,'Прато'),
	(1874,1786,'Сьена'),
	(1875,1786,'Флоренция'),
	(1877,1786,'Больцано'),
	(1878,1786,'Тренто'),
	(1880,1786,'Перуджиа'),
	(1881,1786,'Терни'),
	(1883,1786,'Триест'),
	(1884,1786,'Удин'),
	(1886,1786,'Болонья'),
	(1887,1786,'Модена'),
	(1888,1786,'Парма'),
	(1889,1786,'Пиаченца'),
	(1890,1786,'Равенна'),
	(1891,1786,'Фенца'),
	(1892,1786,'Феррара'),
	(1893,1786,'Форли'),
	(2416390,1786,'о. Сан-Джорджо Маджоре'),
	(4778059,1894,'Астана'),
	(2564724,1894,'Степногорск'),
	(1896,1894,'Актюбинск'),
	(1897,1894,'Акшам'),
	(1898,1894,'Алга'),
	(1899,1894,'Байганин'),
	(1900,1894,'Батамшинский'),
	(1901,1894,'Иргиз'),
	(1902,1894,'Карабутак'),
	(1903,1894,'Мартук'),
	(1904,1894,'Новоалексеевка'),
	(1905,1894,'Октябрьск'),
	(1906,1894,'Уил'),
	(1907,1894,'Хромтау'),
	(1908,1894,'Челкар'),
	(1909,1894,'Шубаркудук'),
	(1910,1894,'Эмба'),
	(1912,1894,'Алма-Ата'),
	(1913,1894,'Алматы'),
	(1914,1894,'Баканас'),
	(1915,1894,'Бурундай'),
	(1916,1894,'Иссык'),
	(1917,1894,'Капчагай'),
	(1918,1894,'Каскелен'),
	(1919,1894,'Нарынкол'),
	(1920,1894,'Талгар'),
	(1921,1894,'Узунагач'),
	(1922,1894,'Чилик'),
	(1923,1894,'Чунджа'),
	(1925,1894,'Акжар'),
	(1926,1894,'Алексеевка'),
	(1927,1894,'Асубулак'),
	(1928,1894,'Белогорский'),
	(1929,1894,'Белоусовка'),
	(1930,1894,'Верхнеберезовский'),
	(1931,1894,'Глубокое'),
	(1932,1894,'Зайсан'),
	(1933,1894,'Зыряновск'),
	(1934,1894,'Карагужиха'),
	(1935,1894,'Катон-Карагай'),
	(1936,1894,'Курчум'),
	(1937,1894,'Лениногорск'),
	(1938,1894,'Самарское'),
	(1939,1894,'Серебрянск'),
	(1940,1894,'Усть-Каменогорск'),
	(1941,1894,'Шемонаиха'),
	(1946,1894,'Атырау(Гурьев)'),
	(1943,1894,'Байчунас'),
	(1944,1894,'Балыкши'),
	(1945,1894,'Ганюшкино'),
	(1947,1894,'Доссор'),
	(1948,1894,'Индерборский'),
	(1949,1894,'Искининский'),
	(1950,1894,'Каратон'),
	(1951,1894,'Кульсары'),
	(1952,1894,'Макат'),
	(1953,1894,'Миялы'),
	(1955,1894,'Акколь'),
	(1956,1894,'Байкадам'),
	(1957,1894,'Брлик'),
	(1958,1894,'Бурное'),
	(1959,1894,'Георгиевка'),
	(1960,1894,'Гранитогорск'),
	(1961,1894,'Джамбул'),
	(1962,1894,'Жанатас'),
	(1963,1894,'Каратау'),
	(1964,1894,'Коктал'),
	(1965,1894,'Луговое'),
	(1966,1894,'Мерке'),
	(1967,1894,'Михайловка'),
	(1968,1894,'Новотроицкое'),
	(1969,1894,'Ойтал'),
	(1970,1894,'Отар'),
	(1971,1894,'Фурмановка'),
	(1972,1894,'Чиганак'),
	(1973,1894,'Чу'),
	(1975,1894,'Агадырь'),
	(1976,1894,'Акжал'),
	(1977,1894,'Актас'),
	(1978,1894,'Актогай'),
	(1979,1894,'Атасу'),
	(1980,1894,'Балхаш'),
	(1981,1894,'Восточно-Коунрадский'),
	(1982,1894,'Гульшад'),
	(1983,1894,'Дарьинский'),
	(1984,1894,'Джамбул'),
	(1985,1894,'Джезды'),
	(1986,1894,'Джезказган'),
	(1987,1894,'Жарык'),
	(1988,1894,'Кайракты'),
	(1989,1894,'Каражал'),
	(1990,1894,'Никольский'),
	(1991,1894,'Сарышаган'),
	(1992,1894,'Тараз'),
	(1993,1894,'Улытау'),
	(11568523,1894,'Атырау'),
	(12367130,1894,'Уральска'),
	(278013,1894,'Ак-Коль'),
	(278014,1894,'Актобе'),
	(278015,1894,'Акший'),
	(278016,1894,'Аршалы'),
	(278017,1894,'Атбасар'),
	(278018,1894,'Атырау'),
	(4211196,1894,'Байконур'),
	(278019,1894,'Балкашино'),
	(278020,1894,'Жезказган'),
	(278021,1894,'Кокшетау'),
	(278022,1894,'Костанай'),
	(278023,1894,'Курчатов'),
	(278024,1894,'Кызылорда'),
	(278025,1894,'Махамбет'),
	(278026,1894,'Уральск'),
	(278027,1894,'Шымкент'),
	(1995,1894,'Абай'),
	(1996,1894,'Актас'),
	(1997,1894,'Актау'),
	(1998,1894,'Егиндыбулак'),
	(1999,1894,'Карагайлы'),
	(2000,1894,'Караганда'),
	(2001,1894,'Каркаралинск'),
	(2002,1894,'Киевка'),
	(2003,1894,'Осакаровка'),
	(2004,1894,'Сарань'),
	(2005,1894,'Темиртау'),
	(2006,1894,'Токаревка'),
	(2007,1894,'Топар'),
	(2008,1894,'Ульяновский'),
	(2009,1894,'Шахтинск'),
	(2011,1894,'Аралсульфат'),
	(2012,1894,'Аральск'),
	(2013,1894,'Джалагаш'),
	(2014,1894,'Джусалы'),
	(2015,1894,'Казалинск'),
	(2016,1894,'Кзыл-Орда'),
	(2017,1894,'Новоказалинск'),
	(2018,1894,'Тасбугет'),
	(2019,1894,'Чиили'),
	(2020,1894,'Яныкурган'),
	(2022,1894,'Айдабул'),
	(2023,1894,'Алексеевка'),
	(2024,1894,'Боровое'),
	(2025,1894,'Володарское'),
	(2026,1894,'Зеренда'),
	(2027,1894,'Келлеровка'),
	(2028,1894,'Кзылту'),
	(2029,1894,'Кокчетав'),
	(2030,1894,'Красноармейск'),
	(2031,1894,'Красный Яр'),
	(2032,1894,'Куйбышевский'),
	(2033,1894,'Ленинградское'),
	(2034,1894,'Рузаевка'),
	(2035,1894,'Степняк'),
	(2036,1894,'Талшик'),
	(2037,1894,'Чистополье'),
	(2038,1894,'Чкалово'),
	(2039,1894,'Щучинск'),
	(2041,1894,'Боровской'),
	(2042,1894,'Джетыгара'),
	(2043,1894,'Затобольск'),
	(2044,1894,'Камышное'),
	(2045,1894,'Комсомолец'),
	(2046,1894,'Кустанай'),
	(2047,1894,'Кушмурун'),
	(2048,1894,'Ленинское'),
	(2049,1894,'Лисаковск'),
	(2050,1894,'Орджоникидзе'),
	(2051,1894,'Рудный'),
	(2052,1894,'Семиозерное'),
	(2053,1894,'Тобол'),
	(2054,1894,'Урицкий'),
	(2056,1894,'Баутино'),
	(2057,1894,'Бейнеу'),
	(2058,1894,'Новый Узень'),
	(2059,1894,'Форт-Шевченко'),
	(2060,1894,'Шевченко'),
	(2062,1894,'Баянаул'),
	(2063,1894,'Ермак'),
	(2064,1894,'Железинка'),
	(2065,1894,'Иртышск'),
	(2066,1894,'Калкаман'),
	(2067,1894,'Краснокутск'),
	(2068,1894,'Лебяжье'),
	(2069,1894,'Майкаин'),
	(2070,1894,'Павлодар'),
	(2071,1894,'Успенка'),
	(2072,1894,'Щербакты'),
	(2073,1894,'Экибастуз'),
	(2075,1894,'Благовещенка'),
	(2076,1894,'Булаево'),
	(2077,1894,'Корнеевка'),
	(2078,1894,'Мамлютка'),
	(2079,1894,'Петропавловск'),
	(2080,1894,'Пресновка'),
	(2081,1894,'Сергеевка'),
	(2082,1894,'Соколовка'),
	(2083,1894,'Явленка'),
	(2085,1894,'Акжал'),
	(2086,1894,'Аксуат'),
	(2087,1894,'Ауэзов'),
	(2088,1894,'Аягуз'),
	(2089,1894,'Баршатас'),
	(2090,1894,'Бельагаш'),
	(2091,1894,'Боко'),
	(2092,1894,'Большая Владимировка'),
	(2093,1894,'Бородулиха'),
	(2094,1894,'Георгиевка'),
	(2095,1894,'Жангизтобе'),
	(2096,1894,'Жарма'),
	(2097,1894,'Кайнар'),
	(2098,1894,'Кокпекты'),
	(2099,1894,'Маканчи'),
	(2100,1894,'Новая Шульба'),
	(2101,1894,'Семипалатинск'),
	(2102,1894,'Таскескен'),
	(2103,1894,'Урджар'),
	(2104,1894,'Чарск'),
	(2106,1894,'Актогай'),
	(2107,1894,'Андреевка'),
	(2108,1894,'Джансугуров'),
	(2109,1894,'Капал'),
	(2110,1894,'Карабулак'),
	(2111,1894,'Кировский'),
	(2112,1894,'Кугалы'),
	(2113,1894,'Панфилов'),
	(2114,1894,'Сарканд'),
	(2115,1894,'Сарыозек'),
	(2116,1894,'Талды-Курган'),
	(2117,1894,'Текели'),
	(2118,1894,'Учарал'),
	(2119,1894,'Уштобе'),
	(2121,1894,'Амангельды'),
	(2122,1894,'Аркалык'),
	(2123,1894,'Державинск'),
	(2124,1894,'Есиль'),
	(2125,1894,'Жаксы'),
	(2126,1894,'Октябрьское'),
	(2127,1894,'Тургай'),
	(2129,1894,'Акбеит'),
	(2130,1894,'Акмолинск'),
	(2131,1894,'Аксу'),
	(2132,1894,'Алексеевка'),
	(2133,1894,'Астана'),
	(2134,1894,'Астраханка'),
	(2135,1894,'Атабасар'),
	(2136,1894,'Балкащино'),
	(2137,1894,'Бестобе'),
	(2138,1894,'Вишневка'),
	(2139,1894,'Ерментау'),
	(2140,1894,'Жалтыр'),
	(2141,1894,'Жолымбет'),
	(2142,1894,'Кургальджинский'),
	(2143,1894,'Макинск'),
	(2144,1894,'Целиноград'),
	(2145,1894,'Шортанды'),
	(2147,1894,'Арысь'),
	(2148,1894,'Ачисай'),
	(2149,1894,'Байжансай'),
	(2150,1894,'Белые Воды'),
	(2151,1894,'Ванновка'),
	(2152,1894,'Джетысай'),
	(2153,1894,'Кентау'),
	(2154,1894,'Ленгер'),
	(2155,1894,'Сарыагач'),
	(2156,1894,'Темирлановка'),
	(2157,1894,'Туркестан'),
	(2158,1894,'Чардара'),
	(2159,1894,'Чаян'),
	(2160,1894,'Чимкент'),
	(2161,1894,'Чулаккурган'),
	(2162,1894,'Шаульдер'),
	(2165,2163,'Дуала'),
	(2167,2163,'Виктория'),
	(2169,2163,'Гаруа'),
	(2171,2163,'Яунде'),
	(2174,2172,'Гранд-Праири'),
	(2175,2172,'Калгари'),
	(2176,2172,'Летбридж'),
	(2177,2172,'Медикин-Хат'),
	(2178,2172,'Ред-Дир'),
	(2179,2172,'Сант-Альберт'),
	(2180,2172,'Эдмонтон'),
	(2182,2172,'Бурнаби'),
	(2183,2172,'Ванкувер'),
	(2184,2172,'Вернон'),
	(2185,2172,'Вест-Ванкувер'),
	(2186,2172,'Дельта'),
	(2187,2172,'Камлупс'),
	(2188,2172,'Кампбелл-Ривер'),
	(2189,2172,'Коквитлам'),
	(2190,2172,'Мапл-Ридж'),
	(2191,2172,'Миссион-Сити'),
	(2192,2172,'Нанаимо'),
	(2193,2172,'Норт-Ванкувер'),
	(2194,2172,'Нью-Вестминстер'),
	(2195,2172,'Порт-Коквитлам'),
	(2196,2172,'Порт-Муди'),
	(2197,2172,'Принц-Джордж'),
	(2198,2172,'Ричмонд'),
	(2199,2172,'Сарри'),
	(2200,2172,'Чилливак'),
	(2202,2172,'Аутремонт'),
	(2203,2172,'Боучервилл'),
	(2204,2172,'Броссард'),
	(2205,2172,'Бьюпорт'),
	(2206,2172,'Вердан'),
	(2207,2172,'Вестмаунт'),
	(2208,2172,'Викториавилл'),
	(2209,2172,'Джонкуир'),
	(2210,2172,'Доллард-дес-Ормо'),
	(2211,2172,'Драммондвилл'),
	(2212,2172,'Квебек'),
	(2213,2172,'Лаваль'),
	(2214,2172,'Левис'),
	(2215,2172,'Монреаль'),
	(2216,2172,'Пиррифондс'),
	(2217,2172,'Репентигни'),
	(2218,2172,'Римауски'),
	(2219,2172,'Роуин'),
	(2220,2172,'Сант-Хуберт'),
	(2221,2172,'Сорел'),
	(2222,2172,'Труа-Ривьер'),
	(2223,2172,'Халл'),
	(2224,2172,'Чарльсбург'),
	(2225,2172,'Чатогуэй'),
	(2226,2172,'Чикоутими'),
	(2227,2172,'Шербрук'),
	(2228,2172,'Элма'),
	(2230,2172,'Брандон'),
	(2231,2172,'Виннипег'),
	(2233,2172,'Галифакс'),
	(2234,2172,'Дартмут'),
	(2236,2172,'Монктон'),
	(2237,2172,'Сент-Джон'),
	(2238,2172,'Фредериктон'),
	(2240,2172,'Корнер-Брук'),
	(2241,2172,'Сент-Джонс'),
	(2243,2172,'Аврора'),
	(2244,2172,'Анкастер'),
	(2245,2172,'Аякс'),
	(2246,2172,'Барлингтон'),
	(2247,2172,'Барри'),
	(2248,2172,'Беллвилл'),
	(2249,2172,'Брамптон'),
	(2250,2172,'Брантфорд'),
	(2251,2172,'Броквилл'),
	(2252,2172,'Ватерлоо'),
	(2253,2172,'Вауган'),
	(2254,2172,'Велланд'),
	(2255,2172,'Виндзор'),
	(2256,2172,'Витби'),
	(2257,2172,'Вудсток'),
	(2258,2172,'Гримсби'),
	(2259,2172,'Гуэлф'),
	(2260,2172,'Каледон'),
	(2261,2172,'Кингстон'),
	(2262,2172,'Китченер'),
	(2263,2172,'Корнуолл'),
	(2264,2172,'Ла-Саль'),
	(2265,2172,'Линкольн'),
	(2266,2172,'Лондон'),
	(2267,2172,'Маркхам'),
	(2268,2172,'Миссиссуга'),
	(2269,2172,'Ниагара-Фоллс'),
	(2270,2172,'Норт-Бэй'),
	(7719867,2172,'Ньюмаркет'),
	(2271,2172,'Оаквилл'),
	(2272,2172,'Овен-Саунд'),
	(2273,2172,'Ориллиа'),
	(2274,2172,'Оттава'),
	(2275,2172,'Ошава'),
	(2276,2172,'Петерборо'),
	(2277,2172,'Пикеринг'),
	(2278,2172,'Ричмонд-Хилл'),
	(2279,2172,'Садбури'),
	(2280,2172,'Сант-Катаринс'),
	(2281,2172,'Сант-Томас'),
	(2282,2172,'Сарниа'),
	(2283,2172,'Солт-Сант-Мари'),
	(2284,2172,'Стони-Крик'),
	(2285,2172,'Стратфорд'),
	(2286,2172,'Тимминс'),
	(5556142,2172,'Торнхилл'),
	(2287,2172,'Торонто'),
	(2288,2172,'Тундер Бэй'),
	(5556154,2172,'Уиллоудэйл'),
	(5556193,2172,'Уиллоудэйл'),
	(2289,2172,'Форт-Эри'),
	(2290,2172,'Хамилтон'),
	(2292,2172,'Шарлоттаун'),
	(2294,2172,'Мус-Яв'),
	(2295,2172,'Реджайна'),
	(2296,2172,'Саскатун'),
	(11564839,582029,'Нассау'),
	(5040660,2297,'Ларнака'),
	(2299,2297,'Лимассол'),
	(7593157,2297,'Гирне'),
	(2301,2297,'Никосия'),
	(2302,2297,'Фамагуста'),
	(2305,2303,'Ак-Шыйрак'),
	(2306,2303,'Ананьево'),
	(2307,2303,'Боконбаевское'),
	(2308,2303,'Бостери'),
	(2309,2303,'Каджи-Сай'),
	(2310,2303,'Кызыл Туу'),
	(2311,2303,'Покровка'),
	(2312,2303,'Пржевальск'),
	(2313,2303,'Рыбачье'),
	(2314,2303,'Тюп'),
	(2315,2303,'Чолпон-Ата'),
	(278028,2303,'Ак-Суу'),
	(278029,2303,'Ананьево'),
	(278030,2303,'Араван'),
	(278031,2303,'Балыкчи'),
	(278032,2303,'Беловодское'),
	(2317,2303,'Бишкек'),
	(278033,2303,'Бишкек'),
	(278034,2303,'Боконбаевское'),
	(2318,2303,'Бордунский'),
	(2319,2303,'Быстровка'),
	(278035,2303,'Жалал Абад'),
	(2320,2303,'Ивановка'),
	(278036,2303,'Ивановка'),
	(278037,2303,'Каинда'),
	(2321,2303,'Каинды'),
	(278038,2303,'Кант'),
	(2322,2303,'Кант'),
	(278039,2303,'Кара-Балта'),
	(2323,2303,'Кара-Балта'),
	(278040,2303,'Караван'),
	(278041,2303,'Каракол'),
	(278042,2303,'Кемин'),
	(278043,2303,'Кербен'),
	(278044,2303,'Кызыл Суу'),
	(278045,2303,'Лебединовка'),
	(278046,2303,'Майлуу-Суу'),
	(278047,2303,'Нарын'),
	(278048,2303,'Ош'),
	(278049,2303,'Пульгон'),
	(2324,2303,'Соколук'),
	(278050,2303,'Сокулук'),
	(278051,2303,'Талас'),
	(278052,2303,'Таш-Кумыр'),
	(278053,2303,'Токмак'),
	(2325,2303,'Токмак'),
	(278054,2303,'Тюп'),
	(2326,2303,'Фрунзе'),
	(278055,2303,'Чолпон-Ата'),
	(278056,2303,'Чуй'),
	(278057,2303,'Эски-Ноокат'),
	(2328,2303,'Ат-Баши'),
	(2329,2303,'Дюрбельджин'),
	(2330,2303,'Казарман'),
	(2331,2303,'Кочкорка'),
	(2332,2303,'Кош-Дебе'),
	(2333,2303,'Мин-Куш'),
	(2334,2303,'Нарын'),
	(2335,2303,'Сары-Булак'),
	(2336,2303,'Суусамыр'),
	(2337,2303,'Угют'),
	(2338,2303,'Чаек'),
	(2339,2303,'Чолпон'),
	(2341,2303,'Ак-Там'),
	(2342,2303,'Ала-Бука'),
	(2343,2303,'Араван'),
	(2344,2303,'Арсланбоб'),
	(2345,2303,'Базар-Курган'),
	(2346,2303,'Баткен'),
	(2347,2303,'Гульча'),
	(2348,2303,'Джалал-Абад'),
	(2349,2303,'Исфана'),
	(2350,2303,'Кара-Кульджа'),
	(2351,2303,'Кара-Суу'),
	(2352,2303,'Караван'),
	(2353,2303,'Карамык'),
	(2354,2303,'Кок-Янгак'),
	(2355,2303,'Кызыл-Кия'),
	(2356,2303,'Майли-Сай'),
	(2357,2303,'Ош'),
	(2358,2303,'Сары-Таш'),
	(2359,2303,'Сопу-Коргон'),
	(2360,2303,'Сулюкта'),
	(2361,2303,'Таш-Кумыр'),
	(2362,2303,'Узген'),
	(2363,2303,'Фрунзе'),
	(2364,2303,'Хайдаркен'),
	(2366,2303,'Аманбаево'),
	(2367,2303,'Кара-Куль'),
	(2368,2303,'Кировское'),
	(2369,2303,'Ленинполь'),
	(2370,2303,'Покровка'),
	(2371,2303,'Талас'),
	(2372,2303,'Токтогул'),
	(2373,2303,'Толук'),
	(2376,2374,'Аксу'),
	(2377,2374,'Урумчи'),
	(2378,2374,'Хами'),
	(2380,2374,'Баотоу'),
	(1923078,2374,'Маньчжурия'),
	(2381,2374,'Хайлар'),
	(2383,2374,'Ланьчжоу'),
	(2384,2374,'Пинглианг'),
	(2385,2374,'Юмень'),
	(4691841,2374,'Гуанчжоу'),
	(7717820,2374,'Женьжень'),
	(2387,2374,'Наннинг'),
	(2389,2374,'Аншань'),
	(2390,2374,'Далянь'),
	(2391,2374,'Ляоян'),
	(2392,2374,'Шэньян'),
	(3503075,2374,'Пекин'),
	(2394,2374,'Иаан'),
	(2395,2374,'Суининг'),
	(2397,2374,'Нанпинг'),
	(2399,2374,'Ухань'),
	(2400,2374,'Шаси'),
	(2402,2374,'Иянг'),
	(2403,2374,'Чангша'),
	(2405,2374,'Шихайкванг'),
	(2407,2374,'Харбин'),
	(2409,2374,'Кайфенг'),
	(2410,2374,'Нанянь'),
	(2412,2374,'Лиаоиуан'),
	(2413,2374,'Чанчунь'),
	(2415,2374,'Нанчанг'),
	(2417,2374,'Иангчау'),
	(2418,2374,'Нанкин'),
	(2420,2374,'Венчоу'),
	(2421,2374,'Нингпо'),
	(2422,2374,'Ханчоу'),
	(2423,2374,'Шаохинь'),
	(2425,2374,'Шанхай'),
	(2427,2374,'Вейфанг'),
	(3863861,2374,'Циндао'),
	(2429,2374,'Тайюань'),
	(6453661,582040,'Dagu'),
	(11566040,582040,'Кимпо'),
	(2432,2430,'Алагуела'),
	(2434,2430,'Либериа'),
	(2436,2430,'Хередиа'),
	(2438,2430,'Лимон'),
	(2440,2430,'Пунтаренас'),
	(2442,2430,'Сан-Хосе'),
	(2498687,582077,'Гавана'),
	(2445,2443,'Аль-Яхра'),
	(2447,2443,'Эль-Кувейт'),
	(2450,2448,'Айзпуте'),
	(2451,2448,'Айнажи'),
	(2452,2448,'Алоя'),
	(2453,2448,'Алсунга'),
	(2454,2448,'Алуксне'),
	(2455,2448,'Апе'),
	(2456,2448,'Ауце'),
	(2457,2448,'Балви'),
	(2458,2448,'Балдоне'),
	(2459,2448,'Баложи'),
	(2460,2448,'Бауска'),
	(2461,2448,'Бене'),
	(2462,2448,'Броцены'),
	(2463,2448,'Валдемарпилс'),
	(2464,2448,'Валка'),
	(2465,2448,'Валмиера'),
	(2466,2448,'Варакляны'),
	(2467,2448,'Вентспилс'),
	(2468,2448,'Виесите'),
	(2469,2448,'Виляка'),
	(2470,2448,'Виляны'),
	(2471,2448,'Гробиня'),
	(278058,2448,'Гулбене'),
	(2472,2448,'Гулбитис'),
	(2473,2448,'Гульбене'),
	(2474,2448,'Даугавпилс'),
	(2475,2448,'Добеле'),
	(2476,2448,'Дундага'),
	(2477,2448,'Дурбе'),
	(2478,2448,'Елгава'),
	(2479,2448,'Зилупе'),
	(2480,2448,'Иецава'),
	(2481,2448,'Илуксте'),
	(2482,2448,'Калнциемс'),
	(2483,2448,'Кандава'),
	(2484,2448,'Карсава'),
	(2485,2448,'Кегумс'),
	(2486,2448,'Кокнесе'),
	(2487,2448,'Колка'),
	(2488,2448,'Краслава'),
	(2489,2448,'Кулдига'),
	(2490,2448,'Ливаны'),
	(2491,2448,'Лиепая'),
	(2492,2448,'Лимбажи'),
	(2493,2448,'Лудза'),
	(2494,2448,'Мадона'),
	(2495,2448,'Огре'),
	(2496,2448,'Плявиняс'),
	(2497,2448,'Прейли'),
	(2498,2448,'Резекне'),
	(2499,2448,'Рига'),
	(2500,2448,'Салдус'),
	(2501,2448,'Сигулда'),
	(2502,2448,'Стучка'),
	(2503,2448,'Талси'),
	(2504,2448,'Тукумс'),
	(2505,2448,'Цесис'),
	(2506,2448,'Экабпилс'),
	(2507,2448,'Элея'),
	(2508,2448,'Юрмала'),
	(2505931,2505884,'Бейрут'),
	(2494153,582060,'Бейрут'),
	(2511,2509,'Триполи'),
	(2513,2509,'Бенгази'),
	(2516,2514,'Адутишкис'),
	(2517,2514,'Алитус'),
	(2518,2514,'Аникщчяй'),
	(2519,2514,'Ариогала'),
	(2520,2514,'Балтойи-Воке'),
	(2521,2514,'Бальберишкис'),
	(2522,2514,'Биржай'),
	(2523,2514,'Бирштонас'),
	(2524,2514,'Вабальнинкас'),
	(2525,2514,'Ванджиогала'),
	(2526,2514,'Варена'),
	(2527,2514,'Варняй'),
	(2528,2514,'Вейсеяй'),
	(2529,2514,'Виевис'),
	(2530,2514,'Вилкавишкис'),
	(2531,2514,'Вилькия'),
	(2532,2514,'Вильно'),
	(2533,2514,'Вильнюс'),
	(2534,2514,'Вирбалис'),
	(2312857,2514,'Висагинас'),
	(2535,2514,'Гаргждай'),
	(2536,2514,'Гарлява'),
	(2537,2514,'Гелгаудишкис'),
	(2538,2514,'Гиедрайчяй'),
	(2539,2514,'Даугай'),
	(2540,2514,'Дотнува'),
	(2541,2514,'Друскининкай'),
	(2542,2514,'Дукштас'),
	(2543,2514,'Дусетос'),
	(2544,2514,'Езнас'),
	(2545,2514,'Ейшишес'),
	(2546,2514,'Жагаре'),
	(2547,2514,'Жямайчю Наумиестис'),
	(2548,2514,'Зарасай'),
	(2549,2514,'Игналина'),
	(2550,2514,'Ионишкис'),
	(2551,2514,'Йодкранте'),
	(2552,2514,'Йонава'),
	(2553,2514,'Казлу-Руда'),
	(2554,2514,'Кайшядорис'),
	(2555,2514,'Калвария'),
	(2556,2514,'Капсукас'),
	(2557,2514,'Каунас'),
	(2558,2514,'Качергине'),
	(2559,2514,'Кедайняй'),
	(2560,2514,'Кельме'),
	(2561,2514,'Кибартай'),
	(2562,2514,'Клайпеда'),
	(2563,2514,'Ковно'),
	(2564,2514,'Кретинга'),
	(2565,2514,'Кудиркос Наумиестис'),
	(2566,2514,'Кулаутува'),
	(2568,2514,'Купишкис'),
	(2569,2514,'Куршенай'),
	(2570,2514,'Лаздияй'),
	(2571,2514,'Лейпалингис'),
	(2572,2514,'Лентварис'),
	(2573,2514,'Мажейкяй'),
	(2574,2514,'Майшягала'),
	(2575,2514,'Меркине'),
	(2576,2514,'Молетай'),
	(2577,2514,'Науйойи-Акмяне'),
	(2578,2514,'Неринга'),
	(278059,2514,'Нида'),
	(2579,2514,'Пабраде'),
	(2580,2514,'Пагегяй'),
	(2581,2514,'Пакруоис'),
	(2582,2514,'Паланга'),
	(2583,2514,'Паневежис'),
	(2584,2514,'Пасвалис'),
	(2585,2514,'Плунге'),
	(2586,2514,'Прейла'),
	(2587,2514,'Приекуле'),
	(2588,2514,'Приенай'),
	(2589,2514,'Рагува'),
	(2590,2514,'Радвилишкис'),
	(2591,2514,'Расейняй'),
	(2592,2514,'Риетавас'),
	(2593,2514,'Рокишкис'),
	(2594,2514,'Русне'),
	(2595,2514,'Салантай'),
	(2596,2514,'Симнас'),
	(2597,2514,'Скаудвиле'),
	(2598,2514,'Таураге'),
	(2599,2514,'Тельшяй'),
	(2600,2514,'Тракай'),
	(2601,2514,'Укмерге'),
	(2602,2514,'Утена'),
	(2603,2514,'Шакяй'),
	(2604,2514,'Шальчининкай'),
	(2605,2514,'Швенченеляй'),
	(2606,2514,'Швенчионис'),
	(2607,2514,'Шета'),
	(2608,2514,'Шилале'),
	(2609,2514,'Шилуте'),
	(2610,2514,'Ширвинтос'),
	(2611,2514,'Шяуляй'),
	(2612,2514,'Эжярелис'),
	(2613,2514,'Юрбаркас'),
	(2567,2514,'куодас'),
	(2616,2614,'Люксембург'),
	(3663694,582041,'Скопье'),
	(279122,277563,'Куала-Лумпур'),
	(6460485,582043,'Моста'),
	(2619,2617,'Агуаскалинтес'),
	(2621,2617,'Акаюкан'),
	(2622,2617,'Алтотонга'),
	(2623,2617,'Альварадо'),
	(2624,2617,'Веракрус'),
	(2625,2617,'Коатепек'),
	(2626,2617,'Коатцакоалькос'),
	(2627,2617,'Кордоба'),
	(2628,2617,'Косамалоапан (де Карпио)'),
	(2629,2617,'Мартинес-де-ла-Торре'),
	(2630,2617,'Минатитлан'),
	(2631,2617,'Оризаба'),
	(2632,2617,'Пануко'),
	(2633,2617,'Папантла (де Оларте)'),
	(2634,2617,'Поза-Рика-де-Хидальго'),
	(2635,2617,'Сан-Андрес-Тукстла'),
	(2636,2617,'Тихуатлан'),
	(2637,2617,'Тукспан-де-Родригес-Кано'),
	(2638,2617,'Тьерра-Бланка'),
	(2640,2617,'Акапулько'),
	(2641,2617,'Игуала'),
	(2642,2617,'Такско-де-Аларкон'),
	(2643,2617,'Текпан-де-Галина'),
	(2644,2617,'Телолоапан'),
	(2645,2617,'Чилпанкинго'),
	(2647,2617,'Акамбаро'),
	(2648,2617,'Валле-де-Сантъяго'),
	(2649,2617,'Гуанахуато'),
	(2650,2617,'Ирапуато'),
	(2651,2617,'Леон (де лос Альдамас)'),
	(2652,2617,'Пенхамо'),
	(2653,2617,'Саламанка'),
	(2654,2617,'Селая'),
	(2655,2617,'Силао'),
	(2657,2617,'Гомес-Палацио'),
	(2658,2617,'Дуранго'),
	(2659,2617,'Канатлан'),
	(2660,2617,'Сьюдад-Лердо'),
	(2662,2617,'Гуэхутла-де-Рейес'),
	(2663,2617,'Иксмикуилпан'),
	(2664,2617,'Пачука (де Сото)'),
	(2665,2617,'Туланкинго'),
	(2667,2617,'Кампеч'),
	(2671,2617,'Четумал'),
	(2669,2617,'Куэретаро'),
	(2673,2617,'Матаморос'),
	(2674,2617,'Монклова'),
	(2675,2617,'Пьедрас-Неграс'),
	(2676,2617,'Салтилло'),
	(2677,2617,'Торреон'),
	(2678,2617,'Фронтера'),
	(2680,2617,'Колима'),
	(2681,2617,'Манзанилло'),
	(2682,2617,'Текоман'),
	(2684,2617,'Куаутитлан'),
	(2685,2617,'Наукалпан'),
	(2686,2617,'Текскоко (де Мора)'),
	(2687,2617,'Толука (де Лердо)'),
	(2688,2617,'Хилотепек-де-Абасоло'),
	(2689,2617,'Чалко'),
	(2691,2617,'Апачинган'),
	(2692,2617,'Закапу'),
	(2693,2617,'Замора-де-Хидальго'),
	(2694,2617,'Зитакуаро'),
	(2695,2617,'Ла-Пидад (Кавадас)'),
	(2696,2617,'Морелиа'),
	(2697,2617,'Пацкуаро'),
	(2698,2617,'Пуруандиро'),
	(2699,2617,'Сахуэйо'),
	(2701,2617,'Куаутла-Морелос'),
	(2702,2617,'Куэрнавака'),
	(2703,2617,'Хохутла'),
	(2705,2617,'Акапонета'),
	(2706,2617,'Компостела'),
	(2707,2617,'Текуала'),
	(2708,2617,'Тепик'),
	(2710,2617,'Мехикали'),
	(2711,2617,'Тиюана'),
	(2712,2617,'Энсенада'),
	(2714,2617,'Кадерита-Хименес'),
	(2715,2617,'Линарес'),
	(2716,2617,'Монтеррей'),
	(2718,2617,'Оаксака (де Хуарес)'),
	(2719,2617,'Почутла'),
	(2720,2617,'Техуантепек'),
	(2721,2617,'Тлаколула (де Матаморос)'),
	(2722,2617,'Тукстепек'),
	(2723,2617,'Хуахуапан-де-Леон'),
	(2724,2617,'Хучитан (де Сарагоса)'),
	(2726,2617,'Ицукар-де-Матаморос'),
	(2727,2617,'Пуэбла (де Зарагоза)'),
	(2728,2617,'Техуакан'),
	(2729,2617,'Хуаучинанго'),
	(2731,2617,'Закатекас'),
	(2732,2617,'Сан-Мигель'),
	(2733,2617,'Сомбререт'),
	(2734,2617,'Фреснилло'),
	(2736,2617,'Матехуала'),
	(2737,2617,'Риоверде'),
	(2738,2617,'Сан-Луис-Потоси'),
	(2739,2617,'Сбюдад-де-Валлес'),
	(2740,2617,'Херез-де-Гарсиа-Салинас'),
	(2742,2617,'Гуасейв'),
	(2743,2617,'Кулиакан'),
	(2744,2617,'Мазатлан'),
	(2745,2617,'Эскуинапа (де Хидальго)'),
	(2747,2617,'Гуэймас'),
	(2748,2617,'Емпалм'),
	(2749,2617,'Навохоа'),
	(2750,2617,'Сан-Луис-Рио-Колорадо'),
	(2751,2617,'Сьюдад-Обрегон'),
	(2752,2617,'Хермосилло'),
	(2753,2617,'Хероика-Ногалес'),
	(2754,2617,'Хуатабампо'),
	(2756,2617,'Виллахермоса'),
	(2757,2617,'Макуспана'),
	(2758,2617,'Хуимангуилло'),
	(2760,2617,'Валле-Хермосо'),
	(2761,2617,'Нуэво-Ларедо'),
	(2762,2617,'Риноса'),
	(2763,2617,'Сьюдад-Мадеро'),
	(2764,2617,'Тампико'),
	(2765,2617,'Чиудад-Викториа'),
	(2767,2617,'Мехико'),
	(2769,2617,'Амека'),
	(2770,2617,'Арандас'),
	(2771,2617,'Атотонилко'),
	(2772,2617,'Аутлан-де-Наварро'),
	(2773,2617,'Гвадалахара'),
	(2774,2617,'Ла-Барка'),
	(2775,2617,'Лагос-де-Морено'),
	(2776,2617,'Сьюдад-Гузман'),
	(2777,2617,'Тепатитлан (де Морелос)'),
	(2779,2617,'Чиуауа'),
	(2781,2617,'Комитан (де Домингес)'),
	(2782,2617,'Тапачула'),
	(2783,2617,'Тонала'),
	(2784,2617,'Тукстла-Гутьеррес'),
	(2785,2617,'Чинталапа-де-Фигуэра'),
	(2787,2617,'Мерида'),
	(7715963,582082,'Бейра'),
	(6128703,582082,'Мапуто'),
	(7715991,582082,'Нампула'),
	(7716005,582082,'Пемба'),
	(2790,2788,'Атаки'),
	(2791,2788,'Бельцы'),
	(2792,2788,'Бендеры'),
	(2793,2788,'Бессарабка'),
	(2794,2788,'Бричаны'),
	(2795,2788,'Быковец'),
	(2796,2788,'Вишневка'),
	(2797,2788,'Вулканешты'),
	(2798,2788,'Глодяны'),
	(2799,2788,'Григориополь'),
	(3864538,2788,'Днестровск'),
	(2800,2788,'Дондюшаны'),
	(2801,2788,'Дрокия'),
	(2802,2788,'Дубоссары'),
	(2803,2788,'Единцы'),
	(2804,2788,'Кагул'),
	(2805,2788,'Калараш'),
	(2806,2788,'Каменка'),
	(2807,2788,'Каушаны'),
	(2808,2788,'Кишинев'),
	(2809,2788,'Комрат'),
	(2810,2788,'Корнешты'),
	(2811,2788,'Котовск'),
	(2812,2788,'Криуляны'),
	(2813,2788,'Леово'),
	(2814,2788,'Ниспорены'),
	(2815,2788,'Новые Анены'),
	(2816,2788,'Окница'),
	(2817,2788,'Оргеев'),
	(2818,2788,'Резина'),
	(2819,2788,'Рыбница'),
	(2820,2788,'Рышканы'),
	(2821,2788,'Слободзея'),
	(2822,2788,'Сороки'),
	(2823,2788,'Страшены'),
	(2824,2788,'Тараклия'),
	(2825,2788,'Теленешты'),
	(2826,2788,'Тирасполь'),
	(2827,2788,'Унгены'),
	(2828,2788,'Фалешты'),
	(2829,2788,'Флорешты'),
	(2830,2788,'Чадыр-Лунга'),
	(2831,2788,'Чимишлия'),
	(2832,2788,'Чишмикиой'),
	(2835,2833,'Монако'),
	(2836,2833,'Монте-Карло'),
	(2687765,2687701,'Улан-батор'),
	(4042496,582065,'Морокко'),
	(4119784,582065,'Танжер'),
	(278093,277551,'Амстердам'),
	(278120,277551,'Гаага'),
	(278128,277551,'Гус'),
	(278132,277551,'Дордрехт'),
	(278178,277551,'Маастрихт'),
	(278219,277551,'Роттердам'),
	(278254,277551,'Утрехт'),
	(278272,277551,'Эйндховен'),
	(2839,2837,'Манукау'),
	(2840,2837,'Окленд'),
	(2842,2837,'Роторуа'),
	(2843,2837,'Тауранга'),
	(2845,2837,'Ашбуртон'),
	(12364262,2837,'Крайстчерч'),
	(2846,2837,'Тимару'),
	(2848,2837,'Гисборн'),
	(2850,2837,'Напир'),
	(2851,2837,'Хастингс'),
	(2853,2837,'Вангануи'),
	(2854,2837,'Палмерстон-Норт'),
	(2856,2837,'Бленхейм'),
	(2858,2837,'Нельсон'),
	(2860,2837,'Вангарей'),
	(2862,2837,'Дунедин'),
	(2864,2837,'Гор'),
	(2865,2837,'Инверкаргилл'),
	(2867,2837,'Нью-Плимут'),
	(2868,2837,'Хавера'),
	(2870,2837,'Ричмонд'),
	(2872,2837,'Гамильтон'),
	(2873,2837,'Таупо'),
	(2875,2837,'Веллингтон'),
	(2876,2837,'Ловер-Хатт'),
	(2877,2837,'Мастертон'),
	(2879,2837,'Греймоут'),
	(2882,2880,'Драммен'),
	(10685075,2880,'Несбиен'),
	(2884,2880,'Кристиансанд'),
	(1924732,2880,'Боде'),
	(1924719,2880,'Бодэ'),
	(2886,2880,'Нарвик'),
	(2888,2880,'Осло'),
	(5908636,2880,'Молде'),
	(2577926,2880,'Олесюн'),
	(2890,2880,'Ставангер'),
	(2892,2880,'Тронхейм'),
	(2894,2880,'Скин'),
	(2896,2880,'Берген'),
	(2372615,582051,'Дубаи'),
	(3826797,582105,'Дуглас'),
	(3827174,582105,'Каслтаун'),
	(3826891,582105,'Ончан'),
	(3827103,582105,'Пил'),
	(3827374,582105,'Порт-Сент-Мэри'),
	(3827336,582105,'Порт-Эрин'),
	(3827069,582105,'Рамси'),
	(7593385,582044,'Исламабад'),
	(7593394,582044,'Карачи'),
	(7593405,582044,'Лахоре'),
	(5556230,582046,'Лима'),
	(2899,2897,'Билава'),
	(2900,2897,'Богатыня'),
	(2901,2897,'Болеславец'),
	(2902,2897,'Валбржич'),
	(2903,2897,'Вроцлав'),
	(2904,2897,'Вроцлав ОА'),
	(2905,2897,'Глогов'),
	(2906,2897,'Дзирзонев'),
	(2907,2897,'Желеня-Гора'),
	(2908,2897,'Згорзелец'),
	(2909,2897,'Клодзко'),
	(2910,2897,'Легница'),
	(2911,2897,'Любан'),
	(2912,2897,'Нова-Руда'),
	(2913,2897,'Олава'),
	(2914,2897,'Олесница'),
	(2915,2897,'Полковице'),
	(2916,2897,'Свибоджице'),
	(2917,2897,'Свидница'),
	(2918,2897,'Явор'),
	(2920,2897,'Бродница'),
	(2921,2897,'Быдгощ'),
	(2922,2897,'Влоцлавек'),
	(2923,2897,'Грудзядзь'),
	(2924,2897,'Иновроцлав'),
	(2925,2897,'Накло-над-Нотеча'),
	(2926,2897,'Свечье'),
	(2927,2897,'Торун'),
	(2928,2897,'Челмно'),
	(2930,2897,'Горзов-Виелкопольски'),
	(2931,2897,'Заган'),
	(2932,2897,'Зары'),
	(2933,2897,'Зелона-Гора'),
	(2934,2897,'Меджиржеч'),
	(2935,2897,'Нова-Сол'),
	(2936,2897,'Свебоджин'),
	(2938,2897,'Андрыхов'),
	(2939,2897,'Бочния'),
	(2940,2897,'Горлице'),
	(2941,2897,'Закопане'),
	(2942,2897,'Краков'),
	(2944,2897,'Краков (обс. Форт Скала)'),
	(2943,2897,'Краков (обс. ул. Коперника)'),
	(2945,2897,'Краков (ш. им. Еромского)'),
	(2946,2897,'Краков (ш. им. Нарутауича)'),
	(2947,2897,'Краков (ш. ул. Вроклавска)'),
	(2948,2897,'Краков (ш. ул. Галла)'),
	(2949,2897,'Краков (ш. ул. Коперника)'),
	(2950,2897,'Краков (ш. ул. Симирадзка)'),
	(2951,2897,'Науи Сач'),
	(2952,2897,'Новы-Тарг'),
	(2953,2897,'Олкуш'),
	(2954,2897,'Освецим'),
	(2955,2897,'Скавина'),
	(2956,2897,'Тарнов'),
	(2957,2897,'Хрзанов'),
	(2959,2897,'Варшава'),
	(2960,2897,'Варшава ОА ПВ'),
	(2961,2897,'Варшава ОА УВ'),
	(2962,2897,'Воломин'),
	(2963,2897,'Вышков'),
	(2964,2897,'Гостынин'),
	(2965,2897,'Гроджиск-Мазовецки'),
	(2966,2897,'Жирардов'),
	(2967,2897,'Козенице'),
	(2968,2897,'Легионово'),
	(2969,2897,'Минск-Мазовецки'),
	(2970,2897,'Млава'),
	(2971,2897,'Новы-Двор-Мазовецки'),
	(2972,2897,'Остров-Мазовецки'),
	(2973,2897,'Остролека'),
	(2974,2897,'Отвок'),
	(2975,2897,'Пионки'),
	(2976,2897,'Плонск'),
	(2977,2897,'Плоцк'),
	(2978,2897,'Прушков'),
	(2979,2897,'Пьястов'),
	(2980,2897,'Радом'),
	(2981,2897,'Седльце'),
	(2982,2897,'Сохачев'),
	(2984,2897,'Дебица'),
	(2985,2897,'Кросно'),
	(2986,2897,'Мелец'),
	(2987,2897,'Пржемысл'),
	(2988,2897,'Рхешов'),
	(2989,2897,'Санок'),
	(2990,2897,'Сталова-Вола'),
	(2991,2897,'Тарнобржег'),
	(2992,2897,'Ярослав'),
	(2993,2897,'Ясло'),
	(2995,2897,'Аугустов'),
	(2996,2897,'Белосток'),
	(2997,2897,'Бельск Подласки'),
	(2998,2897,'Граево'),
	(2999,2897,'Замбров'),
	(3000,2897,'Ломжа'),
	(3001,2897,'Сувалки'),
	(3002,2897,'Хайнавка'),
	(3004,2897,'Вейхерово'),
	(3005,2897,'Гданьск'),
	(3006,2897,'Гдыня'),
	(3007,2897,'Квиджин'),
	(3008,2897,'Косцержина'),
	(3009,2897,'Леборк'),
	(3010,2897,'Мальборк'),
	(3011,2897,'Прущ-Гданьски'),
	(3012,2897,'Румия'),
	(3013,2897,'Слупск'),
	(3014,2897,'Сопот'),
	(3015,2897,'Старогард-Гданьски'),
	(3016,2897,'Тчев'),
	(3017,2897,'Чойнице'),
	(3019,2897,'Беджин'),
	(3020,2897,'Белско-Бяла'),
	(3021,2897,'Берун-Новы'),
	(3022,2897,'Бытом'),
	(3023,2897,'Водзислав-Сласки'),
	(3024,2897,'Гливице'),
	(3025,2897,'Даброваа-Горница'),
	(3026,2897,'Живец'),
	(3027,2897,'Забрже'),
	(3028,2897,'Заверцие'),
	(3029,2897,'Зоры'),
	(3030,2897,'Катовице'),
	(3031,2897,'Люблинец'),
	(3032,2897,'Миколов'),
	(3033,2897,'Мысловице'),
	(3034,2897,'Мышков'),
	(3035,2897,'Пекары-Слаские'),
	(3036,2897,'Пшчина'),
	(3037,2897,'Пысковице'),
	(3038,2897,'Рачиборз'),
	(3039,2897,'Руда-Сласка'),
	(3040,2897,'Рыбник'),
	(3041,2897,'Сосновец'),
	(3042,2897,'Тарновские-Горы'),
	(3043,2897,'Тыхи'),
	(3044,2897,'Цеховице-Дзедзице'),
	(3045,2897,'Честохова'),
	(3046,2897,'Чешин'),
	(3047,2897,'Чорзов'),
	(3048,2897,'Яворзно'),
	(3050,2897,'Кельце'),
	(3051,2897,'Конские'),
	(3052,2897,'Островец-Свитокржиски'),
	(3053,2897,'Сандомерж'),
	(3054,2897,'Скаржиско-Каменна'),
	(3055,2897,'Стараховице'),
	(3057,2897,'Бартошице'),
	(3058,2897,'Гижичко'),
	(3059,2897,'Дзялдово'),
	(3060,2897,'Илава'),
	(3061,2897,'Кетржин'),
	(3062,2897,'Мрагово'),
	(3063,2897,'Ольштын'),
	(3064,2897,'Острода'),
	(3065,2897,'Шхов'),
	(3066,2897,'Элблаг'),
	(3067,2897,'Элк'),
	(3069,2897,'Вагровец'),
	(3070,2897,'Вржесня'),
	(3071,2897,'Гнезно'),
	(3072,2897,'Гостын'),
	(3073,2897,'Калиш'),
	(3074,2897,'Коло'),
	(3075,2897,'Конин'),
	(3076,2897,'Косциян'),
	(3077,2897,'Кротошин'),
	(3078,2897,'Лешно'),
	(3079,2897,'Любон'),
	(3080,2897,'Остров-Велкопольски'),
	(3081,2897,'Пила'),
	(3082,2897,'Познань'),
	(3083,2897,'Равич'),
	(3084,2897,'Сваржедж'),
	(3085,2897,'Срем'),
	(3086,2897,'Срода-Велкопольска'),
	(3087,2897,'Турек'),
	(3088,2897,'Чодзиеж'),
	(3089,2897,'Яроцин'),
	(3091,2897,'Валч'),
	(3092,2897,'Голенёв'),
	(3093,2897,'Грифино'),
	(3094,2897,'Колобржег'),
	(3095,2897,'Кошалин'),
	(3096,2897,'Поличе'),
	(3097,2897,'Свинойски'),
	(3098,2897,'Старгард-Щецинский'),
	(3099,2897,'Щецин'),
	(3100,2897,'Щецинек'),
	(3102,2897,'Александров-Ёдзжи'),
	(3103,2897,'Вилун'),
	(3104,2897,'Згерз'),
	(3105,2897,'Здунска-Вола'),
	(3106,2897,'Кутно'),
	(3107,2897,'Ласк'),
	(3108,2897,'Ловиц'),
	(3109,2897,'Лодзь'),
	(3110,2897,'Озорков'),
	(3111,2897,'Опочно'),
	(3112,2897,'Пабьянице'),
	(3113,2897,'Пиотрков-Трыбунальски'),
	(3114,2897,'Радомско'),
	(3115,2897,'Серадзь'),
	(3116,2897,'Скерневице'),
	(3117,2897,'Томашов-Мазовецки'),
	(3119,2897,'Биала Подласка'),
	(3120,2897,'Билгорай'),
	(3121,2897,'Замосц'),
	(3122,2897,'Красник'),
	(3123,2897,'Красныстав'),
	(3124,2897,'Лешна'),
	(3125,2897,'Лубартов'),
	(3126,2897,'Луков'),
	(3127,2897,'Люблин'),
	(3128,2897,'Пулавы'),
	(3129,2897,'Свидник'),
	(3130,2897,'Томашов Любельски'),
	(3131,2897,'Хрубешов'),
	(3132,2897,'Челм'),
	(3134,2897,'Бржег'),
	(3135,2897,'Кедзержин-Козле'),
	(3136,2897,'Ключборк'),
	(3137,2897,'Ныса'),
	(3138,2897,'Ополе'),
	(3139,2897,'Прудник'),
	(3140,2897,'Стржельце-Опольские'),
	(278100,2897,'Бельско-Бяла'),
	(278139,2897,'Замосць'),
	(278141,2897,'Зелена Гура'),
	(278173,2897,'Лемборк'),
	(278197,2897,'Остроленка'),
	(278211,2897,'Пшемысль'),
	(278214,2897,'Рацибуж'),
	(278225,2897,'Свиноуйсвце'),
	(278244,2897,'Торунь'),
	(278253,2897,'Устка'),
	(278268,2897,'Ченстохова'),
	(278273,2897,'Эльблонг'),
	(3143,3141,'Коимбра'),
	(3145,3141,'Фунчал'),
	(3147,3141,'Амадора'),
	(3148,3141,'Лиссабон'),
	(3149,3141,'Сетубаль'),
	(3151,3141,'Брага'),
	(3152,3141,'Вила-Нова-де-Гайя'),
	(3153,3141,'Матосинхос'),
	(3154,3141,'Опорто'),
	(3155,3141,'Порту'),
	(2373250,3141,'Фаро'),
	(3158,3156,'Сант-Денис'),
	(278095,277555,'Арад'),
	(278101,277555,'Бистрица'),
	(278104,277555,'Ботошани'),
	(5908584,277555,'Брашов'),
	(278109,277555,'Бухарест'),
	(278121,277555,'Галац'),
	(278129,277555,'Дева'),
	(278130,277555,'Джурджу'),
	(278150,277555,'Карансебеш'),
	(278157,277555,'Клуж-Напока'),
	(278159,277555,'Констанца'),
	(278166,277555,'Крайова'),
	(278181,277555,'Мангалия'),
	(278196,277555,'Орадя'),
	(278201,277555,'Петрошани'),
	(278205,277555,'Плоешти'),
	(278218,277555,'Роман'),
	(278222,277555,'Сату-Маре'),
	(278228,277555,'Сибиу'),
	(278241,277555,'Тимишоара'),
	(278247,277555,'Тырговиште'),
	(278248,277555,'Тыргу-Жиу'),
	(278257,277555,'Фетешти'),
	(278259,277555,'Флорешти'),
	(278262,277555,'Фэгэраш'),
	(278274,277555,'Яссы'),
	(5683,5681,'Айдахо-Фоллс'),
	(5684,5681,'Арко'),
	(5685,5681,'Барли'),
	(5686,5681,'Бойсе'),
	(5687,5681,'Левистон'),
	(5688,5681,'Маунтейн-Хоум'),
	(5689,5681,'Монтпелье'),
	(5690,5681,'Орофино'),
	(5691,5681,'Покателло'),
	(5692,5681,'Рексбург'),
	(5693,5681,'Руперт'),
	(5695,5681,'Айова-Сити'),
	(5696,5681,'Аллеман'),
	(5697,5681,'Амес'),
	(5698,5681,'Асбури'),
	(5699,5681,'Барлингтон'),
	(5700,5681,'Беттендорф'),
	(5701,5681,'Блуэ Грасс'),
	(5702,5681,'Буффало'),
	(5703,5681,'Ватерлоо'),
	(5704,5681,'Вест-Де-Мойн'),
	(5705,5681,'Виндсор-Хейгтс'),
	(5706,5681,'Вудвард'),
	(5707,5681,'Гилбертвилл'),
	(5708,5681,'Гринфилд'),
	(5709,5681,'Давенпорт'),
	(5710,5681,'Де-Мойн'),
	(5711,5681,'Декора'),
	(5712,5681,'Денвер'),
	(5713,5681,'Джайнсвилл'),
	(5714,5681,'Дубукуэ'),
	(5715,5681,'Елдридж'),
	(5716,5681,'Калумет'),
	(5717,5681,'Камминг'),
	(5718,5681,'Картер-Лейк'),
	(5719,5681,'Кеокук'),
	(5720,5681,'Клайв'),
	(5721,5681,'Кларинда'),
	(5722,5681,'Клинтон'),
	(5723,5681,'Консил-Блаффс'),
	(5724,5681,'Коридон'),
	(5725,5681,'Крескент'),
	(5726,5681,'Креско'),
	(5727,5681,'Лайон'),
	(5728,5681,'Маршаллтаун'),
	(5729,5681,'Масон-Сити'),
	(5730,5681,'Норвалк'),
	(5731,5681,'Олбани'),
	(5732,5681,'Онава'),
	(5733,5681,'Осадж'),
	(5734,5681,'Оттумва'),
	(5735,5681,'Плисант-Хилл'),
	(5736,5681,'Ред-Оак'),
	(5737,5681,'Реймонд'),
	(5738,5681,'Ривердал'),
	(5739,5681,'Сагевилл'),
	(5740,5681,'Седар-Рапидс'),
	(5741,5681,'Седар-Фоллс'),
	(5742,5681,'Сиу-Сити'),
	(5743,5681,'Урбандал'),
	(5744,5681,'Форт-Додж'),
	(5745,5681,'Чаритон'),
	(5746,5681,'Чарльс-Сити'),
	(5747,5681,'Эвансдейл'),
	(5748,5681,'Элдора'),
	(5749,5681,'Элк-Ран-Хейгтс'),
	(5750,5681,'Эмметсбург'),
	(5751,5681,'Эстервилл'),
	(5753,5681,'Авон'),
	(5754,5681,'Айрондейл'),
	(5755,5681,'Акрон'),
	(5756,5681,'Альбертвиль'),
	(5757,5681,'Андалусиа'),
	(5758,5681,'Аннистон'),
	(5759,5681,'Атенс'),
	(5760,5681,'Атмор'),
	(5761,5681,'Аубурн'),
	(5762,5681,'Аутаугавилл'),
	(5763,5681,'Бабби'),
	(5764,5681,'Бентон'),
	(5765,5681,'Берри'),
	(5766,5681,'Бессемер'),
	(5767,5681,'Бир Крик'),
	(5768,5681,'Бирмингам'),
	(5769,5681,'Блу-Маунтайн'),
	(5770,5681,'Боаз'),
	(5771,5681,'Бревтон'),
	(5772,5681,'Бригтон'),
	(5773,5681,'Бриллиант'),
	(5774,5681,'Бруквуд'),
	(5775,5681,'Ваверли'),
	(5776,5681,'Валдо'),
	(5777,5681,'Ванк'),
	(5778,5681,'Вебб'),
	(5779,5681,'Веставиа Хиллс'),
	(5780,5681,'Ветумпка'),
	(5781,5681,'Вивер'),
	(5782,5681,'Вилмер'),
	(5783,5681,'Вудвилл'),
	(5784,5681,'Гадсден'),
	(5785,5681,'Гардендал'),
	(5786,5681,'Гералдин'),
	(5787,5681,'Голдвилл'),
	(5788,5681,'Грант'),
	(5789,5681,'Гров Хилл'),
	(5790,5681,'Гу-Вин'),
	(5791,5681,'Гудватер'),
	(5792,5681,'Гуин'),
	(5793,5681,'Гурли'),
	(5794,5681,'Далевилл'),
	(5795,5681,'Дафна'),
	(5796,5681,'Декатур'),
	(5797,5681,'Дора'),
	(5798,5681,'Дотан'),
	(5799,5681,'Дуттон'),
	(5800,5681,'Елба'),
	(5801,5681,'Еуфаула'),
	(5802,5681,'Карбон Хилл'),
	(5803,5681,'Кауартс'),
	(5804,5681,'Кинси'),
	(5805,5681,'Кинстон'),
	(5806,5681,'Клантон'),
	(5807,5681,'Клэйхатчи'),
	(5808,5681,'Коллинсвилл'),
	(5809,5681,'Кордова'),
	(5810,5681,'Коттонвуд'),
	(5811,5681,'Коуртланд'),
	(5812,5681,'Креола'),
	(5813,5681,'Кэмп-Хилл'),
	(5814,5681,'Лангдал'),
	(5815,5681,'Ланетт'),
	(5816,5681,'Лаундесборо'),
	(5817,5681,'Лафэйетт'),
	(5818,5681,'Лейгтон'),
	(5819,5681,'Лексингтон'),
	(5820,5681,'Липскомб'),
	(5821,5681,'Лисбург'),
	(5822,5681,'Литтл Шавмут'),
	(5823,5681,'Лоачапока'),
	(5824,5681,'Локсли'),
	(5825,5681,'Локхарт'),
	(5826,5681,'Луверн'),
	(5827,5681,'Мадрид'),
	(5828,5681,'Малверн'),
	(5829,5681,'Маундвилл'),
	(5830,5681,'Мидланд-Сити'),
	(5831,5681,'Мидфилд'),
	(5832,5681,'Миллбрук'),
	(5833,5681,'Мобил'),
	(5834,5681,'Монтгомери'),
	(5835,5681,'Моултон'),
	(5836,5681,'Моунтаин Брук'),
	(5837,5681,'Моунтаинборо'),
	(5838,5681,'Муресвилл'),
	(5839,5681,'Мускл Шоалс'),
	(5840,5681,'Напир-Филд'),
	(5841,5681,'Нортпорт'),
	(5842,5681,'Нотасулга'),
	(5843,5681,'Нью-Сайт'),
	(5844,5681,'Ньювилл'),
	(5845,5681,'Оак Хилл'),
	(5846,5681,'Оакман'),
	(5847,5681,'Озарк'),
	(5848,5681,'Онича'),
	(5849,5681,'Опелика'),
	(5850,5681,'Опп'),
	(5851,5681,'Охатчи'),
	(5852,5681,'Паинт Рок'),
	(5853,5681,'Парриш'),
	(5854,5681,'Пинкард'),
	(5855,5681,'Плисант Гров'),
	(5856,5681,'Пойнт-Клир'),
	(5857,5681,'Поллард'),
	(5858,5681,'Праттвилл'),
	(5859,5681,'Прикевилл'),
	(5860,5681,'Причард'),
	(5861,5681,'Раинсвилл'),
	(5862,5681,'Редстон Арсенал'),
	(5863,5681,'Ривер Вив'),
	(5864,5681,'Рик-Сити'),
	(5865,5681,'Робинсон Спрингс'),
	(5866,5681,'Рогерсвилл'),
	(5867,5681,'Русселлвилл'),
	(5868,5681,'Рутледж'),
	(5869,5681,'Сакс'),
	(5870,5681,'Санфорд'),
	(5871,5681,'Сараланд'),
	(5872,5681,'Сатсума'),
	(5873,5681,'Седар-Блуфф'),
	(5874,5681,'Селма'),
	(5875,5681,'Селмонт'),
	(5876,5681,'Силакауга'),
	(5877,5681,'Силваниа'),
	(5878,5681,'Сипси'),
	(5879,5681,'Слокомб'),
	(5880,5681,'Сомервилл'),
	(5881,5681,'Талладега'),
	(5882,5681,'Таррант'),
	(5883,5681,'Таррант-Сити'),
	(5884,5681,'Теодор'),
	(5885,5681,'Тиллманс Корнер'),
	(5886,5681,'Триана'),
	(5887,5681,'Трой'),
	(5888,5681,'Тускалуса'),
	(5889,5681,'Тускеги'),
	(5890,5681,'Тускумбиа'),
	(5891,5681,'Уайт-Халл'),
	(5892,5681,'Унионтаун'),
	(5893,5681,'Фаирфакс'),
	(5894,5681,'Фаирфилд'),
	(5895,5681,'Файрхоп'),
	(5896,5681,'Фаунсдал'),
	(5897,5681,'Феникс-Сити'),
	(5898,5681,'Фифф'),
	(5899,5681,'Флинт-Сити'),
	(5900,5681,'Фломатон'),
	(5901,5681,'Флорала'),
	(5902,5681,'Флоренк'),
	(5903,5681,'Форестдал'),
	(5904,5681,'Форт-Пэйн'),
	(5905,5681,'Форт-Рукер'),
	(5906,5681,'Фултон'),
	(5907,5681,'Фултондал'),
	(5908,5681,'Хаклебург'),
	(5909,5681,'Хартфорд'),
	(5910,5681,'Хенагар'),
	(5911,5681,'Хидланд'),
	(5912,5681,'Хомевуд'),
	(5913,5681,'Хорн Хилл'),
	(5914,5681,'Хувер'),
	(5915,5681,'Хугули'),
	(5916,5681,'Хунтсвилл'),
	(5917,5681,'Чикасав'),
	(5918,5681,'Шавмут'),
	(5919,5681,'Шеффилд'),
	(5920,5681,'Эшфорд'),
	(5921,5681,'Яксон'),
	(5922,5681,'Яксонвилл'),
	(5923,5681,'Яспер'),
	(5925,5681,'Анкоридж'),
	(5926,5681,'Юно'),
	(5928,5681,'Авондейл'),
	(5929,5681,'Аджо'),
	(5930,5681,'Багдад'),
	(5931,5681,'Бенсон'),
	(5932,5681,'Велда-Рос-Эстатес'),
	(5933,5681,'Викенбург'),
	(5934,5681,'Виллкокс'),
	(5935,5681,'Гилберт'),
	(5936,5681,'Глендейл'),
	(5937,5681,'Глоб'),
	(5938,5681,'Грин-Вэлли'),
	(5939,5681,'Гуадалуп'),
	(5940,5681,'Гудиир'),
	(5941,5681,'Давис-Монтан АФБ'),
	(5942,5681,'Дримланд-Вилла'),
	(5943,5681,'Йоунгтаун'),
	(5944,5681,'Кайента'),
	(5945,5681,'Кашион'),
	(5946,5681,'Кингман'),
	(5947,5681,'Кларкдейл'),
	(5948,5681,'Клэйпул'),
	(5949,5681,'Литчфилд-Парк'),
	(5950,5681,'Лук'),
	(5951,5681,'Майми'),
	(5952,5681,'Марана'),
	(5953,5681,'Меса'),
	(5954,5681,'Оракл'),
	(5955,5681,'Парадайс-Вэлли'),
	(5956,5681,'Паркер'),
	(5957,5681,'Пеориа'),
	(5958,5681,'Пиртлевилл'),
	(5959,5681,'Прескотт'),
	(5960,5681,'Пэйсон'),
	(5961,5681,'Сан-Мануэль'),
	(5962,5681,'Сан-Сити'),
	(5963,5681,'Саут-Таксон'),
	(5964,5681,'Селлс'),
	(5965,5681,'Скоттсдейл'),
	(5966,5681,'Спрингервилл'),
	(5967,5681,'Сьерра-Виста'),
	(5968,5681,'Таксон'),
	(5969,5681,'Темп'),
	(5970,5681,'Толлесон'),
	(5971,5681,'Туба-Сити'),
	(5972,5681,'Тусон'),
	(5973,5681,'Финикс'),
	(5974,5681,'Флагстафф'),
	(5975,5681,'Флоренц'),
	(5976,5681,'Форт-Дефианс'),
	(5977,5681,'Форт-Хуачука'),
	(5978,5681,'Чандлер'),
	(5979,5681,'Чинли'),
	(5980,5681,'Шау-Ло'),
	(5981,5681,'Эль-Мираг'),
	(5982,5681,'Юма'),
	(5984,5681,'Александер'),
	(5985,5681,'Арканзас-Сити'),
	(5986,5681,'Аткинс'),
	(5987,5681,'Бакнер'),
	(5988,5681,'Балд-Кноб'),
	(5989,5681,'Барлинг'),
	(5990,5681,'Бауксит'),
	(5991,5681,'Бентон'),
	(5992,5681,'Бетел-Хейгтс'),
	(5993,5681,'Блевинс'),
	(5994,5681,'Блитевилл'),
	(5995,5681,'Бонанза'),
	(5996,5681,'Брадфорд'),
	(5997,5681,'Булл-Шоалс'),
	(5998,5681,'Бурдетт'),
	(5999,5681,'Валдрон'),
	(6000,5681,'Валнут-Ридж'),
	(6001,5681,'Ван-Бурен'),
	(6002,5681,'Варрен'),
	(6003,5681,'Вашингтон'),
	(6004,5681,'Вест Хелена'),
	(6005,5681,'Вест-Мемфис'),
	(6006,5681,'Виллисвилл'),
	(6007,5681,'Винн'),
	(6008,5681,'Гассвилл'),
	(6009,5681,'Де-Витт'),
	(6010,5681,'Дермотт'),
	(6011,5681,'Джадсониа'),
	(6012,5681,'Джексонвилл'),
	(6013,5681,'Едмондсон'),
	(6014,5681,'Ингленд'),
	(6015,5681,'Йонесборо'),
	(6016,5681,'Калдвелл'),
	(6017,5681,'Каммак-Виллидж'),
	(6018,5681,'Кейл'),
	(6019,5681,'Кенсетт'),
	(6020,5681,'Киблер'),
	(6021,5681,'Колт'),
	(6022,5681,'Корнинг'),
	(6023,5681,'Коттер'),
	(6024,5681,'Кравфордсвилл'),
	(6025,5681,'Кроссетт'),
	(6026,5681,'Лавака'),
	(6027,5681,'Левисвилл'),
	(6028,5681,'Лейк-Виллидж'),
	(6029,5681,'Лейк-Хамилтон'),
	(6030,5681,'Литтл-Рок'),
	(6031,5681,'Лонсдейл'),
	(6032,5681,'Луксора'),
	(6033,5681,'Магнесс'),
	(6034,5681,'Мак-Гехи'),
	(6035,5681,'Мак-Каскилл'),
	(6036,5681,'Мак-Нейл'),
	(6037,5681,'Малверн'),
	(6038,5681,'Марианна'),
	(6039,5681,'Марион'),
	(6040,5681,'Маунтайн-Хоум'),
	(6041,5681,'Мена'),
	(6042,5681,'Мэйфлауер'),
	(6043,5681,'Норт-Литтл-Рок'),
	(6044,5681,'Норфорк'),
	(6045,5681,'Ньюарк'),
	(6046,5681,'Нэшвилл'),
	(6047,5681,'Оакхавен'),
	(6048,5681,'Озан'),
	(6049,5681,'Ойл-Троуг'),
	(6050,5681,'Олбани'),
	(6051,5681,'Оскеола'),
	(6052,5681,'Пайн-Блафф'),
	(6053,5681,'Парагоулд'),
	(6054,5681,'Парис'),
	(6055,5681,'Перритаун'),
	(6056,5681,'Пигготт'),
	(6057,5681,'Плисант-Плайнс'),
	(6058,5681,'Плумервилл'),
	(6059,5681,'Покахонтас'),
	(6060,5681,'Поттсвилл'),
	(6061,5681,'Прескотт'),
	(6062,5681,'Расселл'),
	(6063,5681,'Расселлвилл'),
	(6064,5681,'Рокпорт'),
	(6065,5681,'Росстон'),
	(6066,5681,'Руди'),
	(6067,5681,'Сабиако'),
	(6068,5681,'Сентрал-Сити'),
	(6069,5681,'Сирки'),
	(6070,5681,'Скрантон'),
	(6071,5681,'Смаковер'),
	(6072,5681,'Спрингдал'),
	(6073,5681,'Стампс'),
	(6074,5681,'Статтгарт'),
	(6075,5681,'Толлетт'),
	(6076,5681,'Тонтитаун'),
	(6077,5681,'Тэйлор'),
	(6078,5681,'Фейеттевилл'),
	(6079,5681,'Флиппин'),
	(6080,5681,'Фордик'),
	(6081,5681,'Форрест-Сити'),
	(6082,5681,'Форт-Смит'),
	(6083,5681,'Харди'),
	(6084,5681,'Хаскелл'),
	(6085,5681,'Хелена'),
	(6086,5681,'Хоппер'),
	(6087,5681,'Хот-Спрингс'),
	(6088,5681,'Хот-Спрингс (национальный парк)'),
	(6089,5681,'Хоуп'),
	(6090,5681,'Шаннон-Хиллс'),
	(6091,5681,'Шервуд'),
	(6092,5681,'Элкинс'),
	(6093,5681,'Элм-Спрингс'),
	(6094,5681,'Элма'),
	(6095,5681,'Эль-Дорадо'),
	(6096,5681,'Эмерсон'),
	(6097,5681,'Эммет'),
	(6099,5681,'Каспер'),
	(6100,5681,'Олбани'),
	(6101,5681,'Шайенн'),
	(6102,5681,'Шеридан'),
	(6104,5681,'Абердин'),
	(6105,5681,'Алдервуд-Манор'),
	(6106,5681,'Беллевуэ'),
	(6107,5681,'Беллингем'),
	(6108,5681,'Бонни-Лейк'),
	(6109,5681,'Ботелл'),
	(6110,5681,'Бревстер'),
	(6111,5681,'Бремертон'),
	(6112,5681,'Брин-Мавр'),
	(6113,5681,'Ванкувер'),
	(6114,5681,'Венатчи'),
	(6115,5681,'Голдендейл'),
	(6116,5681,'Дишман'),
	(6117,5681,'Дэйтон'),
	(6118,5681,'Дюпонт'),
	(6119,5681,'Женева'),
	(6120,5681,'Интерсити'),
	(6121,5681,'Ист-Венатчи-Бенч'),
	(6122,5681,'Истгейт'),
	(6123,5681,'Кенмор'),
	(6124,5681,'Кингсгейт'),
	(6125,5681,'Киркланд'),
	(6126,5681,'Клайд-Хилл'),
	(6127,5681,'Кли-Элам'),
	(6128,5681,'Колвилл'),
	(6129,5681,'Колфакс'),
	(6130,5681,'Лонгвью'),
	(6131,5681,'Мак-Хорд база ВВС'),
	(6132,5681,'Маунт-Вернон'),
	(6133,5681,'Медина'),
	(6134,5681,'Меркер-Айланд'),
	(6135,5681,'Миллвуд'),
	(6136,5681,'Мукилтео'),
	(6137,5681,'Ньюпорт-Хиллс'),
	(6138,5681,'Олимпия'),
	(6139,5681,'Омак'),
	(6140,5681,'Оппортунити'),
	(6141,5681,'Паркланд'),
	(6142,5681,'Порт-Анжелес'),
	(6143,5681,'Рентон'),
	(6144,5681,'Ривертон'),
	(6145,5681,'Ритзвилл'),
	(6146,5681,'Ричланд'),
	(6147,5681,'Рок-Айленд'),
	(6148,5681,'Рос-Хилл'),
	(6149,5681,'Сентралиа'),
	(6150,5681,'Сиэттл'),
	(6151,5681,'Скайвэй'),
	(6152,5681,'Сноухомиш'),
	(6153,5681,'Спокан'),
	(6154,5681,'Такома'),
	(6155,5681,'Таун-энд-Кантри'),
	(6156,5681,'Томпсон-Плэйс'),
	(6157,5681,'Тонаскет'),
	(6158,5681,'Уайт-Сентер'),
	(6159,5681,'Файрмонт'),
	(6160,5681,'Форт-Левис'),
	(6161,5681,'Хантс-Пойнт'),
	(6162,5681,'Эверетт'),
	(6163,5681,'Эйрвэй-Хейгтс'),
	(6164,5681,'Юанита'),
	(6165,5681,'Якима'),
	(6166,5681,'Яррау-Пойнт'),
	(6168,5681,'Берлингтон'),
	(6169,5681,'Миддлбури'),
	(6170,5681,'Монпелье'),
	(6171,5681,'Ньюбури'),
	(6172,5681,'Олбани'),
	(6173,5681,'Олбани-Центр'),
	(6174,5681,'Питтсфорд'),
	(6175,5681,'Сант-Албанс'),
	(6177,5681,'Айсл-оф-Вигт'),
	(6178,5681,'Александрия'),
	(6179,5681,'Аннандейл'),
	(6180,5681,'Арлингтон'),
	(6181,5681,'Байлис-Кроссроадс'),
	(6182,5681,'Беллвуд'),
	(6183,5681,'Бенсли'),
	(6184,5681,'Блу-Ридж'),
	(6185,5681,'Бон-Айр'),
	(6186,5681,'Бурквилл'),
	(6187,5681,'Вайс'),
	(6188,5681,'Варрентон'),
	(6189,5681,'Верона'),
	(6190,5681,'Вилльямсбург'),
	(6191,5681,'Винтон'),
	(6192,5681,'Вирджиния-Бич'),
	(6193,5681,'Витвилл'),
	(6194,5681,'Вудбридж'),
	(6195,5681,'Вэйнсборо'),
	(6196,5681,'Глен-Аллен'),
	(6197,5681,'Данвилл'),
	(6198,5681,'Думбартон'),
	(6199,5681,'Думс'),
	(6200,5681,'Ист-Хайленд-Парк'),
	(6201,5681,'Йорктаун'),
	(6202,5681,'Кейв-Спринг'),
	(6203,5681,'Крозет'),
	(6204,5681,'Лаурел'),
	(6205,5681,'Лейксайд'),
	(6206,5681,'Линчбург'),
	(6207,5681,'Лисбург'),
	(6208,5681,'Лурэй'),
	(6209,5681,'Манассас-Парк'),
	(6210,5681,'Марион'),
	(6211,5681,'Меканиксвилл'),
	(6212,5681,'Монтроз'),
	(6213,5681,'Норфолк'),
	(6214,5681,'Ньюпорт-Ньюс'),
	(6215,5681,'Петерсбург'),
	(6216,5681,'Пирисбург'),
	(6217,5681,'Портсмут'),
	(6218,5681,'Радфорд'),
	(6219,5681,'Рашмер'),
	(6220,5681,'Ричмонд'),
	(6221,5681,'Роанок'),
	(6222,5681,'Салем'),
	(6223,5681,'Саут-Бостон'),
	(6224,5681,'Севен-Корнерс'),
	(6225,5681,'Стаунтон'),
	(6226,5681,'Стьюартс-Драфт'),
	(6227,5681,'Таппаханнок'),
	(6228,5681,'Троутвилл'),
	(6229,5681,'Тукахоэ'),
	(6230,5681,'Финкастл'),
	(6231,5681,'Форт-Бельвоир'),
	(6232,5681,'Фредериксбург'),
	(6233,5681,'Хайленд-Спрингс'),
	(6234,5681,'Холлинс'),
	(6235,5681,'Хоупвелл'),
	(6236,5681,'Хэмптон'),
	(6237,5681,'Чарлоттесвилл'),
	(6238,5681,'Чесапик'),
	(6239,5681,'Честер'),
	(6240,5681,'Честерфилд'),
	(6241,5681,'Эмпориа'),
	(6243,5681,'Апплетон'),
	(6244,5681,'Белоит'),
	(6245,5681,'Брукфилд'),
	(6246,5681,'Вауватоса'),
	(6247,5681,'Ваукеша'),
	(6248,5681,'Ваусау'),
	(6249,5681,'Вест-Аллис'),
	(6250,5681,'Грин-Бэй'),
	(6251,5681,'И-Клер'),
	(6252,5681,'Кеноша'),
	(6253,5681,'Ла-Кросс'),
	(6254,5681,'Мадисон'),
	(6255,5681,'Манитауок'),
	(6256,5681,'Меномони Фаллс'),
	(6257,5681,'Милвауки'),
	(6258,5681,'Нью-Берлин'),
	(6259,5681,'Олбани'),
	(6260,5681,'Ошкош'),
	(6261,5681,'Ракин'),
	(6262,5681,'Супериор'),
	(6263,5681,'Фонд-дю-Лак'),
	(6264,5681,'Шебоиган'),
	(6265,5681,'Янесвилл'),
	(6267,5681,'Ваикапу'),
	(6268,5681,'Ваилуку'),
	(6269,5681,'Гонолулу'),
	(6270,5681,'Каилуа'),
	(6271,5681,'Канеоха'),
	(6272,5681,'Капаау'),
	(6273,5681,'Кахулуи'),
	(6274,5681,'Килакекуа'),
	(6275,5681,'Кихей'),
	(6276,5681,'Лиху'),
	(6277,5681,'Паия'),
	(6278,5681,'Пуунен'),
	(6279,5681,'Хило'),
	(6281,5681,'Блэйдс'),
	(6282,5681,'Вилмингтон'),
	(6283,5681,'Вилмингтон-Манор'),
	(6284,5681,'Довер'),
	(6285,5681,'Миллсборо'),
	(6286,5681,'Ньюпорт'),
	(6287,5681,'Стантон'),
	(6288,5681,'Талливилл'),
	(6289,5681,'Челси-Эстатес'),
	(6290,5681,'Элсмер'),
	(11910929,5681,'Августа'),
	(6292,5681,'Авондал Естатес'),
	(6293,5681,'Атенс'),
	(6294,5681,'Атланта'),
	(6295,5681,'Аттапулгус'),
	(6296,5681,'Баинбридж'),
	(6297,5681,'Барвик'),
	(6298,5681,'Белведер Парк'),
	(6299,5681,'Блаирсвилл'),
	(6300,5681,'Валдоста'),
	(6301,5681,'Варнер-Робинс'),
	(6302,5681,'Вашингтон'),
	(6303,5681,'Вена'),
	(6304,5681,'Вернонбург'),
	(6305,5681,'Вест Поинт'),
	(6306,5681,'Вестсайд'),
	(6307,5681,'Вилмингтон-Айленд'),
	(6308,5681,'Вхигам'),
	(6309,5681,'Вэйкросс'),
	(6310,5681,'Гарден-Сити'),
	(6311,5681,'Грешам Парк'),
	(6312,5681,'Гринсборо'),
	(6313,5681,'Грэйсвилл'),
	(6314,5681,'Декатур'),
	(6315,5681,'Деморест'),
	(6316,5681,'Джесап'),
	(6317,5681,'Друид Хиллс'),
	(6318,5681,'Дублин'),
	(6319,5681,'Ист-Пойнт'),
	(6320,5681,'Каиро'),
	(6321,5681,'Картерсвилл'),
	(6322,5681,'Климакс'),
	(6323,5681,'Клэйтон'),
	(6324,5681,'Колумбус'),
	(6325,5681,'Коммерк'),
	(6326,5681,'Кулидж'),
	(6327,5681,'Куллоден'),
	(6328,5681,'Лукоут Моунтаин'),
	(6329,5681,'Макон'),
	(6330,5681,'Мариэтта'),
	(6331,5681,'МкАфи'),
	(6332,5681,'Моултри'),
	(6333,5681,'Норт Декатур'),
	(6334,5681,'Норт Друид Хиллс'),
	(6335,5681,'Огаста'),
	(6336,5681,'Олбани'),
	(6337,5681,'Паво'),
	(6338,5681,'Порт-Вентворт'),
	(6339,5681,'Пулер'),
	(6340,5681,'Рингголд'),
	(6341,5681,'Ром'),
	(6342,5681,'Россвилл'),
	(6343,5681,'Саванна'),
	(6344,5681,'Тандерболт'),
	(6345,5681,'Томасвилл'),
	(6346,5681,'Фитзгералд'),
	(6347,5681,'Форт Оглеторп'),
	(6348,5681,'Франклин'),
	(6349,5681,'Хардвик'),
	(6350,5681,'Хомервилл'),
	(6351,5681,'Чикамауга'),
	(6353,5681,'Бакханнон'),
	(6354,5681,'Барбурсвилл'),
	(6355,5681,'Бекли'),
	(6356,5681,'Бенвуд'),
	(6357,5681,'Вейртон'),
	(6358,5681,'Вилинг'),
	(6359,5681,'Гари'),
	(6360,5681,'Моргантаун'),
	(6361,5681,'Паркерсбург'),
	(6362,5681,'Середо'),
	(6363,5681,'Файрмонт'),
	(6364,5681,'Хунтингтон'),
	(6365,5681,'Чарльстон'),
	(6366,5681,'Элкинс'),
	(6368,5681,'Авон'),
	(6369,5681,'Аледо'),
	(6370,5681,'Алтон'),
	(6371,5681,'Анна'),
	(6372,5681,'Аппл Ривер'),
	(6373,5681,'Арлингтон'),
	(6374,5681,'Арлингтон-Хейгтс'),
	(6375,5681,'Аурора'),
	(6376,5681,'Белвидер'),
	(6377,5681,'Беллевилл'),
	(6378,5681,'Бенлд'),
	(6379,5681,'Бервин'),
	(6380,5681,'Беталто'),
	(6381,5681,'Блумингтон'),
	(6382,5681,'Бондвилл'),
	(6383,5681,'Букнер'),
	(6384,5681,'Бурбанк'),
	(6385,5681,'Валир'),
	(6386,5681,'Ваукеган'),
	(6387,5681,'Венеция'),
	(6388,5681,'Вест Чикаго'),
	(6389,5681,'Вилдвуд'),
	(6390,5681,'Вилла-Парк'),
	(6391,5681,'Вилметт'),
	(6392,5681,'Винтроп Харбор'),
	(6393,5681,'Вуд Ривер'),
	(6394,5681,'Вхитон'),
	(6395,5681,'Галесбург'),
	(6396,5681,'Гленвив'),
	(6397,5681,'Голф'),
	(6398,5681,'Гранвилл'),
	(6399,5681,'Гранит-Сити'),
	(6400,5681,'Грин Рок'),
	(6401,5681,'Гурни'),
	(6402,5681,'Д Калб'),
	(6403,5681,'Далзелл'),
	(6404,5681,'Данвилл'),
	(6405,5681,'Даунерс-Гров'),
	(6406,5681,'Декатур'),
	(6407,5681,'Дес-Плайнс'),
	(6408,5681,'Долтон'),
	(6409,5681,'Еванстон'),
	(6410,5681,'Евергрин Парк'),
	(6411,5681,'Елгин'),
	(6412,5681,'Елмвуд Парк'),
	(6413,5681,'Елмхурст'),
	(6414,5681,'Женева'),
	(6415,5681,'Зейглер'),
	(6416,5681,'Ист Алтон'),
	(6417,5681,'Ист Дубукуэ'),
	(6418,5681,'Ист Молин'),
	(6419,5681,'Ист Пеориа'),
	(6420,5681,'Ист Саинт Лоуис'),
	(6421,5681,'Йолит'),
	(6422,5681,'Канкаки'),
	(6423,5681,'Кантон'),
	(6424,5681,'Карбон Клифф'),
	(6425,5681,'Кахокиа'),
	(6426,5681,'Кенилворт'),
	(6427,5681,'Коал Валли'),
	(6428,5681,'Колона'),
	(6429,5681,'Крев Коэур'),
	(6430,5681,'Куинси'),
	(6431,5681,'Ла Салл'),
	(6432,5681,'Ладд'),
	(6433,5681,'Лак Блуфф'),
	(6434,5681,'Лансинг'),
	(6435,5681,'Либертивилл'),
	(6436,5681,'Линвуд'),
	(6437,5681,'Линколнвуд'),
	(6438,5681,'Лионс'),
	(6439,5681,'Литчфилд'),
	(6440,5681,'Ловес Парк'),
	(6441,5681,'Ломбард'),
	(6442,5681,'Макомб'),
	(6443,5681,'Марк'),
	(6444,5681,'Маркуэтт Хейгтс'),
	(6445,5681,'Маркхам'),
	(6446,5681,'Маунт-Проспект'),
	(6447,5681,'Мелрос-Парк'),
	(6448,5681,'Меррионетт Парк'),
	(6449,5681,'Мидаубрук'),
	(6450,5681,'Милан'),
	(6451,5681,'Молин'),
	(6452,5681,'Мортон Гров'),
	(6453,5681,'Мэйвуд'),
	(6454,5681,'Нилес'),
	(6455,5681,'Нормал'),
	(6456,5681,'Норридж'),
	(6457,5681,'Норт Парк'),
	(6458,5681,'Норт Риверсид'),
	(6459,5681,'Норт-Чикаго'),
	(6460,5681,'Нортбрук'),
	(6461,5681,'Нортфилд'),
	(6462,5681,'Оак Лавн'),
	(6463,5681,'Оак Парк'),
	(6464,5681,'Оглесби'),
	(6465,5681,'Олбани'),
	(6466,5681,'Палатин'),
	(6467,5681,'Парк Форест'),
	(6468,5681,'Парк-Ридж'),
	(6469,5681,'Парк-Сити'),
	(6470,5681,'Пекин'),
	(6471,5681,'Пеориа'),
	(6472,5681,'Перу'),
	(6473,5681,'Рантоул'),
	(6474,5681,'Ривер Гров'),
	(6475,5681,'Ривер Форест'),
	(6476,5681,'Риверсид'),
	(6477,5681,'Ривертон'),
	(6478,5681,'Роббинс'),
	(6479,5681,'Роиалтон'),
	(6480,5681,'Рок Исланд'),
	(6481,5681,'Роксана'),
	(6482,5681,'Рокфорд'),
	(6483,5681,'Росевуд Хейгтс'),
	(6484,5681,'Роскоэ'),
	(6485,5681,'Савои'),
	(6486,5681,'Сант-Чарльз'),
	(6487,5681,'Саугет'),
	(6488,5681,'Саут-Роксана'),
	(6489,5681,'Седар Поинт'),
	(4055849,5681,'Сент-Луис'),
	(6490,5681,'Силвис'),
	(6491,5681,'Ситонвилл'),
	(6492,5681,'Скоки'),
	(6493,5681,'Спринг Валли'),
	(6494,5681,'Спрингфилд'),
	(6495,5681,'Стандард'),
	(6496,5681,'Стикни'),
	(6497,5681,'Суммит'),
	(6498,5681,'Урбаин'),
	(6499,5681,'Урбана'),
	(6500,5681,'Форест Вив'),
	(6501,5681,'Форест Парк'),
	(6502,5681,'Форест Хомес'),
	(6503,5681,'Фрипорт'),
	(6504,5681,'Хазел Крест'),
	(6505,5681,'Хамптон'),
	(6506,5681,'Харви'),
	(6507,5681,'Харвуд Хейгтс'),
	(6508,5681,'Харрисбург'),
	(6509,5681,'Хеброн'),
	(6510,5681,'Хигланд Парк'),
	(6511,5681,'Холлауэйвилл'),
	(6512,5681,'Хометаун'),
	(6513,5681,'Христофер'),
	(6514,5681,'Чампаигн'),
	(6515,5681,'Черри'),
	(6516,5681,'Черри Валли'),
	(6517,5681,'Чикаго'),
	(6518,5681,'Чикаго Хейгтс'),
	(6519,5681,'Чикеро'),
	(6521,5681,'Алтона'),
	(6522,5681,'Андерсон'),
	(6523,5681,'Бич Гров'),
	(6524,5681,'Блумингтон'),
	(6525,5681,'Брук'),
	(6526,5681,'Бурнеттсвилл'),
	(6527,5681,'Валпараисо'),
	(6528,5681,'Валтон'),
	(6529,5681,'Варрен Парк'),
	(6530,5681,'Виллиамс Крик'),
	(6531,5681,'Виннедал'),
	(6532,5681,'Галвестон'),
	(6533,5681,'Гари'),
	(6534,5681,'Гарретт'),
	(6535,5681,'Грабилл'),
	(6536,5681,'Гриффит'),
	(6537,5681,'Диер'),
	(6538,5681,'Дун-Акрес'),
	(6539,5681,'Евансвилл'),
	(6540,5681,'Елкхарт'),
	(6541,5681,'Индианаполис'),
	(6542,5681,'Ист Чикаго'),
	(6543,5681,'Кокомо'),
	(6544,5681,'Колумбус'),
	(6545,5681,'Коридон'),
	(6546,5681,'Краун Поинт'),
	(6547,5681,'Краус Нест'),
	(6548,5681,'Кумберланд'),
	(6549,5681,'Лавренк'),
	(6550,5681,'Лафэйетт'),
	(6551,5681,'Лейк-Стейшн'),
	(6552,5681,'Логанспорт'),
	(6553,5681,'Мадисон'),
	(6554,5681,'Марион'),
	(6555,5681,'Меридиан Хиллс'),
	(6556,5681,'Мерриллвилл'),
	(6557,5681,'Мичиган-Сити'),
	(6558,5681,'Мишавака'),
	(6559,5681,'Мунки'),
	(6560,5681,'Норт Краус Нест'),
	(6561,5681,'Норт-Вернон'),
	(6562,5681,'Нью-Кастл'),
	(6563,5681,'Нью-Олбани'),
	(6564,5681,'Нью-Чикаго'),
	(6565,5681,'Олбани'),
	(6566,5681,'Онвард'),
	(6567,5681,'Портаг'),
	(6568,5681,'Портер'),
	(6569,5681,'Равенсвуд'),
	(6570,5681,'Ричмонд'),
	(6571,5681,'Роки Риппл'),
	(6572,5681,'Рушвилл'),
	(6573,5681,'Саут-Бенд'),
	(6574,5681,'Саут-Хейвен'),
	(6575,5681,'Скоттсбург'),
	(6576,5681,'Сулливан'),
	(6577,5681,'Счерервилл'),
	(6578,5681,'Терр Хаут'),
	(6579,5681,'Улен'),
	(6580,5681,'Форт Вэйн'),
	(6581,5681,'Хаммонд'),
	(6582,5681,'Хигланд'),
	(6583,5681,'Хобарт'),
	(6584,5681,'Хомекрофт'),
	(6585,5681,'Хунтертаун'),
	(6586,5681,'Хунтингбург'),
	(6587,5681,'Честертон'),
	(6588,5681,'Чурубуско'),
	(6589,5681,'Шелбивилл'),
	(6590,5681,'Элвуд'),
	(6592,5681,'Азуса'),
	(6593,5681,'Аламеда'),
	(6594,5681,'Алондра-Парк'),
	(6595,5681,'Алтадена'),
	(6596,5681,'Альгамбра'),
	(6597,5681,'Анахейм'),
	(6598,5681,'Антиох'),
	(6599,5681,'Апленд'),
	(6600,5681,'Арден'),
	(6601,5681,'Аркад'),
	(6602,5681,'Аркадиа'),
	(6603,5681,'Артесия'),
	(6604,5681,'Ашланд'),
	(6605,5681,'Бакерсфилд'),
	(6606,5681,'Балдвин-Парк'),
	(6607,5681,'Барбэнк'),
	(6608,5681,'Барлингейм'),
	(6609,5681,'Беверли-Хиллс'),
	(6610,5681,'Белл'),
	(6611,5681,'Белл-Гарденс'),
	(6612,5681,'Беллфлауер'),
	(6613,5681,'Белмонт'),
	(6614,5681,'Беркли'),
	(6615,5681,'Блит'),
	(6616,5681,'Броули'),
	(6617,5681,'Буэна-Парк'),
	(6618,5681,'Вакавилл'),
	(6619,5681,'Валледжо'),
	(6620,5681,'Валнут-Крик'),
	(6621,5681,'Валнут-Парк'),
	(6622,5681,'Вентура'),
	(6623,5681,'Вернон'),
	(6624,5681,'Вест-Атенс'),
	(6625,5681,'Вест-Голливуд'),
	(6626,5681,'Вест-Карсон'),
	(6627,5681,'Вест-Ковайн'),
	(6628,5681,'Вест-Комптон'),
	(6629,5681,'Вест-Модесто'),
	(6630,5681,'Вестминстер'),
	(6631,5681,'Вестмонт'),
	(6632,5681,'Виндсор-Хиллс'),
	(6633,5681,'Висалия'),
	(6634,5681,'Виста'),
	(6635,5681,'Виттьер'),
	(6636,5681,'Вудленд'),
	(6637,5681,'Вью-Парк'),
	(6638,5681,'Гавайиан-Гарденс'),
	(6639,5681,'Гарден-Гров'),
	(6640,5681,'Гардена'),
	(6641,5681,'Гасиенда-Хейгтс'),
	(6642,5681,'Глендейл'),
	(6643,5681,'Глендейл'),
	(6644,5681,'Глендора'),
	(6645,5681,'Грахам'),
	(6646,5681,'Гридли'),
	(6647,5681,'Дауни'),
	(6648,5681,'Дейли-Сити'),
	(6649,5681,'Дели'),
	(6650,5681,'Дель-Ри'),
	(6651,5681,'Дель-Эйр'),
	(6652,5681,'Денаир'),
	(6653,5681,'Динуба'),
	(6654,5681,'Дэвис'),
	(6655,5681,'Империал-Бич'),
	(6656,5681,'Инглвуд'),
	(6657,5681,'Ист-Комптон'),
	(6658,5681,'Ист-Лос-Анжелес'),
	(6659,5681,'Ист-Пало-Альто'),
	(6660,5681,'Ист-Портервилл'),
	(6661,5681,'Истон'),
	(6662,5681,'Калва'),
	(6663,5681,'Кампбелл'),
	(6664,5681,'Кармичел'),
	(6665,5681,'Карсон'),
	(6666,5681,'Карутерс'),
	(6667,5681,'Каситас-Спрингс'),
	(6668,5681,'Кастро-Велли'),
	(6669,5681,'Кингсбург'),
	(6670,5681,'Кипресс'),
	(6671,5681,'Клермонт'),
	(6672,5681,'Кловис'),
	(6673,5681,'Ковайн'),
	(6674,5681,'Колтон'),
	(6675,5681,'Коммерц'),
	(6676,5681,'Комптон'),
	(6677,5681,'Конкорд'),
	(6678,5681,'Корона'),
	(6679,5681,'Коронадо'),
	(6680,5681,'Коста-Меса'),
	(6681,5681,'Кулвер-Сити'),
	(6682,5681,'Ла-Канада'),
	(6683,5681,'Ла-Крескента'),
	(6684,5681,'Ла-Меса'),
	(6685,5681,'Ла-Мирада'),
	(6686,5681,'Ла-Пальма'),
	(6687,5681,'Ла-Пуэнте'),
	(6688,5681,'Ла-Хабра'),
	(6689,5681,'Ладера-Хейгтс'),
	(6690,5681,'Ланкастер'),
	(6691,5681,'Лаундейл'),
	(6692,5681,'Лафайетт'),
	(6693,5681,'Лейквуд'),
	(6694,5681,'Лейтон'),
	(6695,5681,'Лемон-Гров'),
	(6696,5681,'Леннокс'),
	(6697,5681,'Ливермор'),
	(6698,5681,'Линвуд'),
	(6699,5681,'Линда'),
	(6700,5681,'Лоди'),
	(6701,5681,'Ломпок'),
	(6702,5681,'Лонг-Бич'),
	(6703,5681,'Лондон'),
	(6704,5681,'Лос Аламитос'),
	(6705,5681,'Лос-Альтос'),
	(6706,5681,'Лос-Анжелес'),
	(6707,5681,'Лос-Гатос'),
	(6708,5681,'Лос-Ньетос'),
	(6709,5681,'Мантека'),
	(6710,5681,'Манхаттан-Бич'),
	(6711,5681,'Марина-Дель-Ри'),
	(6712,5681,'Марисвилл'),
	(6713,5681,'Маунт-Хеликс'),
	(6714,5681,'Менло-Парк'),
	(6715,5681,'Меркед'),
	(6716,5681,'Милл-Вэлли'),
	(6717,5681,'Миллбре'),
	(6718,5681,'Милпитас'),
	(6719,5681,'Модесто'),
	(6720,5681,'Монровиа'),
	(6721,5681,'Монтебелло'),
	(6722,5681,'Монтерей'),
	(6723,5681,'Монтери-Парк'),
	(6724,5681,'Монтклейр'),
	(6725,5681,'Монтроз'),
	(6726,5681,'Моунтайн-Вью'),
	(6727,5681,'Мэйвуд'),
	(6728,5681,'Мэйфлауер-Виллидж'),
	(6729,5681,'Напа'),
	(6730,5681,'Нешенал-Сити'),
	(6731,5681,'Новато'),
	(6732,5681,'Норволк'),
	(6733,5681,'Норт-Хайлендс'),
	(6734,5681,'Ньюарк'),
	(6735,5681,'Ньюпорт-Бич'),
	(6736,5681,'Ньюхалл'),
	(6737,5681,'Оакхарст'),
	(6738,5681,'Ойлдейл'),
	(6739,5681,'Окланд'),
	(6740,5681,'Окснард'),
	(6741,5681,'Олбани'),
	(6742,5681,'Оливхарст'),
	(6743,5681,'Онтарио'),
	(6744,5681,'Оранж'),
	(6745,5681,'Оушнсайд'),
	(6746,5681,'Палм-Спрингс'),
	(6747,5681,'Пало-Альто'),
	(6748,5681,'Парамоунт'),
	(6749,5681,'Парлир'),
	(6750,5681,'Пасадена'),
	(6751,5681,'Паттерсон'),
	(6752,5681,'Пацифика'),
	(6753,5681,'Петалума'),
	(6754,5681,'Пико-Ривера'),
	(6755,5681,'Питтсбург'),
	(6756,5681,'Плакентиа'),
	(6757,5681,'Плисант-Хилл'),
	(6758,5681,'Помона'),
	(6759,5681,'Ранчо-Кордова'),
	(6760,5681,'Редвуд-Сити'),
	(6761,5681,'Реддинг'),
	(6762,5681,'Редландс'),
	(6763,5681,'Редондо-Бич'),
	(6764,5681,'Риалто'),
	(6765,5681,'Ривербанк'),
	(6766,5681,'Риверсайд'),
	(6767,5681,'Риджкрест'),
	(6768,5681,'Ридли'),
	(6769,5681,'Рипон'),
	(6770,5681,'Ричмонд'),
	(6771,5681,'Росемид'),
	(6772,5681,'Россмур'),
	(6773,5681,'Сакраменто'),
	(6774,5681,'Салинас'),
	(6775,5681,'Сан-Андрис'),
	(6776,5681,'Сан-Бернардино'),
	(6777,5681,'Сан-Бруно'),
	(6778,5681,'Сан-Габриэль'),
	(6779,5681,'Сан-Диего'),
	(6780,5681,'Сан-Карлос'),
	(6781,5681,'Сан-Линдро'),
	(6782,5681,'Сан-Лоренцо'),
	(6783,5681,'Сан-Луис-Обиспо'),
	(6784,5681,'Сан-Марино'),
	(6785,5681,'Сан-Матео'),
	(6786,5681,'Сан-Рафель'),
	(6787,5681,'Сан-Фернандо'),
	(6788,5681,'Сан-Франциско'),
	(6789,5681,'Сан-Хосе'),
	(6790,5681,'Сангер'),
	(6791,5681,'Саннивейл'),
	(6792,5681,'Санта-Ана'),
	(6793,5681,'Санта-Барбара'),
	(6794,5681,'Санта-Клара'),
	(6795,5681,'Санта-Круз'),
	(6796,5681,'Санта-Мария'),
	(6797,5681,'Санта-Моника'),
	(6798,5681,'Санта-Роза'),
	(6799,5681,'Санта-Фе-Спрингс'),
	(6800,5681,'Санти'),
	(6801,5681,'Саратога'),
	(6802,5681,'Саугус'),
	(6803,5681,'Саус-Модесто'),
	(6804,5681,'Саут-Виттьер'),
	(6805,5681,'Саут-Гейт'),
	(6806,5681,'Саут-Ель-Монт'),
	(6807,5681,'Саут-Лейк-Тахо'),
	(6808,5681,'Саут-Пасадена'),
	(6809,5681,'Саут-Сан-Габриэль'),
	(6810,5681,'Саут-Сан-Франциско'),
	(6811,5681,'Саут-Юба'),
	(6812,5681,'Селма'),
	(6813,5681,'Серритос'),
	(6814,5681,'Сигнал-Хилл'),
	(6815,5681,'Сил-Бич'),
	(6816,5681,'Сими'),
	(6817,5681,'Сисайд'),
	(6818,5681,'Спринг-Вэлли'),
	(6819,5681,'Стантон'),
	(6820,5681,'Стоктон'),
	(6821,5681,'Сусалито'),
	(6822,5681,'Сьерра-Мадре'),
	(6823,5681,'Талмаг'),
	(6824,5681,'Тамалпаис-Вэлли'),
	(6825,5681,'Тарлок'),
	(6826,5681,'Тастин'),
	(12370550,5681,'Тахо'),
	(6827,5681,'Темпл-Сити'),
	(6828,5681,'Тибурон'),
	(6829,5681,'Тиерра-Буэна'),
	(6830,5681,'Торранц'),
	(6831,5681,'Тоусанд-Оакс'),
	(6832,5681,'Укия'),
	(6833,5681,'Файрфилд'),
	(6834,5681,'Фаулер'),
	(6835,5681,'Фаунтайн-Вэлли'),
	(6836,5681,'Флинтридж'),
	(6837,5681,'Флоренц'),
	(6838,5681,'Фонтана'),
	(6839,5681,'Фремонт'),
	(6840,5681,'Фресно'),
	(6841,5681,'Фуллертон'),
	(6842,5681,'Хавторн'),
	(6843,5681,'Хагсон'),
	(6844,5681,'Хантингтон-Бич'),
	(6845,5681,'Хантингтон-Парк'),
	(6846,5681,'Хебер'),
	(6847,5681,'Хейвард'),
	(6848,5681,'Холтвилл'),
	(6849,5681,'Хоумстид-Вэлли'),
	(6850,5681,'Церес'),
	(6851,5681,'Цитрус-Хейгтс'),
	(6852,5681,'Черриленд'),
	(6853,5681,'Чино'),
	(6854,5681,'Чула-Виста'),
	(6855,5681,'Эль-Кайон'),
	(6856,5681,'Эль-Монт'),
	(6857,5681,'Эль-Сегундо'),
	(6858,5681,'Эль-Серрито'),
	(6859,5681,'Эмеривилл'),
	(6860,5681,'Эскалон'),
	(6861,5681,'Эскондидо'),
	(6862,5681,'Эурека'),
	(6863,5681,'Юба-Сити'),
	(6865,5681,'Андовер'),
	(6866,5681,'Бентон'),
	(6867,5681,'Вествуд'),
	(6868,5681,'Вествуд-Хиллс'),
	(6869,5681,'Винфилд'),
	(6870,5681,'Вичита'),
	(6871,5681,'Вэлли-Сентер'),
	(6872,5681,'Грейт-Бенд'),
	(6873,5681,'Джанкшин-Сити'),
	(6874,5681,'Додж-Сити'),
	(6875,5681,'Индепенденс'),
	(6876,5681,'Истборо'),
	(6877,5681,'Канзас-Сити'),
	(6878,5681,'Кантрисайд'),
	(6879,5681,'Карбондал'),
	(6880,5681,'Кечи'),
	(6881,5681,'Колби'),
	(6882,5681,'Колвич'),
	(6883,5681,'Конкордиа'),
	(6884,5681,'Ларнед'),
	(6885,5681,'Лекомптон'),
	(6886,5681,'Ливенворт'),
	(6887,5681,'Лоуренс'),
	(6888,5681,'Манхаттан'),
	(6889,5681,'Мерриам'),
	(6890,5681,'Миссион'),
	(6891,5681,'Миссион-Вудс'),
	(6892,5681,'Миссион-Хиллс'),
	(6893,5681,'Нортон'),
	(6894,5681,'Оакли'),
	(6895,5681,'Обурн'),
	(6896,5681,'Овербрук'),
	(6897,5681,'Оверленд-Парк'),
	(6898,5681,'Огден'),
	(6899,5681,'Палмер'),
	(6900,5681,'Парк-Сити'),
	(6901,5681,'Парсонс'),
	(6902,5681,'Перри'),
	(6903,5681,'Прейри-Виллидж'),
	(6904,5681,'Роланд-Парк'),
	(6905,5681,'Рос-Хилл'),
	(6906,5681,'Салина'),
	(6907,5681,'Силвер-Лейк'),
	(6908,5681,'Скрантон'),
	(6909,5681,'Топика'),
	(6910,5681,'Файрвэй'),
	(6911,5681,'Форт-Райли'),
	(6912,5681,'Фронтенак'),
	(6913,5681,'Хатчинсон'),
	(6914,5681,'Хэйс'),
	(6915,5681,'Чанут'),
	(6916,5681,'Эмпориа'),
	(6918,5681,'Адубон-Парк'),
	(6919,5681,'Ашланд'),
	(6920,5681,'Баулинг Грин'),
	(6921,5681,'Беллевуэ'),
	(6922,5681,'Беллефонт'),
	(6923,5681,'Валлинс-Крик'),
	(6924,5681,'Версаиллес'),
	(6925,5681,'Вествуд'),
	(6926,5681,'Вилмор'),
	(6927,5681,'Вэйланд'),
	(6928,5681,'Гутри'),
	(6929,5681,'Джорджтаун'),
	(6930,5681,'Дэйтон'),
	(6931,5681,'Еминенк'),
	(6932,5681,'Катлеттсбург'),
	(6933,5681,'Кентон-Вейл'),
	(6934,5681,'Кингсли'),
	(6935,5681,'Ковингтон'),
	(6936,5681,'Ла Фэйетт'),
	(6937,5681,'Лексингтон'),
	(6938,5681,'Линнвив'),
	(6939,5681,'Лондон'),
	(6940,5681,'Лоуисвилл'),
	(6941,5681,'Лудлау'),
	(6942,5681,'Маунт-Стерлинг'),
	(6943,5681,'Николасвиль'),
	(6944,5681,'Ньюпорт'),
	(6945,5681,'Овенсборо'),
	(6946,5681,'Олбани'),
	(6947,5681,'Падуках'),
	(6948,5681,'Парис'),
	(6949,5681,'Парк-Хиллс'),
	(6950,5681,'Парквэй-Виллидж'),
	(6951,5681,'Певи Валли'),
	(6952,5681,'Пемброк'),
	(6953,5681,'Ракеланд'),
	(6954,5681,'Русселл'),
	(6955,5681,'Саут-Шор'),
	(6956,5681,'Саутгейт'),
	(6957,5681,'Сенека-Гарденс'),
	(6958,5681,'Стампинг-Граунд'),
	(6959,5681,'Стратмур-Гарденс'),
	(6960,5681,'Стратмур-Манор'),
	(6961,5681,'Трентон'),
	(6962,5681,'Флатвудс'),
	(6963,5681,'Форт Кампбелл Норт'),
	(6964,5681,'Форт-Вригт'),
	(6965,5681,'Форт-Митчелл'),
	(6966,5681,'Форт-Нокс'),
	(6967,5681,'Форт-Томас'),
	(6968,5681,'Франкфорт'),
	(6969,5681,'Хиден'),
	(6970,5681,'Хопкинсвилл'),
	(6971,5681,'Хорс-Кейв'),
	(6972,5681,'Шивели'),
	(6974,5681,'Айдахо-Спрингс'),
	(6975,5681,'Арвада'),
	(6976,5681,'Аурора'),
	(6977,5681,'Блэк-Форест'),
	(6978,5681,'Боулдер'),
	(6979,5681,'Браш'),
	(6980,5681,'Велби'),
	(6981,5681,'Вестминстер'),
	(6982,5681,'Вет-Ридж'),
	(6983,5681,'Вудленд-Парк'),
	(6984,5681,'Гленвуд-Спрингс'),
	(6985,5681,'Гранд-Джанкшин'),
	(6986,5681,'Грили'),
	(6987,5681,'Грин-Маунтайн-Фоллс'),
	(6988,5681,'Гринвуд-Виллидж'),
	(6989,5681,'Денвер'),
	(6990,5681,'Дерби'),
	(6991,5681,'Диллон'),
	(6992,5681,'Дуранго'),
	(6993,5681,'Инглевуд'),
	(6994,5681,'Колорадо-Спрингс'),
	(6995,5681,'Коммерц-Сити'),
	(6996,5681,'Крайг'),
	(6997,5681,'Лас-Анимас'),
	(6998,5681,'Лейквуд'),
	(6999,5681,'Лейксайд'),
	(7000,5681,'Литтлетон'),
	(7001,5681,'Манитоу-Спрингс'),
	(7002,5681,'Нанн'),
	(7003,5681,'Нортгленн'),
	(7004,5681,'Пуэбло'),
	(7005,5681,'Саутгленн'),
	(7006,5681,'Свинк'),
	(7007,5681,'Секьюрити'),
	(7008,5681,'Форт-Карсон'),
	(7009,5681,'Форт-Коллинс'),
	(7010,5681,'Черри-Хиллс-Виллидж'),
	(7011,5681,'Шеридан'),
	(7012,5681,'Шеррелвуд'),
	(7013,5681,'Эджуотер'),
	(7014,5681,'Эйр-Форс-Академи'),
	(7016,5681,'Берлин'),
	(7017,5681,'Бриджпорт'),
	(7018,5681,'Бристоль'),
	(7019,5681,'Валлингфорд'),
	(7020,5681,'Вернон'),
	(7021,5681,'Вест-Хавен'),
	(7022,5681,'Вест-Хартфорд'),
	(7023,5681,'Вестпорт'),
	(7024,5681,'Ветерсфилд'),
	(7025,5681,'Гластонбури'),
	(7026,5681,'Гринвич'),
	(7027,5681,'Данбури'),
	(7028,5681,'Ист-Хавен'),
	(7029,5681,'Ист-Хартфорд'),
	(7030,5681,'Кенсингтон'),
	(7031,5681,'Куинбаг'),
	(7032,5681,'Манчестер'),
	(7033,5681,'Мериден'),
	(7034,5681,'Миддлетаун'),
	(7035,5681,'Милфорд'),
	(7036,5681,'Невингтон'),
	(7037,5681,'Норвич'),
	(7038,5681,'Норволк'),
	(7039,5681,'Норт-Гросвенор-Дейл'),
	(7040,5681,'Нью-Бритайн'),
	(7041,5681,'Нью-Лондон'),
	(7042,5681,'Нью-Хейвен'),
	(7043,5681,'Патнам'),
	(7044,5681,'Роки-Хилл'),
	(7045,5681,'Стамфорд'),
	(7046,5681,'Стратфорд'),
	(7047,5681,'Торрингтон'),
	(7048,5681,'Трамбалл'),
	(7049,5681,'Уотербури'),
	(7050,5681,'Файрфилд'),
	(7051,5681,'Фармингтон'),
	(7052,5681,'Хамден'),
	(7053,5681,'Хартфорд'),
	(7054,5681,'Шелтон'),
	(7056,5681,'Абита-Спрингс'),
	(7057,5681,'Александрия'),
	(7058,5681,'Анги'),
	(7059,5681,'Балл'),
	(7060,5681,'Батон-Руж'),
	(7061,5681,'Бейкер'),
	(7062,5681,'Бентон'),
	(7063,5681,'Бланчард'),
	(7064,5681,'Богалуса'),
	(7065,5681,'Боссир-Сити'),
	(7066,5681,'Варнадо'),
	(7067,5681,'Велш'),
	(7068,5681,'Видалиа'),
	(7069,5681,'Вильсон'),
	(7070,5681,'Вудворт'),
	(7071,5681,'Гонзалес'),
	(7072,5681,'Грамблинг'),
	(7073,5681,'Де-Риддер'),
	(7074,5681,'Денхам-Спрингс'),
	(7075,5681,'Джексон'),
	(7076,5681,'Дусон'),
	(7077,5681,'Зачари'),
	(7078,5681,'Канктон'),
	(7079,5681,'Карвилл'),
	(7080,5681,'Кеннер'),
	(7081,5681,'Клейтон'),
	(7082,5681,'Ковингтон'),
	(7083,5681,'Коттон-Вэлли'),
	(7084,5681,'Краули'),
	(7085,5681,'Куллен'),
	(7086,5681,'Лафайетт'),
	(7087,5681,'Лейк-Чарльз'),
	(7088,5681,'Лекомпт'),
	(7089,5681,'Лисвилл'),
	(7090,5681,'Марреро'),
	(7091,5681,'Мерривилл'),
	(7092,5681,'Метаири'),
	(7093,5681,'Монро'),
	(7094,5681,'Морган-Сити'),
	(7095,5681,'Мосс-Блуфф'),
	(7096,5681,'Новый Орлеан'),
	(7097,5681,'Нью-Ибериа'),
	(7098,5681,'Олбани'),
	(7099,5681,'Пайнвилл'),
	(7100,5681,'Пирл Ривер'),
	(7101,5681,'Порт-Аллен'),
	(7102,5681,'Рэйн'),
	(7103,5681,'Сансет'),
	(7104,5681,'Сарепта'),
	(7105,5681,'Скотландвилл'),
	(7106,5681,'Скотт'),
	(7107,5681,'Слаутер'),
	(7108,5681,'Спрингилл'),
	(7109,5681,'Стоунволл'),
	(7110,5681,'Сун'),
	(7111,5681,'Урания'),
	(7112,5681,'Ферридэй'),
	(7113,5681,'Франклинтон'),
	(7114,5681,'Хаугтон'),
	(7115,5681,'Хоума'),
	(7116,5681,'Хэйнесвилл'),
	(7117,5681,'Чёрч-Пойнт'),
	(7118,5681,'Шонгалу'),
	(7119,5681,'Шривпорт'),
	(7121,5681,'Айер'),
	(7122,5681,'Актон'),
	(7123,5681,'Андовер'),
	(7124,5681,'Арлингтон'),
	(7125,5681,'Атол'),
	(7126,5681,'Аттлеборо'),
	(7127,5681,'Аубурн'),
	(7128,5681,'Беверли'),
	(7129,5681,'Белмонт'),
	(7130,5681,'Бостон'),
	(7131,5681,'Боурн'),
	(7132,5681,'Брайнтри'),
	(7133,5681,'Бриджуотер'),
	(7134,5681,'Броктон'),
	(7135,5681,'Бруклин'),
	(7136,5681,'Валтам'),
	(7137,5681,'Варехам'),
	(7138,5681,'Вейкфилд'),
	(7139,5681,'Веллесли'),
	(7140,5681,'Вест-Бойлстон'),
	(7141,5681,'Вест-Бриджуотер'),
	(7142,5681,'Вест-Варехам'),
	(7143,5681,'Вест-Спрингфилд'),
	(7144,5681,'Вестборо'),
	(7145,5681,'Вестон'),
	(7146,5681,'Вестфилд'),
	(7147,5681,'Вимоут'),
	(7148,5681,'Винтроп'),
	(7149,5681,'Винчестер'),
	(7150,5681,'Вобурн'),
	(7151,5681,'Ворчестер'),
	(7152,5681,'Врентам'),
	(7153,5681,'Глочестер'),
	(7154,5681,'Графтон'),
	(7155,5681,'Гринфилд'),
	(7156,5681,'Дадли'),
	(7157,5681,'Данверс'),
	(7158,5681,'Дедхам'),
	(7159,5681,'Дракут'),
	(7160,5681,'Ист-Бриджуотер'),
	(7161,5681,'Ист-Лонгмидоу'),
	(7162,5681,'Карвер'),
	(7163,5681,'Кембридж'),
	(7164,5681,'Клинтон'),
	(7165,5681,'Куинси'),
	(7166,5681,'Лейкестер'),
	(7167,5681,'Лексингтон'),
	(7168,5681,'Леоминстер'),
	(7169,5681,'Линн'),
	(7170,5681,'Линнфилд'),
	(7171,5681,'Ловелл'),
	(7172,5681,'Лоуренс'),
	(7173,5681,'Малден'),
	(7174,5681,'Марлборо'),
	(7175,5681,'Медфорд'),
	(7176,5681,'Мелроз'),
	(7177,5681,'Метуэн'),
	(7178,5681,'Миллбури'),
	(7179,5681,'Милтон'),
	(7180,5681,'Натик'),
	(7181,5681,'Нахант'),
	(7182,5681,'Нидхам'),
	(7183,5681,'Норвуд'),
	(7184,5681,'Норт-Андовер'),
	(7185,5681,'Норт-Дигтон'),
	(7186,5681,'Нортамптон'),
	(7187,5681,'Нортборо'),
	(7188,5681,'Нью-Бедфорд'),
	(7189,5681,'Ньютон'),
	(7190,5681,'Оксфорд'),
	(7191,5681,'Оксфорд-Сентер'),
	(7192,5681,'Пибоди'),
	(7193,5681,'Питтсфилд'),
	(7194,5681,'Ратланд'),
	(7195,5681,'Ревер'),
	(7196,5681,'Рехобот'),
	(7197,5681,'Ридинг'),
	(7198,5681,'Рошдейл'),
	(7199,5681,'Рэндольф'),
	(7200,5681,'Сагамор'),
	(7201,5681,'Салем'),
	(7202,5681,'Сандвич'),
	(7203,5681,'Саттон'),
	(7204,5681,'Саугус'),
	(7205,5681,'Саут-Ланкастер'),
	(7206,5681,'Свампскотт'),
	(7207,5681,'Сомервилл'),
	(7208,5681,'Сомерсет'),
	(7209,5681,'Спенсер'),
	(7210,5681,'Спрингфилд'),
	(7211,5681,'Стерлинг'),
	(7212,5681,'Стоунхам'),
	(7213,5681,'Таунтон'),
	(7214,5681,'Три-Риверс'),
	(7215,5681,'Тьюксбури'),
	(7216,5681,'Уотертаун'),
	(7217,5681,'Фитчбург'),
	(7218,5681,'Фолл-Ривер'),
	(7219,5681,'Фрамингам'),
	(7220,5681,'Фритаун'),
	(7221,5681,'Хаверхилл'),
	(7222,5681,'Холден'),
	(7223,5681,'Холиок'),
	(7224,5681,'Челси'),
	(7225,5681,'Чикопи'),
	(7226,5681,'Шроусбури'),
	(7227,5681,'Эверетт'),
	(7229,5681,'Бейпорт'),
	(7230,5681,'Бирон'),
	(7231,5681,'Блумингтон'),
	(7232,5681,'Брайнерд'),
	(7233,5681,'Браунсвилл'),
	(7234,5681,'Бруклин-Парк'),
	(7235,5681,'Бруклин-Сентер'),
	(7236,5681,'Валкер'),
	(7237,5681,'Вест-Сант-Пол'),
	(7238,5681,'Виллмар'),
	(7239,5681,'Винона'),
	(7240,5681,'Вреншалл'),
	(7241,5681,'Германтаун'),
	(7242,5681,'Голден-Вэлли'),
	(7243,5681,'Дакота'),
	(7244,5681,'Дулут'),
	(7245,5681,'Каннон-Фоллс'),
	(7246,5681,'Карлтон'),
	(7247,5681,'Клокуэт'),
	(7248,5681,'Колумбия-Хейгтс'),
	(7249,5681,'Кристал'),
	(7250,5681,'Кун-Рапидс'),
	(7251,5681,'Лаудердейл'),
	(7252,5681,'Лилидейл'),
	(7253,5681,'Литтл-Фоллс'),
	(7254,5681,'Манкато'),
	(7255,5681,'Маплвуд'),
	(7256,5681,'Медисин-Лейк'),
	(7257,5681,'Мендота'),
	(7258,5681,'Мендота-Хейгтс'),
	(7259,5681,'Миннеаполис'),
	(7260,5681,'Миннетонка'),
	(7261,5681,'Мурхид'),
	(7262,5681,'Норт Манкато'),
	(7263,5681,'Нью-Брайтон'),
	(7264,5681,'Олбани'),
	(7265,5681,'Остин'),
	(7266,5681,'Проктор'),
	(7267,5681,'Ричфилд'),
	(7268,5681,'Роббинсдейл'),
	(7269,5681,'Росевилл'),
	(7270,5681,'Рочестер'),
	(7271,5681,'Сант-Антони'),
	(7272,5681,'Сант-Клауд'),
	(7273,5681,'Сант-Пол'),
	(7274,5681,'Сент-Луис-Парк'),
	(7275,5681,'Сканлон'),
	(7276,5681,'Скилин'),
	(7277,5681,'Стефен'),
	(7278,5681,'Стиллуотер'),
	(7279,5681,'Томсон'),
	(7280,5681,'Фалкон-Хейгтс'),
	(7281,5681,'Фармингтон'),
	(7282,5681,'Фергус-Фоллс'),
	(7283,5681,'Фридли'),
	(7284,5681,'Хиллтоп'),
	(7285,5681,'Хока'),
	(7286,5681,'Эдина'),
	(7287,5681,'Эйота'),
	(7289,5681,'Абердин'),
	(7290,5681,'Аккерман'),
	(7291,5681,'Амори'),
	(7292,5681,'Балдвин'),
	(7293,5681,'Бассфилд'),
	(7294,5681,'Батесвилл'),
	(7295,5681,'Билокси'),
	(7296,5681,'Боил'),
	(7297,5681,'Брандон'),
	(7298,5681,'Брукхавен'),
	(7299,5681,'Буневилл'),
	(7300,5681,'Бэй Спрингс'),
	(7301,5681,'Ватер Валли'),
	(7302,5681,'Вейр'),
	(7303,5681,'Верона'),
	(7304,5681,'Вест'),
	(7305,5681,'Вест Поинт'),
	(7306,5681,'Виксбург'),
	(7307,5681,'Гаттман'),
	(7308,5681,'Глендал'),
	(7309,5681,'Глендора'),
	(7310,5681,'Гренада'),
	(7311,5681,'Гринвилл'),
	(7312,5681,'Гудман'),
	(7313,5681,'Гулф Хиллс'),
	(7314,5681,'Гулфпорт'),
	(7315,5681,'Д`Ибервилл'),
	(7316,5681,'Декатур'),
	(7317,5681,'Джексон'),
	(7318,5681,'Доддсвилл'),
	(7319,5681,'Древ'),
	(7320,5681,'Дурант'),
	(7321,5681,'Еллисвилл'),
	(7322,5681,'Индианола'),
	(7323,5681,'Каледониа'),
	(7324,5681,'Кингс'),
	(7325,5681,'Клевеланд'),
	(7326,5681,'Клинтон'),
	(7327,5681,'Коллинс'),
	(7328,5681,'Колумбиа'),
	(7329,5681,'Колумбус'),
	(7330,5681,'Коринт'),
	(7331,5681,'Коссут'),
	(7332,5681,'Коуртланд'),
	(7333,5681,'Куитман'),
	(7334,5681,'Лак'),
	(7335,5681,'Лаурел'),
	(7336,5681,'Лонг Бич'),
	(7337,5681,'Лоуин'),
	(7338,5681,'Лула'),
	(7339,5681,'Лумбертон'),
	(7340,5681,'Мадисон'),
	(7341,5681,'Марион'),
	(7342,5681,'Мериголд'),
	(7343,5681,'Меридиан'),
	(7344,5681,'Миз'),
	(7345,5681,'МкКул'),
	(7346,5681,'Монтикелло'),
	(7347,5681,'Монтрос'),
	(7348,5681,'Моунд Бэйоу'),
	(7349,5681,'Натчес'),
	(7350,5681,'Неллибург'),
	(7351,5681,'Неттлетон'),
	(7352,5681,'Норт Гулфпорт'),
	(7353,5681,'Нью-Олбани'),
	(7354,5681,'Ньютон'),
	(7355,5681,'Окин Спрингс'),
	(7356,5681,'Околона'),
	(7357,5681,'Олив Бранч'),
	(7358,5681,'Оранг Гров'),
	(7359,5681,'Палмерс Кроссинг'),
	(7360,5681,'Паскагоула'),
	(7361,5681,'Пасс Чристиан'),
	(7362,5681,'Паулдинг'),
	(7363,5681,'Пачута'),
	(7364,5681,'Пелахатчи'),
	(7365,5681,'Петал'),
	(7366,5681,'Пикэйун'),
	(7367,5681,'Пирл'),
	(7368,5681,'Пирл-Сити'),
	(7369,5681,'Плантерсвилл'),
	(7370,5681,'Поп'),
	(7371,5681,'Попларвилл'),
	(7372,5681,'Пурвис'),
	(7373,5681,'Ралейг'),
	(7374,5681,'Ренова'),
	(7375,5681,'Риджеланд'),
	(7376,5681,'Ринзи'),
	(7377,5681,'Роллинг-Форк'),
	(7378,5681,'Рулевилл'),
	(7379,5681,'Саллис'),
	(7380,5681,'Салтилло'),
	(7381,5681,'Сандерсвилл'),
	(7382,5681,'Саутхейвен'),
	(7383,5681,'Себастопол'),
	(7384,5681,'Семинари'),
	(7385,5681,'Силварена'),
	(7386,5681,'Силвер-Крик'),
	(7387,5681,'Смитвилл'),
	(7388,5681,'Сосо'),
	(7389,5681,'Старквилл'),
	(7390,5681,'Суммит'),
	(7391,5681,'Сумнер'),
	(7392,5681,'Сумралл'),
	(7393,5681,'Тилертаун'),
	(7394,5681,'Тупело'),
	(7395,5681,'Тутвилер'),
	(7396,5681,'Флаууд'),
	(7397,5681,'Флоренк'),
	(7398,5681,'Форест'),
	(7399,5681,'Френч Камп'),
	(7400,5681,'Хармони'),
	(7401,5681,'Хатли'),
	(7402,5681,'Хаттисбург'),
	(7403,5681,'Хендерсон Поинт'),
	(7404,5681,'Хернандо'),
	(7405,5681,'Хикори'),
	(7406,5681,'Хьюстон'),
	(7407,5681,'Чунки'),
	(7408,5681,'Шав'),
	(7409,5681,'Шаннон'),
	(7410,5681,'Юмпертаун'),
	(7412,5681,'Авондейл'),
	(7413,5681,'Бисмарк'),
	(7414,5681,'Бонн Терр'),
	(7415,5681,'Брансон'),
	(7416,5681,'Брентвуд'),
	(7417,5681,'Варсон Вудс'),
	(7418,5681,'Вебстер Гровес'),
	(7419,5681,'Велда Виллидж Хиллс'),
	(7420,5681,'Веллстон'),
	(7421,5681,'Вест-Плайнс'),
	(7422,5681,'Гриндал'),
	(7423,5681,'Дес Перес'),
	(7424,5681,'Деслог'),
	(7425,5681,'Джефферсон-Сити'),
	(7426,5681,'Джоплин'),
	(7427,5681,'Диксон'),
	(7428,5681,'Дулиттл'),
	(7429,5681,'Елвинс'),
	(7430,5681,'Естер'),
	(7431,5681,'Индепенденс'),
	(7432,5681,'Ирондал'),
	(7433,5681,'Камдентон'),
	(7434,5681,'Канзас-Сити'),
	(7435,5681,'Кап Гирардиу'),
	(7436,5681,'Кирквуд'),
	(7437,5681,'Кирксвилл'),
	(7438,5681,'Клэйтон'),
	(7439,5681,'Колумбия'),
	(7440,5681,'Кристал Лак Парк'),
	(7441,5681,'Лемэй'),
	(7442,5681,'Лидвуд'),
	(7443,5681,'Лидингтон'),
	(7444,5681,'Макензи'),
	(7445,5681,'Маплевуд'),
	(7446,5681,'Маршалл'),
	(7447,5681,'Маундвилл'),
	(7448,5681,'Метц'),
	(7449,5681,'Невада'),
	(7450,5681,'Норт-Канзас-Сити'),
	(7451,5681,'Нортви'),
	(7452,5681,'Нортвудс'),
	(7453,5681,'Нортмур'),
	(7454,5681,'Нью-Блумфилд'),
	(7455,5681,'Ньюбург'),
	(7456,5681,'Окленд-Парк'),
	(7457,5681,'Олбани (Генри Кантри)'),
	(7458,5681,'Олбани (Рэй Кантри)'),
	(7459,5681,'Олбани-Джанкшн'),
	(7460,5681,'Пагедал'),
	(7461,5681,'Пакифик'),
	(7462,5681,'Пилот Кноб'),
	(7463,5681,'Пин Лавн'),
	(7464,5681,'Риверминес'),
	(7465,5681,'Ричмонд Хейгтс'),
	(7466,5681,'Ролла'),
	(7467,5681,'Рэйтаун'),
	(7468,5681,'Салем'),
	(7469,5681,'Сант-Чарльз'),
	(7470,5681,'Седалиа'),
	(7471,5681,'Седар-Сити'),
	(7472,5681,'Сент-Джозеф'),
	(7473,5681,'Сент-Луис'),
	(7474,5681,'Спаниш Лак'),
	(7475,5681,'Спрингфилд'),
	(7476,5681,'Упландс Парк'),
	(7477,5681,'Фаирвив Акрес'),
	(7478,5681,'Фармингтон'),
	(7479,5681,'Фергусон'),
	(7480,5681,'Флат Ривер'),
	(7481,5681,'Флориссант'),
	(7482,5681,'Харвуд'),
	(7483,5681,'Харрисбург'),
	(7484,5681,'Хартсбург'),
	(7485,5681,'Хигли Хейгтс'),
	(7486,5681,'Хиллсдал'),
	(7487,5681,'Хунтлейг'),
	(7488,5681,'Шревсбури'),
	(7489,5681,'Эдгар-Спрингс'),
	(7490,5681,'Эйрпорт-Драйв'),
	(7491,5681,'Эшланд'),
	(7492,5681,'Юниверсити-Сити'),
	(7494,5681,'Аллен-Парк'),
	(7495,5681,'Бартон-Хиллс'),
	(7496,5681,'Баттл Крик'),
	(7497,5681,'Беллаир'),
	(7498,5681,'Бессемер'),
	(7499,5681,'Биг Рапидс'),
	(7500,5681,'Бингам-Фармс'),
	(7501,5681,'Бирмингам'),
	(7502,5681,'Бирч-Ран'),
	(7503,5681,'Бичер'),
	(7504,5681,'Бойн-Сити'),
	(7505,5681,'Бойн-Фоллс'),
	(7506,5681,'Бэй-Сити'),
	(7507,5681,'Валкер'),
	(7508,5681,'Варрен'),
	(7509,5681,'Вестланд'),
	(7510,5681,'Виандотт'),
	(7511,5681,'Виоминг'),
	(7512,5681,'Волф Лак'),
	(7513,5681,'Вэйкфилд'),
	(7514,5681,'Галесбург'),
	(7515,5681,'Гарден-Сити'),
	(7516,5681,'Гранд-Бланк'),
	(7517,5681,'Гранд-Рапидс'),
	(7518,5681,'Гросс-Пойнт-Парк'),
	(7519,5681,'Гудрич'),
	(7520,5681,'Дависон'),
	(7521,5681,'Детройт'),
	(7522,5681,'Джексон'),
	(7523,5681,'Дирборн'),
	(7524,5681,'Дирборн-Хейгтс'),
	(7525,5681,'Екорс'),
	(7526,5681,'Есканаба'),
	(7527,5681,'Инкстер'),
	(7528,5681,'Иониа'),
	(7529,5681,'Ипсиланти'),
	(7530,5681,'Ист Йордан'),
	(7531,5681,'Ист-Гранд-Рапидс'),
	(7532,5681,'Ист-Детройт'),
	(7533,5681,'Ист-Лансинг'),
	(7534,5681,'Иствуд'),
	(7535,5681,'Кадиллак'),
	(7536,5681,'Каламазу'),
	(7537,5681,'Каро'),
	(7538,5681,'Кентвуд'),
	(7539,5681,'Климакс'),
	(7540,5681,'Клинтон'),
	(7541,5681,'Колдватер'),
	(7542,5681,'Кутлервилл'),
	(7543,5681,'Ламбертвилл'),
	(7544,5681,'Лансинг'),
	(7545,5681,'Лейк-Анжелус'),
	(7546,5681,'Ливониа'),
	(7547,5681,'Линкольн-Парк'),
	(7548,5681,'Луна-Пир'),
	(7549,5681,'Мадисон-Хейтс'),
	(7550,5681,'Маркуэтт'),
	(7551,5681,'Маунт-Моррис'),
	(7552,5681,'Мелвиндейл'),
	(7553,5681,'Меномини'),
	(7554,5681,'Мидланд'),
	(7555,5681,'Монтроз'),
	(7556,5681,'Мунисинг'),
	(7557,5681,'Мускегон'),
	(7558,5681,'Мускегон-Хейгтс'),
	(7559,5681,'Норт Мускегон'),
	(7560,5681,'Нортон Шорес'),
	(7561,5681,'Ньюберри'),
	(7562,5681,'Оак Парк'),
	(7563,5681,'Огаста'),
	(7564,5681,'Отисвилл'),
	(7565,5681,'Парчмент'),
	(7566,5681,'Понтиак'),
	(7567,5681,'Порт-Гурон'),
	(7568,5681,'Портаг'),
	(7569,5681,'Редфорд'),
	(7570,5681,'Ривер-Руж'),
	(7571,5681,'Ричланд'),
	(7572,5681,'Росевилл'),
	(7573,5681,'Роял-Оак'),
	(7574,5681,'Сагинав'),
	(7575,5681,'Сант-Клэр-Шорес'),
	(7576,5681,'Саут-Лайон'),
	(7577,5681,'Саут-Хейвен'),
	(7578,5681,'Саутгейт'),
	(7579,5681,'Саутфилд'),
	(7580,5681,'Сентрал Лак'),
	(7581,5681,'Стерлинг-Хейтс'),
	(7582,5681,'Траверс-Сити'),
	(7583,5681,'Траубридж Парк'),
	(7584,5681,'Трой'),
	(7585,5681,'Тэйлор'),
	(7586,5681,'Уитмор-Лейк'),
	(7587,5681,'Фаир Плаин'),
	(7588,5681,'Ферндал'),
	(7589,5681,'Флинт'),
	(7590,5681,'Хамтрамк'),
	(7591,5681,'Харпер-Вудс'),
	(7592,5681,'Хезел-Парк'),
	(7593,5681,'Хигланд-Парк'),
	(7594,5681,'Хиллсдал'),
	(7595,5681,'Холланд'),
	(7596,5681,'Шварц-Крик'),
	(7597,5681,'Энн-Арбор'),
	(7599,5681,'Анаконда'),
	(7600,5681,'Биллингс'),
	(7601,5681,'Бьютт'),
	(7602,5681,'Валкервилл'),
	(7603,5681,'Гласгоу'),
	(7604,5681,'Грейт-Фоллс'),
	(7605,5681,'Калиспелл'),
	(7606,5681,'Ливингстон'),
	(7607,5681,'Миссоула'),
	(7608,5681,'Раундап'),
	(7609,5681,'Силвер-Бау'),
	(7610,5681,'Хелена'),
	(7611,5681,'Эвергрин'),
	(7612,5681,'Эннис'),
	(7614,5681,'Бакспорт'),
	(7615,5681,'Бакстон'),
	(7616,5681,'Бангор'),
	(7617,5681,'Биддефорд'),
	(7618,5681,'Бревер'),
	(7619,5681,'Вестбрук'),
	(7620,5681,'Визи'),
	(7621,5681,'Винтерпорт'),
	(7622,5681,'Горхам'),
	(7623,5681,'Камберленд-Сентер'),
	(7624,5681,'Кейп-Элизабет'),
	(7625,5681,'Кеннебанк'),
	(7626,5681,'Левистон'),
	(7627,5681,'Милфорд'),
	(7628,5681,'Огаста'),
	(7629,5681,'Олд-Орчард-Бич'),
	(7630,5681,'Олд-Таун'),
	(7631,5681,'Ороно'),
	(7632,5681,'Портленд'),
	(7633,5681,'Сако'),
	(7634,5681,'Саут-Портланд'),
	(7635,5681,'Скарборо'),
	(7636,5681,'Фалмаут'),
	(7637,5681,'Фалмаут-Форсайд'),
	(7638,5681,'Фрипорт'),
	(7639,5681,'Хампден'),
	(7640,5681,'Ярмаут'),
	(7642,5681,'Аннаполис'),
	(7643,5681,'Арбутус'),
	(7644,5681,'Балтимор'),
	(7645,5681,'Балтимор-Хайлендс'),
	(7646,5681,'Бауи'),
	(7647,5681,'Бетесда'),
	(7648,5681,'Бладенсбург'),
	(7649,5681,'Брентвуд'),
	(7650,5681,'Бруклин-Парк'),
	(7651,5681,'Брукмонт'),
	(7652,5681,'Витон'),
	(7653,5681,'Вудлаун'),
	(7654,5681,'Глен-Барни'),
	(7655,5681,'Дандальк'),
	(7656,5681,'Ессекс'),
	(7657,5681,'Камберленд'),
	(7658,5681,'Карни'),
	(7659,5681,'Катонсвилл'),
	(7660,5681,'Колледж-Парк'),
	(7661,5681,'Колмар-Манор'),
	(7662,5681,'Корал-Хиллс'),
	(7663,5681,'Коттедж-Сити'),
	(7664,5681,'Крисфилд'),
	(7665,5681,'Лансдаун'),
	(7666,5681,'Латервилл'),
	(7667,5681,'Линтикум'),
	(7668,5681,'Лочирн'),
	(7669,5681,'Марлау-Хейгтс'),
	(7670,5681,'Маунт-Рейнье'),
	(7671,5681,'Норт-Брентвуд'),
	(7672,5681,'Оверли'),
	(7673,5681,'Орчард-Хиллс'),
	(7674,5681,'Пайксвилл'),
	(7675,5681,'Памфри'),
	(7676,5681,'Парквилл'),
	(7677,5681,'Роквилл'),
	(7678,5681,'Роседейл'),
	(7679,5681,'Россвилл'),
	(7680,5681,'Силвер Спринг'),
	(7681,5681,'Сомерсет'),
	(7682,5681,'Суитленд'),
	(7683,5681,'Такома-Парк'),
	(7684,5681,'Таусон'),
	(7685,5681,'Уолкер-Милл'),
	(11568964,5681,'Фредерик'),
	(7686,5681,'Фрутленд'),
	(7687,5681,'Хагерстаун'),
	(7688,5681,'Чеви-Час'),
	(7689,5681,'Чиллум'),
	(7690,5681,'Элликотт-Сити'),
	(7692,5681,'Беллив'),
	(7693,5681,'Битрайс'),
	(7694,5681,'Боис-Таун'),
	(7695,5681,'Гранд-Айленд'),
	(7696,5681,'Дентон'),
	(7697,5681,'ЛаВиста'),
	(7698,5681,'Линкольн'),
	(7699,5681,'Мак-Кук'),
	(7700,5681,'Милфорд'),
	(7701,5681,'Небраска-Сити'),
	(7702,5681,'Норт-Платт'),
	(7703,5681,'Норфолк'),
	(7704,5681,'Олбани'),
	(7705,5681,'Омаха'),
	(7706,5681,'Оффутт база ВВС'),
	(7707,5681,'Папиллион'),
	(7708,5681,'Ралстон'),
	(7709,5681,'Рока'),
	(7710,5681,'Скоттсблуфф'),
	(7711,5681,'Спрагуэ'),
	(7712,5681,'Хастингс'),
	(7713,5681,'Хикман'),
	(7715,5681,'Вегас-Крик'),
	(7716,5681,'Виннемукка'),
	(7717,5681,'Винчестер'),
	(7718,5681,'Ист-Лас-Вегас'),
	(7719,5681,'Йерингтон'),
	(7720,5681,'Калинт'),
	(7721,5681,'Карсон-Сити'),
	(7722,5681,'Лас-Вегас'),
	(7723,5681,'Ловелок'),
	(7724,5681,'Норт-Лас-Вегас'),
	(7725,5681,'Овертон'),
	(7726,5681,'Парадайс'),
	(7727,5681,'Рино'),
	(7728,5681,'Тонопа'),
	(7729,5681,'Фаллон'),
	(7730,5681,'Хавторн'),
	(7731,5681,'Эврика'),
	(7732,5681,'Эли'),
	(7734,5681,'Вольфеборо'),
	(7735,5681,'Вудсвилл'),
	(7736,5681,'Довер'),
	(7737,5681,'Конкорд'),
	(7738,5681,'Манчестер'),
	(7739,5681,'Нашуа'),
	(7740,5681,'Ньюпорт'),
	(7741,5681,'Олбани'),
	(7742,5681,'Портсмоут'),
	(7743,5681,'Эппинг'),
	(7745,5681,'Айленд-Хейгтс'),
	(7746,5681,'Атлантик-Сити'),
	(7747,5681,'Беллвилл'),
	(7748,5681,'Белмар'),
	(7749,5681,'Бергенфилд'),
	(7750,5681,'Беркли'),
	(7751,5681,'Бичвуд'),
	(7752,5681,'Блумфилд'),
	(7753,5681,'Брик'),
	(7754,5681,'Брик-Таун'),
	(7755,5681,'Бруклаун'),
	(7756,5681,'Бэйонн'),
	(7757,5681,'Вест-Лонг-Бранч'),
	(7758,5681,'Вест-Нью-Йорк'),
	(7759,5681,'Вест-Орандж'),
	(7760,5681,'Вестфилд'),
	(7761,5681,'Виктори-Гарденс'),
	(7762,5681,'Виллингборо'),
	(7763,5681,'Винланд'),
	(7764,5681,'Вихавкен'),
	(7765,5681,'Вэйн'),
	(7766,5681,'Гарфилд'),
	(7767,5681,'Гилфорд-Парк'),
	(7768,5681,'Глен-Ридж'),
	(7769,5681,'Глочестер-Сити'),
	(7770,5681,'Гуттенберг'),
	(7771,5681,'Деланко'),
	(7772,5681,'Дельран'),
	(7773,5681,'Денвилл'),
	(7774,5681,'Джерси-Сити'),
	(7775,5681,'Довер'),
	(7776,5681,'Инглевуд'),
	(7777,5681,'Инглевуд-Клиффс'),
	(7778,5681,'Ирвингтон'),
	(7779,5681,'Ист-Брунсвик'),
	(7780,5681,'Ист-Ньюарк'),
	(7781,5681,'Ист-Орандж'),
	(7782,5681,'Итонтаун'),
	(7783,5681,'Камден'),
	(7784,5681,'Кирни'),
	(7785,5681,'Клифтон'),
	(7786,5681,'Клиффсайд-Парк'),
	(7787,5681,'Коллингсвуд'),
	(7788,5681,'Лейк-Парсиппани'),
	(7789,5681,'Лейквуд'),
	(7790,5681,'Лейкхарст'),
	(7791,5681,'Леониа'),
	(7792,5681,'Ливингстон'),
	(7793,5681,'Линден'),
	(7794,5681,'Лоди'),
	(7795,5681,'Лонг-Бранч'),
	(7796,5681,'Марлборо'),
	(7797,5681,'Маунтайн-Лейкс'),
	(7798,5681,'Медфорд-Лейкс'),
	(7799,5681,'Мендхам'),
	(7800,5681,'Мершантвилл'),
	(7801,5681,'Монтклайр'),
	(7802,5681,'Моррис-Плайнс'),
	(7803,5681,'Морристаун'),
	(7804,5681,'Мэдисон'),
	(7805,5681,'Натли'),
	(7806,5681,'Нептун-Сити'),
	(7807,5681,'Норт-Берген'),
	(7808,5681,'Нью-Брунсвик'),
	(7809,5681,'Ньюарк'),
	(7810,5681,'Оаклин'),
	(7811,5681,'Орандж'),
	(7812,5681,'Оушн-Гейт'),
	(7813,5681,'Пайн-Бич'),
	(7814,5681,'Палисадес-Парк'),
	(7815,5681,'Пальмира'),
	(7816,5681,'Парамус'),
	(7817,5681,'Парсиппани'),
	(7818,5681,'Пассаик'),
	(7819,5681,'Патерсон'),
	(7820,5681,'Пеннингтон'),
	(7821,5681,'Пеннсаукен'),
	(7822,5681,'Перт-Амбой'),
	(7823,5681,'Пискатавэй'),
	(7824,5681,'Плайнфилд'),
	(7825,5681,'Равэй'),
	(7826,5681,'Риверсайд'),
	(7827,5681,'Ривертон'),
	(7828,5681,'Риджвуд'),
	(7829,5681,'Риджефилд'),
	(7830,5681,'Рэндольф'),
	(7831,5681,'Саут-Белмар'),
	(7832,5681,'Саут-Томс-Ривер'),
	(7833,5681,'Секаукус'),
	(7834,5681,'Силвертон'),
	(7835,5681,'Сисайд-Хейгтс'),
	(7836,5681,'Сэйревилл'),
	(7837,5681,'Тинек'),
	(7838,5681,'Томс-Ривер'),
	(7839,5681,'Трентон'),
	(7840,5681,'Трой-Хиллс'),
	(7841,5681,'Файр-Лаун'),
	(7842,5681,'Файрвью'),
	(7843,5681,'Флорам-Парк'),
	(7844,5681,'Форт-Ли'),
	(7845,5681,'Хаддон'),
	(7846,5681,'Хакенсак'),
	(7847,5681,'Хановер'),
	(7848,5681,'Харрисон'),
	(7849,5681,'Хиллсайд'),
	(7850,5681,'Хобокен'),
	(7851,5681,'Холидэй-Сити'),
	(7852,5681,'Черри-Хилл'),
	(7853,5681,'Чиннаминсон'),
	(7854,5681,'Эджуотер'),
	(7855,5681,'Эдисон'),
	(7856,5681,'Элизабет'),
	(7857,5681,'Юнион'),
	(7858,5681,'Юнион-Сити'),
	(7860,5681,'Айрондекуит'),
	(7861,5681,'Амстердам'),
	(7862,5681,'Апалачин'),
	(7863,5681,'Аргил'),
	(7864,5681,'Ардсли'),
	(7865,5681,'Арлингтон'),
	(7866,5681,'Атенс'),
	(7867,5681,'Балдвин'),
	(7868,5681,'Балдвинсвилл'),
	(7869,5681,'Балмвилл'),
	(7870,5681,'Батавиа'),
	(7871,5681,'Беллероз'),
	(7872,5681,'Бетпейдж'),
	(7873,5681,'Бикон'),
	(7874,5681,'Бингамтон'),
	(7875,5681,'Бласделл'),
	(7876,5681,'Блаувелт'),
	(7877,5681,'Блумингдейл'),
	(7878,5681,'Брайтон'),
	(7879,5681,'Брайтуотерс'),
	(7880,5681,'Брентвуд'),
	(7881,5681,'Бринкерхофф'),
	(7882,5681,'Броквэй'),
	(7883,5681,'Бронкс'),
	(7884,5681,'Бруклин'),
	(7885,5681,'Буффало'),
	(7886,5681,'Бэй-Шор'),
	(7887,5681,'Бэйберри'),
	(7888,5681,'Ваппингерс-Фоллс'),
	(7889,5681,'Ватертаун'),
	(7890,5681,'Вест-Айслип'),
	(7891,5681,'Вест-Бэбилон'),
	(7892,5681,'Вест-Сенека'),
	(7893,5681,'Вест-Хаверстроу'),
	(7894,5681,'Вест-Хемпстид'),
	(7895,5681,'Вестал'),
	(7896,5681,'Вествейл'),
	(7897,5681,'Вестмер'),
	(7898,5681,'Виллард'),
	(7899,5681,'Вилльямсвилл'),
	(7900,5681,'Виола'),
	(7901,5681,'Вудсайд'),
	(7902,5681,'Вэлли-Стрим'),
	(7903,5681,'Галвэй'),
	(7904,5681,'Гарден-Сити'),
	(7905,5681,'Гейтс'),
	(7906,5681,'Гилбертсвилл'),
	(7907,5681,'Глен-Коув'),
	(7908,5681,'Гленхэм'),
	(7909,5681,'Гованда'),
	(7910,5681,'Грин-Айленд'),
	(7911,5681,'Гринвич'),
	(7912,5681,'Грис'),
	(7913,5681,'Грэйт-Нек-Эстейтс'),
	(7914,5681,'Грэйтт-Нек-Плаза'),
	(7915,5681,'Гувернье'),
	(7916,5681,'ДеВитт'),
	(7917,5681,'Депев'),
	(7918,5681,'Джамайка'),
	(7919,5681,'Джеймстаун'),
	(7920,5681,'Джефферсон-Хейгтс'),
	(7921,5681,'Джонсон-Сити'),
	(7922,5681,'Дир-Парк'),
	(7923,5681,'Ист-Вестал'),
	(7924,5681,'Ист-Миддлтаун'),
	(7925,5681,'Ист-Мидоу'),
	(7926,5681,'Ист-Патчога'),
	(7927,5681,'Ист-Сиракус'),
	(7928,5681,'Истчестер'),
	(7929,5681,'Итака'),
	(7930,5681,'Йонкерс'),
	(7931,5681,'Йорквилл'),
	(7932,5681,'Йорктаун-Хейгтс'),
	(7933,5681,'Камиллус'),
	(7934,5681,'Катскилл'),
	(7935,5681,'Каттарагус'),
	(7936,5681,'Квинс'),
	(7937,5681,'Кев-Гарденс'),
	(7938,5681,'Кенмор'),
	(7939,5681,'Кингстон'),
	(7940,5681,'Кларенс-Сентер'),
	(7941,5681,'Кларк-Миллс'),
	(7942,5681,'Клинтон'),
	(7943,5681,'Колони'),
	(7944,5681,'Коммак'),
	(7945,5681,'Коринт'),
	(7946,5681,'Корона'),
	(7947,5681,'Кохоэс'),
	(7948,5681,'Лакаванна'),
	(7949,5681,'Ланкастер'),
	(7950,5681,'Латам'),
	(7951,5681,'Лауренс'),
	(7952,5681,'Левиттаун'),
	(7953,5681,'Лейк-Плэсид'),
	(7954,5681,'Лейк-Ронконкома'),
	(7955,5681,'Лейк-Саксесс'),
	(7956,5681,'Либерти'),
	(7957,5681,'Ливерпуль'),
	(7958,5681,'Линденхарст'),
	(7959,5681,'Линелл-Мидаус'),
	(7960,5681,'Линкурт'),
	(7961,5681,'Локпорт'),
	(7962,5681,'Лонг-Айленд-Сити'),
	(7963,5681,'Лонг-Бич'),
	(7964,5681,'Лоудонвилл'),
	(7965,5681,'Майерс-Корнер'),
	(7966,5681,'Манхассет'),
	(7967,5681,'Манхаттан'),
	(7968,5681,'Маркеллус'),
	(7969,5681,'Марлборо'),
	(7970,5681,'Массапеква'),
	(7971,5681,'Маттидейл'),
	(7972,5681,'Маунт-Вернон'),
	(7973,5681,'Маунт-Моррис'),
	(7974,5681,'Менандс'),
	(7975,5681,'Меррик'),
	(7976,5681,'Миддл-Айденд'),
	(7977,5681,'Миддл-Хоуп'),
	(7978,5681,'Миноа'),
	(7979,5681,'Монси'),
	(7980,5681,'Моррис'),
	(7981,5681,'Нануэт'),
	(7982,5681,'Несконсет'),
	(7983,5681,'Ниагара-Фоллс'),
	(7984,5681,'Нискаюна'),
	(7985,5681,'Норт-Бэбилон'),
	(7986,5681,'Норт-Вэлли-Стрим'),
	(7987,5681,'Норт-Гейтс'),
	(7988,5681,'Норт-Коллинс'),
	(7989,5681,'Норт-Сиракус'),
	(7990,5681,'Норт-Тонаванда'),
	(7991,5681,'Нью-Виндсор'),
	(7992,5681,'Нью-Йорк'),
	(7993,5681,'Нью-Йорк-Миллс'),
	(7994,5681,'Нью-Рочелл'),
	(7995,5681,'Нью-Сити'),
	(7996,5681,'Нью-Хакенсак'),
	(7997,5681,'Нью-Хартфорд'),
	(7998,5681,'Ньюбург'),
	(7999,5681,'Оберн'),
	(8000,5681,'Огденсбург'),
	(8001,5681,'Олбани'),
	(8002,5681,'Олин'),
	(8003,5681,'Онеонта'),
	(8004,5681,'Орискани'),
	(8005,5681,'Орчард-Парк'),
	(8006,5681,'Отего'),
	(8007,5681,'Оушннсайд'),
	(8008,5681,'Перрисбург'),
	(8009,5681,'Питчер-Хилл'),
	(8010,5681,'Плайнвью'),
	(8011,5681,'Помона'),
	(8012,5681,'Порт-Джервис'),
	(8013,5681,'Порт-Джефферсон'),
	(8014,5681,'Порт-Честер'),
	(8015,5681,'Пугкипси'),
	(8016,5681,'Расселл-Гарденс'),
	(8017,5681,'Ред-Оакс-Милл'),
	(8018,5681,'Ренсселер'),
	(8019,5681,'Риверхед'),
	(8020,5681,'Ром'),
	(8021,5681,'Рослин-Хейгтс'),
	(8022,5681,'Росслевилл'),
	(8023,5681,'Роттердам'),
	(8024,5681,'Рочестер'),
	(8025,5681,'Рошдейл'),
	(8026,5681,'Саддл-Рок'),
	(8027,5681,'Сант-Джордж'),
	(8028,5681,'Саранак-Лейк'),
	(8029,5681,'Саратога-Спрингс'),
	(8030,5681,'Саут-Бич'),
	(8031,5681,'Саут-Дэйтон'),
	(8032,5681,'Саут-Флорал-Парк'),
	(8033,5681,'Сент-Джеймс'),
	(8034,5681,'Сентерич'),
	(8035,5681,'Сентрал-Айслип'),
	(8036,5681,'Сильвер-Крик'),
	(8037,5681,'Сиракус'),
	(8038,5681,'Скарсдейл'),
	(8039,5681,'Слоан'),
	(8040,5681,'Смиттаун'),
	(8041,5681,'Солвэй'),
	(8042,5681,'Спринг-Вэлли'),
	(8043,5681,'Стейтен-Айленд'),
	(8044,5681,'Стони-Пойнт'),
	(8045,5681,'Стоттвилл'),
	(8046,5681,'Стьюарт-Манор'),
	(8047,5681,'Тонаванда'),
	(8048,5681,'Трой'),
	(8049,5681,'Уайт-Плайнс'),
	(8050,5681,'Уайтсборо'),
	(8051,5681,'Уотервлит'),
	(8052,5681,'Фейрмаунт'),
	(8053,5681,'Филмонт'),
	(8054,5681,'Фишкилл'),
	(8055,5681,'Флашинг'),
	(8056,5681,'Флорал-Парк'),
	(8057,5681,'Форест-Хиллс'),
	(8058,5681,'Форествилл'),
	(8059,5681,'Форт-Эдвард'),
	(8060,5681,'Франклин'),
	(8061,5681,'Франклин-Сквер'),
	(8062,5681,'Франкфорт'),
	(8063,5681,'Фрипорт'),
	(8064,5681,'Фэйеттевилл'),
	(8065,5681,'Хавторн'),
	(8066,5681,'Хадсон'),
	(8067,5681,'Хадсон-Фоллс'),
	(8068,5681,'Хантингтон-Стэйшн'),
	(8069,5681,'Харрис-Хилл'),
	(8070,5681,'Хартсдал'),
	(8071,5681,'Хауппауг'),
	(8072,5681,'Хемпстид'),
	(8073,5681,'Хид-оф-ти-Харбор'),
	(8074,5681,'Хиксвилл'),
	(8075,5681,'Хиллкрест'),
	(8076,5681,'Холланд-Патент'),
	(8077,5681,'Черри-Крик'),
	(8078,5681,'Чиктовага'),
	(8079,5681,'Шайлервилл'),
	(8080,5681,'Шенектади'),
	(8081,5681,'Элма-Сентер'),
	(8082,5681,'Элмира'),
	(8083,5681,'Элмонт'),
	(8084,5681,'Элмхарст'),
	(8085,5681,'Эльмсфорд'),
	(8086,5681,'Эндвелл'),
	(8087,5681,'Эндикотт'),
	(8088,5681,'Ютика'),
	(8090,5681,'Аламогордо'),
	(8091,5681,'Альбукерк'),
	(8092,5681,'Антони'),
	(8093,5681,'Байярд'),
	(8094,5681,'Берналилло'),
	(8095,5681,'Вагон-Маунд'),
	(8096,5681,'Гэллап'),
	(8097,5681,'Декстер'),
	(8098,5681,'Деминг'),
	(8099,5681,'Ислета-Пуэбло'),
	(8100,5681,'Карлсбад'),
	(8101,5681,'Карризозо'),
	(8102,5681,'Киртленд'),
	(8103,5681,'Клейтон'),
	(8104,5681,'Кловис'),
	(8105,5681,'Корралес'),
	(8106,5681,'Куба'),
	(8107,5681,'Лас-Вегас'),
	(8108,5681,'Лас-Крукес'),
	(8109,5681,'Лос-Аламос'),
	(8110,5681,'Лос-Лунас'),
	(8111,5681,'Лос-Ранчос-де-Альбукерк'),
	(8112,5681,'Месилла'),
	(8113,5681,'Норт-Валли'),
	(8114,5681,'Парадайс-Хиллс'),
	(8115,5681,'Пекос'),
	(8116,5681,'Ранчес-оф-Таос'),
	(8117,5681,'Ранчос-Де-Таос'),
	(8118,5681,'Рейтон'),
	(8119,5681,'Рио-Ранчо-Эстатес'),
	(8120,5681,'Рой'),
	(8121,5681,'Росвелл'),
	(8122,5681,'Сан-Фелипе-Пуэбло'),
	(8123,5681,'Сандиа'),
	(8124,5681,'Санта-Роза'),
	(8125,5681,'Санта-Фе'),
	(8126,5681,'Саут-Вэлли'),
	(8127,5681,'Сентрал'),
	(8128,5681,'Силвер-Сити'),
	(8129,5681,'Сокорро'),
	(8130,5681,'Таос'),
	(8131,5681,'Татум'),
	(8132,5681,'Тесукуэ'),
	(8133,5681,'Тийерас'),
	(8134,5681,'Трас-Ор-Консекуэнсес'),
	(8135,5681,'Тукумкари'),
	(8136,5681,'Тьерра-Амарилла'),
	(8137,5681,'Уайт-Рок'),
	(8138,5681,'Фармингтон'),
	(8139,5681,'Форт-Самнер'),
	(8140,5681,'Харли'),
	(8141,5681,'Хоббс'),
	(8142,5681,'Чама'),
	(8143,5681,'Чимэйо'),
	(8144,5681,'Эспанола'),
	(8146,5681,'Авон'),
	(8147,5681,'Айронтон'),
	(8148,5681,'Акрон'),
	(8149,5681,'Алжер'),
	(8150,5681,'Амберли'),
	(8151,5681,'Амесвилл'),
	(8152,5681,'Амхерст'),
	(8153,5681,'Аппер-Арлингтон'),
	(8154,5681,'Аппер-Сандуски'),
	(8155,5681,'Арлингтон-Хейгтс'),
	(8156,5681,'Аталия'),
	(8157,5681,'Атенс'),
	(8158,5681,'Ашланд'),
	(8159,5681,'Аштабула'),
	(8160,5681,'Баллвилл'),
	(8161,5681,'Барбертон'),
	(8162,5681,'Барнесвилл'),
	(8163,5681,'Бачтел'),
	(8164,5681,'Бедфорд'),
	(8165,5681,'Бедфорд-Хейгтс'),
	(8166,5681,'Бексли'),
	(8167,5681,'Беллвилл'),
	(8168,5681,'Беллив'),
	(8169,5681,'Белпр'),
	(8170,5681,'Бери'),
	(8171,5681,'Берки'),
	(8172,5681,'Беттсвилл'),
	(8173,5681,'Бичвуд'),
	(8174,5681,'Блеклик-Эстатс'),
	(8175,5681,'Блу-Эш'),
	(8176,5681,'Боардман'),
	(8177,5681,'Браднер'),
	(8178,5681,'Братеналь'),
	(8179,5681,'Бревстер'),
	(8180,5681,'Брентвуд'),
	(8181,5681,'Брик'),
	(8182,5681,'Брук-Парк'),
	(8183,5681,'Бруклин'),
	(8184,5681,'Бруклин-Хейтс'),
	(8185,5681,'Брукфилд'),
	(8186,5681,'Букланд'),
	(8187,5681,'Бургун'),
	(8188,5681,'Бутлер'),
	(8189,5681,'Валбридж'),
	(8190,5681,'Ван Верт'),
	(8191,5681,'Вандалиа'),
	(8192,5681,'Варрен'),
	(8193,5681,'Варренсвилл-Хейгтс'),
	(8194,5681,'Ватервилл'),
	(8195,5681,'Ваусеон'),
	(8196,5681,'Вест Карроллтон'),
	(8197,5681,'Вест-Портсмут'),
	(8198,5681,'Вестлак'),
	(8199,5681,'Виклифф'),
	(8200,5681,'Виллауик'),
	(8201,5681,'Виллугби-Хиллс'),
	(8202,5681,'Виоминг'),
	(8203,5681,'Вортингтон'),
	(8204,5681,'Вудбоурн'),
	(8205,5681,'Вудлавн'),
	(8206,5681,'Вустер'),
	(8207,5681,'Галион'),
	(8208,5681,'Гарфилд-Хейгтс'),
	(8209,5681,'Гаханна'),
	(8210,5681,'Генева'),
	(8211,5681,'Гирард'),
	(8212,5681,'Голф Манор'),
	(8213,5681,'Грандвив-Хейтс'),
	(8214,5681,'Грин-Спрингс'),
	(8215,5681,'Гринхиллс'),
	(8216,5681,'Гров-Сити'),
	(8217,5681,'Гроэсбек'),
	(8218,5681,'Дальтон'),
	(8219,5681,'Девола'),
	(8220,5681,'Дели-Хиллс'),
	(8221,5681,'Дефианк'),
	(8222,5681,'Джефферсон'),
	(8223,5681,'Джорджтаун'),
	(8224,5681,'Дир-Парк'),
	(8225,5681,'Доннелсвилл'),
	(8226,5681,'Дэйтон'),
	(8227,5681,'Евклид'),
	(8228,5681,'Енон'),
	(8229,5681,'Женева-он-Лейк'),
	(8230,5681,'Залески'),
	(8231,5681,'Занесвилл'),
	(8232,5681,'Индепенденс'),
	(8233,5681,'Индиан Хилл'),
	(8234,5681,'Ист-Кливленд'),
	(8235,5681,'Истлак'),
	(8236,5681,'Йеллоу-Спрингс'),
	(8237,5681,'Канал-Фултон'),
	(8238,5681,'Кантон'),
	(8239,5681,'Касстаун'),
	(8240,5681,'Касталиа'),
	(8241,5681,'Катавба'),
	(8242,5681,'Кембридж'),
	(8243,5681,'Кенвуд'),
	(8244,5681,'Кент'),
	(8245,5681,'Кеттеринг'),
	(8246,5681,'Кингсвилл'),
	(8247,5681,'Кливленд'),
	(8248,5681,'Кливленд-Хейгтс'),
	(8249,5681,'Клид'),
	(8250,5681,'Клэй-Сентер'),
	(8251,5681,'Коал-Гров'),
	(8252,5681,'Коведал'),
	(8253,5681,'Ковингтон'),
	(8254,5681,'Колумбус'),
	(8255,5681,'Кридерсвилл'),
	(8256,5681,'Ксениа'),
	(8257,5681,'Кулвилл'),
	(8258,5681,'Лакевуд'),
	(8259,5681,'Лакелин'),
	(8260,5681,'Ланкастер'),
	(8261,5681,'Лауелл'),
	(8262,5681,'Лаура'),
	(8263,5681,'Лейкмор'),
	(8264,5681,'Лима'),
	(8265,5681,'Линдхарст'),
	(8266,5681,'Линколн-Хейгтс'),
	(8267,5681,'Линкольн-Виллидж'),
	(8268,5681,'Линндейл'),
	(8269,5681,'Лисбург'),
	(8270,5681,'Логан'),
	(8271,5681,'Локингтон'),
	(8272,5681,'Лорейн'),
	(8273,5681,'Лоудонвилл'),
	(8274,5681,'Лоуренсвилл'),
	(8275,5681,'Луки'),
	(8276,5681,'Мадейра'),
	(8277,5681,'Майерс-Лейк'),
	(8278,5681,'Мансфилд'),
	(8279,5681,'Мапл-Хейгтс'),
	(8280,5681,'Марбл-Клифф'),
	(8281,5681,'Маримонт'),
	(8282,5681,'Марион'),
	(8283,5681,'Маритта'),
	(8284,5681,'Массиллон'),
	(8285,5681,'Масури'),
	(8286,5681,'Маунт-Вернон'),
	(8287,5681,'Маунт-Гилид'),
	(8288,5681,'Маунт-Хелси'),
	(8289,5681,'Медина'),
	(8290,5681,'Ментор'),
	(8291,5681,'Ментор-он-те-Лейк'),
	(8292,5681,'Миддлбург-Хейтс'),
	(8293,5681,'Миддлтаун'),
	(8294,5681,'Милан'),
	(8295,5681,'Миллбури'),
	(8296,5681,'Милфорд'),
	(8297,5681,'Минерва-Парк'),
	(8298,5681,'Минстер'),
	(8299,5681,'Миффлин'),
	(8300,5681,'Могадор'),
	(8301,5681,'Монтгомери'),
	(8302,5681,'Монфорт-Хейгтс'),
	(8303,5681,'Мораин'),
	(8304,5681,'Муррэй-Сити'),
	(8305,5681,'Мутуал'),
	(8306,5681,'Мэдисон'),
	(8307,5681,'Мэйфилд-Хейгтс'),
	(8308,5681,'Найлс'),
	(8309,5681,'Нелсонвилл'),
	(8310,5681,'Норвич'),
	(8311,5681,'Норвуд'),
	(8312,5681,'Норт-Кантон'),
	(8313,5681,'Норт-Кингсвилл'),
	(8314,5681,'Норт-Колледж-Хилл'),
	(8315,5681,'Норт-Мэдисон'),
	(8316,5681,'Норт-Олмстед'),
	(8317,5681,'Норт-Рендалл'),
	(8318,5681,'Норт-Риджевилл'),
	(8319,5681,'Нортбрук'),
	(8320,5681,'Нортвуд'),
	(8321,5681,'Нортридж'),
	(8322,5681,'Нью-Бостон'),
	(8323,5681,'Нью-Бремен'),
	(8324,5681,'Нью-Винна'),
	(8325,5681,'Нью-Конкорд'),
	(8326,5681,'Нью-Ригель'),
	(8327,5681,'Нью-Ром'),
	(8328,5681,'Нью-Филадельфия'),
	(8329,5681,'Ньюарк'),
	(8330,5681,'Ньюбург-Хейгтс'),
	(8331,5681,'Ньюкомерстаун'),
	(8332,5681,'Ньютаун'),
	(8333,5681,'Оберлин'),
	(8334,5681,'Обетс'),
	(8335,5681,'Оверлук'),
	(8336,5681,'Олбани'),
	(8337,5681,'Олмстед-Фоллс'),
	(8338,5681,'Онтарио'),
	(8339,5681,'Орегон'),
	(8340,5681,'Оррвилл'),
	(8341,5681,'Остинтаун'),
	(8342,5681,'Отвэй'),
	(8343,5681,'Оттава-Хиллс'),
	(8344,5681,'Парма'),
	(8345,5681,'Парма-Хейтс'),
	(8346,5681,'Пейдж-Манор'),
	(8347,5681,'Пенинсула'),
	(8348,5681,'Перри'),
	(8349,5681,'Перрисбург'),
	(8350,5681,'Пикуа'),
	(8351,5681,'Писга'),
	(8352,5681,'Плайнс'),
	(8353,5681,'Полк'),
	(8354,5681,'Померой'),
	(8355,5681,'Порт-Клинтон'),
	(8356,5681,'Портадж-Лейкс'),
	(8357,5681,'Портсмоут'),
	(8358,5681,'Прокторвилл'),
	(8359,5681,'Рарден'),
	(8360,5681,'Ратланд'),
	(8361,5681,'Репаблик'),
	(8362,5681,'Риверли'),
	(8363,5681,'Ридинг'),
	(8364,5681,'Ринолдсбург'),
	(8365,5681,'Ричмонд-Хейгтс'),
	(8366,5681,'Розмаунт'),
	(8367,5681,'Роки-Ривер'),
	(8368,5681,'Россфорд'),
	(8369,5681,'Сабина'),
	(8370,5681,'Саванна'),
	(8371,5681,'Сандуски'),
	(8372,5681,'Сант-Бернард'),
	(8373,5681,'Саут-Амхерст'),
	(8374,5681,'Саут-Винна'),
	(8375,5681,'Саут-Евклид'),
	(8376,5681,'Саут-Маунт-Вернон'),
	(8377,5681,'Саут-Пойнт'),
	(8378,5681,'Саут-Салем'),
	(8379,5681,'Севен-Хиллс'),
	(8380,5681,'Силваниа'),
	(8381,5681,'Силвертон'),
	(8382,5681,'Сиухога-Фоллс'),
	(8383,5681,'Сиухога-Хейгтс'),
	(8384,5681,'Спенкервилл'),
	(8385,5681,'Спрингдал'),
	(8386,5681,'Спрингфилд'),
	(8387,5681,'Стубенвилл'),
	(8388,5681,'Таллмадж'),
	(8389,5681,'Террак Парк'),
	(8390,5681,'Тимберлак'),
	(8391,5681,'Тиффин'),
	(8392,5681,'Толидо'),
	(8393,5681,'Тремонт-Сити'),
	(8394,5681,'Трои'),
	(8395,5681,'Тротвуд'),
	(8396,5681,'Уайт-Оак'),
	(8397,5681,'Уайтехолл'),
	(8398,5681,'Урбана'),
	(8399,5681,'Урбанкрест'),
	(8400,5681,'Фаирборн'),
	(8401,5681,'Файрвью-Парк'),
	(8402,5681,'Финдлэй'),
	(8403,5681,'Флетчер'),
	(8404,5681,'Форест-Парк'),
	(8405,5681,'Форт МкКинли'),
	(8406,5681,'Форт-Лорами'),
	(8407,5681,'Форт-Шавни'),
	(8408,5681,'Фремонт'),
	(8409,5681,'Хаббард'),
	(8410,5681,'Хайленд-Хейгтс'),
	(8411,5681,'Хамилтон'),
	(8412,5681,'Харбор-Вью'),
	(8413,5681,'Харрод'),
	(8414,5681,'Хауленд'),
	(8415,5681,'Хигланд'),
	(8416,5681,'Хид-Парк'),
	(8417,5681,'Хиллиард'),
	(8418,5681,'Холланд'),
	(8419,5681,'Христиансбург'),
	(8420,5681,'Хубер-Ридж'),
	(8421,5681,'Хубер-Хейгтс'),
	(8422,5681,'Цинциннати'),
	(8423,5681,'Цирклвилл'),
	(8424,5681,'Чаунки'),
	(8425,5681,'Чевиот'),
	(8426,5681,'Чесапик'),
	(8427,5681,'Честервилл'),
	(8428,5681,'Честерхилл'),
	(8429,5681,'Шакер-Хейгтс'),
	(8430,5681,'Шелби'),
	(8431,5681,'Эвендейл'),
	(8432,5681,'Эдисон'),
	(8433,5681,'Элирия'),
	(8434,5681,'Эллианс'),
	(8435,5681,'Элмвуд-Плейс'),
	(8436,5681,'Эппл-Крик'),
	(8437,5681,'Юнгстаун'),
	(8438,5681,'Юниверсити-Хейгтс'),
	(8440,5681,'Аркома'),
	(8441,5681,'Атока'),
	(8442,5681,'Бартлесвилл'),
	(8443,5681,'Бетани'),
	(8444,5681,'Варр-Акрес'),
	(8445,5681,'Винита'),
	(8446,5681,'Вудлавн-Парк'),
	(8447,5681,'Вэлли-Брук'),
	(8448,5681,'Гленпул'),
	(8449,5681,'Дель-Сити'),
	(8450,5681,'Дженкс'),
	(8451,5681,'Жеронимо'),
	(8452,5681,'Колгейт'),
	(8453,5681,'Лаутон'),
	(8454,5681,'Маскоги'),
	(8455,5681,'Медсайн-Парк'),
	(8456,5681,'Мидвест-Сити'),
	(8457,5681,'Моффетт'),
	(8458,5681,'Николс-Хиллс'),
	(8459,5681,'Норман'),
	(8460,5681,'Оклахома'),
	(8461,5681,'Олбани'),
	(8462,5681,'Покола'),
	(8463,5681,'Понка-Сити'),
	(8464,5681,'Роланд'),
	(8465,5681,'Росдейл'),
	(8466,5681,'Салфур'),
	(8467,5681,'Санд-Спрингс'),
	(8468,5681,'Сапалпа'),
	(8469,5681,'Стиллуотер'),
	(8470,5681,'Талса'),
	(8471,5681,'Тарли'),
	(8472,5681,'Ти-Виллидж'),
	(8473,5681,'Тулса'),
	(8474,5681,'Форт-Сапплай'),
	(8475,5681,'Форт-Силл'),
	(8476,5681,'Чикаша'),
	(8477,5681,'Шавни'),
	(8478,5681,'Энид'),
	(8484,5681,'Бивертон'),
	(8485,5681,'Вест-Слоп'),
	(8486,5681,'Вильсонвилл'),
	(8487,5681,'Гарден-Хоум'),
	(8488,5681,'Даллес'),
	(8489,5681,'Калли'),
	(8490,5681,'Коквиль'),
	(8491,5681,'Корваллис'),
	(8492,5681,'Ла-Гранд'),
	(8493,5681,'Лейк-Освего'),
	(8494,5681,'Мак-Миннвилл'),
	(8495,5681,'Медфорд'),
	(8496,5681,'Милуоки'),
	(8497,5681,'Оак-Гров'),
	(8498,5681,'Олбани'),
	(8499,5681,'Освего'),
	(8500,5681,'Паркрос'),
	(8501,5681,'Пауэллхарст'),
	(8502,5681,'Пендлетон'),
	(8503,5681,'Портланд'),
	(8504,5681,'Ралей-Хиллс'),
	(8505,5681,'Редмонд'),
	(8506,5681,'Салем'),
	(8507,5681,'Сант-Хеленс'),
	(8508,5681,'Седар-Хиллс'),
	(8509,5681,'Спрингфилд'),
	(8510,5681,'Уайтфорд'),
	(8511,5681,'Хазелвуд'),
	(8512,5681,'Хеликс'),
	(8513,5681,'Хеппнер'),
	(8514,5681,'Эррол-Хейгтс'),
	(8515,5681,'Эуген'),
	(8517,5681,'Абингтон'),
	(8518,5681,'Авока'),
	(8519,5681,'Авониа'),
	(8520,5681,'Алдан'),
	(8521,5681,'Аликвиппа'),
	(8522,5681,'Аллентаун'),
	(8523,5681,'Алтуна'),
	(8524,5681,'Амблер'),
	(8525,5681,'Амбридж'),
	(8526,5681,'Аппер-Даблин'),
	(8527,5681,'Аппер-Дарби'),
	(8528,5681,'Аппер-Мерион'),
	(8529,5681,'Аппер-Сант-Клер'),
	(8530,5681,'Ардмор'),
	(8531,5681,'Аспинвалл'),
	(8532,5681,'Атглен'),
	(8533,5681,'Баден'),
	(8534,5681,'Бала-Кинвид'),
	(8535,5681,'Балдвин'),
	(8536,5681,'Батлер'),
	(8537,5681,'Белльвью'),
	(8538,5681,'Белмонт'),
	(8539,5681,'Бенсалем'),
	(8540,5681,'Бенсон'),
	(8541,5681,'Бентливилл'),
	(8542,5681,'Бервин'),
	(8543,5681,'Бетел-Парк'),
	(8544,5681,'Бетлехем'),
	(8545,5681,'Бивер'),
	(8546,5681,'Биллсвилл'),
	(8547,5681,'Блумфилд'),
	(8548,5681,'Браддок'),
	(8549,5681,'Брентвуд'),
	(8550,5681,'Бриджвилл'),
	(8551,5681,'Брин-Атин'),
	(8552,5681,'Брин-Мавр'),
	(8553,5681,'Брумалл'),
	(8554,5681,'Бурнхам'),
	(8555,5681,'Вайомиссинг'),
	(8556,5681,'Вайомиссинг-Хиллс'),
	(8557,5681,'Ванпорт'),
	(8558,5681,'Варминстер'),
	(8559,5681,'Ваттсбург'),
	(8560,5681,'Вашингтон'),
	(8561,5681,'Вашингтонвилл'),
	(8562,5681,'Веймарт'),
	(8563,5681,'Вернерсвилл'),
	(8564,5681,'Весливилл'),
	(8565,5681,'Вест-Вью'),
	(8566,5681,'Вест-Коншохокен'),
	(8567,5681,'Вест-Миддлетаун'),
	(8568,5681,'Вест-Миффлин'),
	(8569,5681,'Вест-Норритон'),
	(8570,5681,'Вест-Ридинг'),
	(8571,5681,'Вест-Фейрвью'),
	(8572,5681,'Вестмонт'),
	(8573,5681,'Вилкес-Барр'),
	(8574,5681,'Вилкинсбург'),
	(8575,5681,'Вилльямспорт'),
	(8576,5681,'Вормлисбург'),
	(8577,5681,'Вэйн-Хейгтс'),
	(8578,5681,'Вэйнесборо'),
	(8579,5681,'Галлицин'),
	(8580,5681,'Гаррисберг'),
	(8581,5681,'Гейстаун'),
	(8582,5681,'Гирард'),
	(8583,5681,'Грейт-Бенд'),
	(8584,5681,'Грин-Три'),
	(8585,5681,'Данвилл'),
	(8586,5681,'Данмор'),
	(8587,5681,'Дарби'),
	(8588,5681,'Даунингтаун'),
	(8589,5681,'Дженкинтаун'),
	(8590,5681,'Джонстаун'),
	(8591,5681,'Дормонт'),
	(8592,5681,'Дункансвилл'),
	(8593,5681,'Дэвидсвилл'),
	(8594,5681,'Инграм'),
	(8595,5681,'Индастри'),
	(8596,5681,'Ист Батлер'),
	(8597,5681,'Ист-Бервик'),
	(8598,5681,'Ист-Вашингтон'),
	(8599,5681,'Ист-Конемауг'),
	(8600,5681,'Ист-Лансдаун'),
	(8601,5681,'Ист-Норритон'),
	(8602,5681,'Ист-Проспект'),
	(8603,5681,'Ист-Рочестер'),
	(8604,5681,'Истон'),
	(8605,5681,'Йидон'),
	(8606,5681,'Йорк'),
	(8608,5681,'Канонсбург'),
	(8609,5681,'Кармичелс'),
	(8610,5681,'Карнеги'),
	(8611,5681,'Катасуква'),
	(8612,5681,'Кембридж-Спрингс'),
	(8613,5681,'Кенхорст'),
	(8614,5681,'Кларкс-Грин'),
	(8615,5681,'Клифтон-Хейгтс'),
	(8616,5681,'Клэйсбург'),
	(8617,5681,'Коатсвилл'),
	(8618,5681,'Кокбург'),
	(8619,5681,'Колвин'),
	(8620,5681,'Колледжвилл'),
	(8621,5681,'Коллингдейл'),
	(8622,5681,'Конвей'),
	(8623,5681,'Коннокуэнессинг'),
	(8624,5681,'Коншохокен'),
	(8625,5681,'Крафтон'),
	(8626,5681,'Крейнсвилл'),
	(8627,5681,'Крессон'),
	(8628,5681,'Кэмп-Хилл'),
	(8629,5681,'Лангелот'),
	(8630,5681,'Ланкастер'),
	(8631,5681,'Лансдаун'),
	(8632,5681,'Латроб'),
	(8633,5681,'Лаурелдейл'),
	(8634,5681,'Лебанон'),
	(8635,5681,'Левисбург'),
	(8636,5681,'Левистаун'),
	(8637,5681,'Левиттаун'),
	(8638,5681,'Лемойн'),
	(8639,5681,'Линдора'),
	(8640,5681,'Линнтаун'),
	(8641,5681,'Лиспорт'),
	(8642,5681,'Литтл Мидаус'),
	(8643,5681,'Ловер-Мерион'),
	(8644,5681,'Ловер-Мореланд'),
	(8645,5681,'Лорейн'),
	(8646,5681,'Лоуренс-Парк'),
	(8647,5681,'Лоусон-Хейгтс'),
	(8648,5681,'Мак-Кис-Рокс'),
	(8649,5681,'Мак-Киспорт'),
	(8650,5681,'Мак-Эвенсвилл'),
	(8651,5681,'Манхалл'),
	(8652,5681,'Марианна'),
	(8653,5681,'Марпл'),
	(8654,5681,'Мартинсбург'),
	(8655,5681,'Маунт-Гретна'),
	(8656,5681,'Маунт-Лебанон'),
	(8657,5681,'Маунт-Оливер'),
	(8658,5681,'Меридиан'),
	(8659,5681,'Миддлтаун'),
	(8660,5681,'Милл-Виллидж'),
	(8661,5681,'Миллбурн'),
	(8662,5681,'Миллвейл'),
	(8663,5681,'Милтон'),
	(8664,5681,'Модена'),
	(8665,5681,'Монака'),
	(8666,5681,'Монровилл'),
	(8667,5681,'Монт-Альто'),
	(8668,5681,'Монтон'),
	(8669,5681,'Мусик'),
	(8670,5681,'Нарберт'),
	(8671,5681,'Немаколин'),
	(8672,5681,'Норристаун'),
	(8673,5681,'Нортумберленд'),
	(8674,5681,'Нью-Камберленд'),
	(8675,5681,'Нью-Кастл'),
	(8676,5681,'Ньюри'),
	(8677,5681,'Олбани (Лехай Кантри)'),
	(8678,5681,'Олбани (Файет Кантри)'),
	(8679,5681,'Олд-Форг'),
	(8680,5681,'Пайнт'),
	(8681,5681,'Пакстанг'),
	(8682,5681,'Парксбург'),
	(8683,5681,'Пенбрук'),
	(8684,5681,'Пенн-Хиллс'),
	(8685,5681,'Питтсбург'),
	(8686,5681,'Плати'),
	(8687,5681,'Полк'),
	(8688,5681,'Раднор'),
	(8689,5681,'Ранкин'),
	(8690,5681,'Ридинг'),
	(8691,5681,'Римс'),
	(8692,5681,'Роаринг-Спринг'),
	(8693,5681,'Ройерсфорд'),
	(8694,5681,'Рокледж'),
	(8695,5681,'Росслин-Фармс'),
	(8696,5681,'Роузервилл'),
	(8697,5681,'Рочестер'),
	(8698,5681,'Саксонбург'),
	(8699,5681,'Санди'),
	(8700,5681,'Сант-Марис'),
	(8701,5681,'Саут-Коатсвилл'),
	(8702,5681,'Саутмонт'),
	(8703,5681,'Сватара'),
	(8704,5681,'Свиссвейл'),
	(8705,5681,'Селлерсвилл'),
	(8706,5681,'Синкинг-Спринг'),
	(8707,5681,'Скалп-Левел'),
	(8708,5681,'Скрантон'),
	(8709,5681,'Спринг-Сити'),
	(8710,5681,'Спрингфилд'),
	(8711,5681,'Стейт-Колледж'),
	(8712,5681,'Стилтон'),
	(12370850,5681,'Строудсбург'),
	(8713,5681,'Таннелхилл'),
	(8714,5681,'Темпл'),
	(8715,5681,'Торнбург'),
	(8716,5681,'Трапп'),
	(8717,5681,'Труп'),
	(8718,5681,'Трупер'),
	(8719,5681,'Тэйлор'),
	(8720,5681,'Уайтмарш'),
	(8721,5681,'Филадельфия'),
	(8722,5681,'Финиксвилл'),
	(8723,5681,'Финливилл'),
	(8724,5681,'Флемингтон'),
	(8725,5681,'Фонтайн-Хилл'),
	(8726,5681,'Фридом'),
	(8727,5681,'Хавертаун'),
	(8728,5681,'Хаверфорд'),
	(8729,5681,'Хазлтон'),
	(8730,5681,'Хайспайр'),
	(8731,5681,'Хаммельстаун'),
	(8732,5681,'Хантингдон'),
	(8733,5681,'Хеллертаун'),
	(8734,5681,'Холлидэйсбург'),
	(8735,5681,'Хоумикр'),
	(8736,5681,'Хоумстид'),
	(8737,5681,'Хьюстон'),
	(8738,5681,'Чарлерой'),
	(8739,5681,'Челтенхам'),
	(8740,5681,'Честер'),
	(8741,5681,'Чикора'),
	(8742,5681,'Шайрманстаун'),
	(8743,5681,'Швенксвилл'),
	(8744,5681,'Шиллингтон'),
	(8745,5681,'Шиппингпорт'),
	(8746,5681,'Эвансбург'),
	(8747,5681,'Эдинборо'),
	(8748,5681,'Экономи'),
	(8749,5681,'Эллсворт'),
	(8750,5681,'Эри'),
	(8607,5681,'йоркана'),
	(8752,5681,'Варвик'),
	(8753,5681,'Вунсокет'),
	(8754,5681,'Ист-Провиденкс'),
	(8755,5681,'Кранстон'),
	(8756,5681,'Миддлтаун'),
	(8757,5681,'Ньюпорт'),
	(8758,5681,'Паутакет'),
	(8759,5681,'Провиденс'),
	(279123,5681,'Лос-Анджелес'),
	(279137,5681,'Сиэтл'),
	(8761,5681,'Бисмарк'),
	(8762,5681,'Гранд-Форкс'),
	(8763,5681,'Графтон'),
	(8764,5681,'Лер'),
	(8765,5681,'Минот'),
	(8766,5681,'Тиога'),
	(8767,5681,'Фарго'),
	(8769,5681,'Абердин'),
	(8770,5681,'Балфоур'),
	(8771,5681,'Батнер'),
	(8772,5681,'Билтмор-Форест'),
	(8773,5681,'Блак-Маунтайн'),
	(8774,5681,'Бурлингтон'),
	(8775,5681,'Валдес'),
	(8776,5681,'Вест-Конкорд'),
	(8777,5681,'Виллиамстон'),
	(8778,5681,'Вильмингтон'),
	(8779,5681,'Вильсон'),
	(8780,5681,'Винстон-Салем'),
	(8781,5681,'Висперинг-Пайнс'),
	(8782,5681,'Вудфин'),
	(8783,5681,'Гастониа'),
	(8784,5681,'Голдсборо'),
	(8785,5681,'Горман'),
	(8786,5681,'Гранит-Куарри'),
	(8787,5681,'Гранит-Фоллс'),
	(8788,5681,'Гринвилл'),
	(8789,5681,'Гринсборо'),
	(8790,5681,'Давидсон'),
	(8791,5681,'Дархам'),
	(8792,5681,'Джеймстаун'),
	(8793,5681,'Джексонвилл'),
	(8794,5681,'Дрексель'),
	(8795,5681,'Икард'),
	(8796,5681,'Индиан-Трейл'),
	(8797,5681,'Каннаполис'),
	(8798,5681,'Кинстон'),
	(8799,5681,'Кливленд'),
	(8800,5681,'Конкорд'),
	(8801,5681,'Корнелиус'),
	(8802,5681,'Кридмур'),
	(8803,5681,'Кулими'),
	(8804,5681,'Кэмп-Леюн'),
	(8805,5681,'Ландис'),
	(8806,5681,'Ленойр'),
	(8807,5681,'Мак-Линсвилл'),
	(8808,5681,'Маунт-Холли'),
	(8809,5681,'Маунтайн-Хоум'),
	(8810,5681,'Минт-Хилл'),
	(8811,5681,'Моксвилл'),
	(8812,5681,'Моргантон'),
	(8813,5681,'Муресвилл'),
	(8814,5681,'Мэттьюс'),
	(8815,5681,'Норт-Белмонт'),
	(8816,5681,'Норт-Вилкесборо'),
	(8817,5681,'Норт-Конкорд'),
	(8818,5681,'Ньютон'),
	(8819,5681,'Оксфорд'),
	(8820,5681,'Пенелоп'),
	(8821,5681,'Пинеблуфф'),
	(8822,5681,'Ралейг'),
	(8823,5681,'Родхисс'),
	(8824,5681,'Роквелл'),
	(8825,5681,'Роки-Маунт'),
	(8826,5681,'Рутерфордтон'),
	(8827,5681,'Саммерфилд'),
	(8828,5681,'Саутерн-Пайнс'),
	(8829,5681,'Сваннаноа'),
	(8830,5681,'Силва'),
	(8831,5681,'Сильвер-Сити'),
	(8832,5681,'Сталлингс'),
	(8833,5681,'Стем'),
	(8834,5681,'Стенли'),
	(8835,5681,'Уайтвилл'),
	(8836,5681,'Файт'),
	(8837,5681,'Фэйеттвилл'),
	(8838,5681,'Хадсон'),
	(8839,5681,'Хай-Пойнт'),
	(8840,5681,'Хантерсвилл'),
	(8841,5681,'Харкерс-Айленд'),
	(8842,5681,'Харрисбург'),
	(8843,5681,'Хендерсонвилл'),
	(8844,5681,'Хикори'),
	(8845,5681,'Хилдебран'),
	(8846,5681,'Чайна-Гров'),
	(8847,5681,'Чапел-Хилл'),
	(8848,5681,'Шарлотт'),
	(8849,5681,'Шелби'),
	(8850,5681,'Эдентон'),
	(8851,5681,'Элизабет-Сити'),
	(8852,5681,'Эллерб'),
	(8853,5681,'Энка'),
	(8854,5681,'Эночвилл'),
	(8855,5681,'Эшвилль'),
	(8857,5681,'Адамсвиль'),
	(8858,5681,'Айрон-Сити'),
	(8859,5681,'Аламо'),
	(8860,5681,'Алгуд'),
	(8861,5681,'Александрия'),
	(8862,5681,'Алкоа'),
	(8863,5681,'Алтамонт'),
	(8864,5681,'Атенс'),
	(8865,5681,'Аубурнтаун'),
	(8866,5681,'Ашланд-Сити'),
	(8867,5681,'Бакстер'),
	(8868,5681,'Бартлетт'),
	(8869,5681,'Белл Букл'),
	(8870,5681,'Беллс'),
	(8871,5681,'Бентон'),
	(8872,5681,'Берри Хилл'),
	(8873,5681,'Бетел Спрингс'),
	(8874,5681,'Билтмор'),
	(8875,5681,'Блайн'),
	(8876,5681,'Блоунтвилл'),
	(8877,5681,'Блуфф-Сити'),
	(8878,5681,'Брадфорд'),
	(8879,5681,'Браунсвилл'),
	(8880,5681,'Брентвуд'),
	(8881,5681,'Бридвелл-Хейтс'),
	(8882,5681,'Буллс-Гап'),
	(8883,5681,'Бунес-Крик'),
	(8884,5681,'Валден'),
	(8885,5681,'Вартрак'),
	(8886,5681,'Винчестер'),
	(8887,5681,'Виола'),
	(8888,5681,'Вудбури'),
	(8889,5681,'Вэлли-Форж'),
	(8890,5681,'Гадсден'),
	(8891,5681,'Гаинесборо'),
	(8892,5681,'Галлатин'),
	(8893,5681,'Гатес'),
	(8894,5681,'Германтаун'),
	(8895,5681,'Гибсон'),
	(8896,5681,'Глисон'),
	(8897,5681,'Гордонсвилл'),
	(8898,5681,'Гринфилд'),
	(8899,5681,'Грэй'),
	(8900,5681,'Гудлеттсвилл'),
	(8901,5681,'Даиси'),
	(8902,5681,'Декатур'),
	(8903,5681,'Дечерд'),
	(8904,5681,'Джеллико'),
	(8905,5681,'Джефферсон-Сити'),
	(8906,5681,'Джохнсон-Сити'),
	(8907,5681,'Диер'),
	(8908,5681,'Диерсбург'),
	(8909,5681,'Доил'),
	(8910,5681,'Доуэллтаун'),
	(8911,5681,'Дресден'),
	(8912,5681,'Енвилл'),
	(8913,5681,'Естилл Спрингс'),
	(8914,5681,'Етридж'),
	(8915,5681,'Иглетон-Виллидж'),
	(8916,5681,'Иорквилл'),
	(8917,5681,'Ист Ридж'),
	(8918,5681,'Ист-Кливленд'),
	(8919,5681,'Йонесборо'),
	(8920,5681,'Калхоун'),
	(8921,5681,'Карнс'),
	(8922,5681,'Картейж'),
	(8923,5681,'Кауан'),
	(8924,5681,'Кентон'),
	(8925,5681,'Кингстон-Спрингс'),
	(8926,5681,'Кларксвилл'),
	(8927,5681,'Клевеланд'),
	(8928,5681,'Клинтон'),
	(8929,5681,'Коалмонт'),
	(8930,5681,'Ковингтон'),
	(8931,5681,'Коллегедал'),
	(8932,5681,'Коллирвилл'),
	(8933,5681,'Колониал-Хейтс'),
	(8934,5681,'Колумбиа'),
	(8935,5681,'Конкорд'),
	(8936,5681,'Корнерсвилл'),
	(8937,5681,'Кросс Плаинс'),
	(8938,5681,'Кукевилл'),
	(8939,5681,'Кумберленд-Сити'),
	(8940,5681,'Ла Вергн'),
	(8941,5681,'Лавренкебург'),
	(8942,5681,'Лакесит'),
	(8943,5681,'Лебанон'),
	(8944,5681,'Левисбург'),
	(8945,5681,'Лексингтон'),
	(8946,5681,'Леноир-Сити'),
	(8947,5681,'Линнвилл'),
	(8948,5681,'Линчбург'),
	(8949,5681,'Лоретто'),
	(8950,5681,'Лукоут Моунтаин'),
	(8951,5681,'Манчестер'),
	(8952,5681,'Маривилл'),
	(8953,5681,'Мартин'),
	(8954,5681,'Маунтайн-Сити'),
	(8955,5681,'Маури-Сити'),
	(8956,5681,'Медина'),
	(8957,5681,'Медон'),
	(8958,5681,'Мемфис'),
	(8959,5681,'Миддл Валли'),
	(8960,5681,'Милан'),
	(8961,5681,'Милледжевилл'),
	(8962,5681,'Миллингтон'),
	(8963,5681,'Минор Хилл'),
	(8964,5681,'Мичи'),
	(8965,5681,'МкКензи'),
	(8966,5681,'МкЛеморесвилл'),
	(8967,5681,'МкМиннвилл'),
	(8968,5681,'Монтигл'),
	(8969,5681,'Моррисон'),
	(8970,5681,'Морристаун'),
	(8971,5681,'Моунт Юлит'),
	(8972,5681,'Мошейм'),
	(8973,5681,'Мунфорд'),
	(8974,5681,'Мурфрисборо'),
	(8975,5681,'Нашвилл'),
	(8976,5681,'Ниота'),
	(8977,5681,'Ноксвилл'),
	(8978,5681,'Норманди'),
	(8979,5681,'Норрис'),
	(8980,5681,'Нью-Маркет'),
	(8981,5681,'Оак Ридж'),
	(8982,5681,'Обион'),
	(8983,5681,'Олбани'),
	(8984,5681,'Оливер Спрингс'),
	(8985,5681,'Онейда'),
	(8986,5681,'Оребанк'),
	(8987,5681,'Пауелл'),
	(8988,5681,'Пеграм'),
	(8989,5681,'Пипертон'),
	(8990,5681,'Пуласки'),
	(8991,5681,'Ред Банк'),
	(8992,5681,'Риджетоп'),
	(8993,5681,'Рипли'),
	(8994,5681,'Рокфорд'),
	(8995,5681,'Руссельвиль'),
	(8996,5681,'Рутерфорд'),
	(8997,5681,'СалливаноГарденс'),
	(8998,5681,'Саут-Картейж'),
	(8999,5681,'Саут-Кливленд'),
	(9000,5681,'Саут-Клинтон'),
	(9001,5681,'Свитуотер'),
	(9002,5681,'Севани'),
	(9003,5681,'Селмер'),
	(9004,5681,'Сентертаун'),
	(9005,5681,'Сигнал Моунтаин'),
	(9006,5681,'Силертон'),
	(9007,5681,'Слэйден'),
	(9008,5681,'Смирна'),
	(9009,5681,'Смитвилл'),
	(9010,5681,'Содди-Даиси'),
	(9011,5681,'Спарта'),
	(9012,5681,'Спринг-Сити'),
	(9013,5681,'Спургеон'),
	(9014,5681,'Суммит'),
	(9015,5681,'Траки-Сити'),
	(9016,5681,'Трезевант'),
	(9017,5681,'Трентон'),
	(9018,5681,'Тримбл'),
	(9019,5681,'Туллахома'),
	(9020,5681,'Тун'),
	(9021,5681,'Уайт-Оак'),
	(9022,5681,'Уайт-Пин'),
	(9023,5681,'Уайт-Хаус'),
	(9024,5681,'Фингер'),
	(9025,5681,'Фолл-Бранч'),
	(9026,5681,'Франклин'),
	(9027,5681,'Фриндсвилл'),
	(9028,5681,'Халлс'),
	(9029,5681,'Хамптон'),
	(9030,5681,'Харрисон'),
	(9031,5681,'Хартсвилл'),
	(9032,5681,'Хендерсон'),
	(9033,5681,'Хендерсонвилл'),
	(9034,5681,'Хеннинг'),
	(9035,5681,'Хорнсби'),
	(9036,5681,'Хохенвалд'),
	(9037,5681,'Хумболдт'),
	(9038,5681,'Чаттануга'),
	(9039,5681,'Шарон'),
	(9040,5681,'Шелбивилл'),
	(9041,5681,'Элизабеттон'),
	(9042,5681,'Эрвин'),
	(9043,5681,'Этвуд'),
	(9044,5681,'Этова'),
	(9045,5681,'Яксон'),
	(9046,5681,'Яместаун'),
	(9048,5681,'Абилин'),
	(9049,5681,'Аламо-Хейгтс'),
	(9050,5681,'Алдайн'),
	(9051,5681,'Алпин'),
	(9052,5681,'Амарилло'),
	(9053,5681,'Арлингтон'),
	(9054,5681,'Арп'),
	(9055,5681,'Аспермонт'),
	(9056,5681,'Бакхольтс'),
	(9057,5681,'Балконес-Хейгтс'),
	(9058,5681,'Банкер-Хилл-Виллидж'),
	(9059,5681,'Барнет'),
	(9060,5681,'Беверли-Хиллс'),
	(9061,5681,'Беллэйр'),
	(9062,5681,'Биг-Спринг'),
	(9063,5681,'Брайан'),
	(9064,5681,'Браунсвилл'),
	(9065,5681,'Брекенридж'),
	(9066,5681,'Бренхам'),
	(9067,5681,'Бьюмонт'),
	(9068,5681,'Бэйтаун'),
	(9069,5681,'Вако'),
	(9070,5681,'Васком'),
	(9071,5681,'Вернон'),
	(9072,5681,'Вест-Лейк-Хиллс'),
	(9073,5681,'Вест-Юниверсити-Плэйс'),
	(9074,5681,'Вестворт'),
	(9075,5681,'Вестовер-Хиллс'),
	(9076,5681,'Викториа'),
	(9077,5681,'Виндкрест'),
	(9078,5681,'Вичита-Фоллс'),
	(9079,5681,'Вольффорт'),
	(9080,5681,'Галвестон'),
	(9081,5681,'Галена-Парк'),
	(9082,5681,'Гарленд'),
	(9083,5681,'Гранд-Прейри'),
	(9084,5681,'Дайнгерфилд'),
	(9085,5681,'Даллас'),
	(9086,5681,'Далхарт'),
	(9087,5681,'Дель-Рио'),
	(9088,5681,'Дентон'),
	(9089,5681,'Джакинто-Сити'),
	(9090,5681,'Джанкшин'),
	(9091,5681,'Джордантон'),
	(9092,5681,'Дир-Парк'),
	(9093,5681,'Идалоу'),
	(9094,5681,'Ирвинг'),
	(9095,5681,'Камерон'),
	(9096,5681,'Кастл-Хиллс'),
	(9097,5681,'Кермит'),
	(9098,5681,'Киллин'),
	(9099,5681,'Кингсвилл'),
	(9100,5681,'Кирби'),
	(9101,5681,'Кловерлиф'),
	(9102,5681,'Комбес'),
	(9103,5681,'Корпус-Кристи'),
	(9104,5681,'Купер'),
	(9105,5681,'Куэро'),
	(9106,5681,'Лаббок'),
	(9107,5681,'Лайон-Вэлли'),
	(9108,5681,'Лакленд база ВВС'),
	(9109,5681,'Ларедо'),
	(9110,5681,'Лейк-Ворт'),
	(9111,5681,'Либерти'),
	(9112,5681,'Либерти-Сити'),
	(9113,5681,'Лонгвью'),
	(9114,5681,'Лулинг'),
	(9115,5681,'Мак-Аллен'),
	(9116,5681,'Мак-Кинни'),
	(9117,5681,'Малакофф'),
	(9118,5681,'Манор'),
	(9119,5681,'Мескуит'),
	(9120,5681,'Мидленд'),
	(9121,5681,'Миссури-Сити'),
	(9122,5681,'Норт-Ричланд-Хиллс'),
	(9123,5681,'Нью-Дил'),
	(9124,5681,'Нью-Хоум'),
	(9125,5681,'Овертон'),
	(9126,5681,'Одем'),
	(9127,5681,'Одесса'),
	(9128,5681,'Олбани'),
	(9129,5681,'Олмос-Парк'),
	(9130,5681,'Олни'),
	(9131,5681,'Остин'),
	(9132,5681,'Пайни-Пойнт-Виллидж'),
	(9133,5681,'Пампа'),
	(9134,5681,'Пасадена'),
	(9135,5681,'Пирленд'),
	(9136,5681,'Пирсалл'),
	(9137,5681,'Порт-Артур'),
	(9138,5681,'Портланд'),
	(9139,5681,'Праймера'),
	(9140,5681,'Пфлугервилл'),
	(9141,5681,'Ривер-Оакс'),
	(9142,5681,'Ричардсон'),
	(9143,5681,'Ричланд-Хиллс'),
	(9144,5681,'Робстаун'),
	(9145,5681,'Роллингвуд'),
	(9146,5681,'Сагинау'),
	(9147,5681,'Сан-Анжело'),
	(9148,5681,'Сан-Антонио'),
	(9149,5681,'Сан-Бенито'),
	(9150,5681,'Сансет-Вэлли'),
	(9151,5681,'Саут-Хьюстон'),
	(9152,5681,'Саутсайд-Плэйс'),
	(9153,5681,'Сегуин'),
	(9154,5681,'Сенсом-Парк-Виллидж'),
	(9155,5681,'Слатон'),
	(9156,5681,'Сплендора'),
	(9157,5681,'Стаффорд'),
	(9158,5681,'Тафт'),
	(9159,5681,'Тексаркана'),
	(9160,5681,'Тексас-Сити'),
	(9161,5681,'Темпл'),
	(9162,5681,'Террелл'),
	(9163,5681,'Террелл-Хиллс'),
	(9164,5681,'Тилер'),
	(9165,5681,'Торндейл'),
	(9166,5681,'Тралл'),
	(9167,5681,'Уайт-Сеттлмент'),
	(9168,5681,'Фармерс-Бранч'),
	(9169,5681,'Форест-Хилл'),
	(9170,5681,'Форт-Ворт'),
	(9171,5681,'Форт-Уэрт'),
	(9172,5681,'Халтом-Сити'),
	(9173,5681,'Хантерс-Крик-Виллидж'),
	(9174,5681,'Харлинген'),
	(9175,5681,'Харст'),
	(9176,5681,'Хедвиг-Виллидж'),
	(9177,5681,'Хилл-Кантри-Виллидж'),
	(9178,5681,'Худсон'),
	(9179,5681,'Хьюстон'),
	(9180,5681,'Шаллоуотер'),
	(9181,5681,'Шерман'),
	(9182,5681,'Эль-Кампо'),
	(9183,5681,'Эль-Пасо'),
	(9184,5681,'Эндрюс'),
	(9186,5681,'Азали-Парк'),
	(9187,5681,'Айвес-Эстейтс'),
	(9188,5681,'Алачуа'),
	(9189,5681,'Апалачикола'),
	(9190,5681,'Апопка'),
	(9191,5681,'Арчер'),
	(9192,5681,'Атлантик-Бич'),
	(9193,5681,'Багдад'),
	(9194,5681,'Бал-Харбор'),
	(9195,5681,'Балдвин'),
	(9196,5681,'Банч-Парк'),
	(9197,5681,'Бартау'),
	(9198,5681,'Беверли-Хиллс'),
	(9199,5681,'Белл-Глейд'),
	(9200,5681,'Беллайр'),
	(9201,5681,'Беллиир'),
	(9202,5681,'Беллиир-Бич'),
	(9203,5681,'Беллиир-Блуффс'),
	(9204,5681,'Бельвью'),
	(9205,5681,'Би-Ридж'),
	(9206,5681,'Бискейн-Парк'),
	(9207,5681,'Бойнтон-Бич'),
	(9208,5681,'Бока-Рейтон'),
	(9209,5681,'Брадентон'),
	(9210,5681,'Брандон'),
	(9211,5681,'Браунс-Виллидж'),
	(9212,5681,'Браунсвилл'),
	(9213,5681,'Брент'),
	(9214,5681,'Бровардейл'),
	(9215,5681,'Бродвью-Парк'),
	(9216,5681,'Брукер'),
	(9217,5681,'Бэй Пинес'),
	(9218,5681,'Бэй-Харбор-Айлендс'),
	(9219,5681,'Бэйшор-Гарденс'),
	(9220,5681,'Валдо'),
	(9221,5681,'Валпараисо'),
	(9222,5681,'Вамо'),
	(9223,5681,'Вахнета'),
	(9224,5681,'Векива-Спрингс'),
	(9225,5681,'Веро-Бич'),
	(9226,5681,'Вест-Винтер-Хавен'),
	(9227,5681,'Вест-И-Галли'),
	(9228,5681,'Вест-Майами'),
	(9229,5681,'Вест-Палм-Бич'),
	(9230,5681,'Вествуд-Лейкс'),
	(9231,5681,'Вествью'),
	(9232,5681,'Вестчестер'),
	(9233,5681,'Виллистон'),
	(9234,5681,'Вилтон-Манорс'),
	(9235,5681,'Виндермер'),
	(9236,5681,'Винтер-Парк'),
	(9237,5681,'Винтер-Хавен'),
	(9238,5681,'Виргиниа-Гарденс'),
	(9239,5681,'Вортингтон-Спрингс'),
	(9240,5681,'Вригт'),
	(9241,5681,'Гавана'),
	(9242,5681,'Гайнесвилл'),
	(9243,5681,'Галф-Гейт-Эстатс'),
	(9244,5681,'Галф-Стрим'),
	(9245,5681,'Галфпорт'),
	(9246,5681,'Гарлем'),
	(9247,5681,'Гасьенда-Виллидж'),
	(9248,5681,'Гиффорд'),
	(9249,5681,'Глен-Ридж'),
	(9250,5681,'Гленвар-Хейгтс'),
	(9251,5681,'Голден-Бич'),
	(9252,5681,'Голливуд'),
	(9253,5681,'Гордонвилл'),
	(9254,5681,'Гоулдинг'),
	(9255,5681,'Гоулдс'),
	(9256,5681,'Гракевилл'),
	(9257,5681,'Грин-Ков-Спрингс'),
	(9258,5681,'Гринакрес-Сити'),
	(9259,5681,'Дайтона-Бич'),
	(9260,5681,'Даниа'),
	(9261,5681,'Деви'),
	(9262,5681,'Джасмин-Эстатс'),
	(9263,5681,'Джексонвилл'),
	(9264,5681,'Джексонвилл-Бич'),
	(9265,5681,'Довер'),
	(9266,5681,'Дуннеллон'),
	(9267,5681,'Египт-Лейк'),
	(9268,5681,'Еглин Аир Форк Бас'),
	(9269,5681,'Енсли'),
	(9270,5681,'Есто'),
	(9271,5681,'Игл-Лейк'),
	(9272,5681,'Инвуд'),
	(9273,5681,'Индиан-Рокс-Бич'),
	(9274,5681,'Индиан-Харбор-Бич'),
	(9275,5681,'Индиан-Шорес'),
	(9276,5681,'Ист-Лейк-Парк'),
	(9277,5681,'Итон-Парк'),
	(9278,5681,'Итонвилл'),
	(9279,5681,'Каллавэй'),
	(9280,5681,'Каллахан'),
	(9281,5681,'Кампбеллтон'),
	(9282,5681,'Карол-Сити'),
	(9283,5681,'Каррабелл'),
	(9284,5681,'Кейп-Корал'),
	(9285,5681,'Кендалл'),
	(9286,5681,'Ки-Бискейн'),
	(9287,5681,'Ки-Уэст'),
	(9288,5681,'Киллирн Естатес'),
	(9289,5681,'Кипресс-Гарденс'),
	(9290,5681,'Кистон-Хейтс'),
	(9291,5681,'Клауд-Лейк'),
	(9292,5681,'Клевистон'),
	(9293,5681,'Клейр-Мел-Сити'),
	(9294,5681,'Кливленд'),
	(9295,5681,'Клирватер'),
	(9296,5681,'Кокоа-Бич'),
	(9297,5681,'Коконат-Крик'),
	(9298,5681,'Колльер-Сити'),
	(9299,5681,'Комби-Сеттлмент'),
	(9300,5681,'Конвей'),
	(9301,5681,'Корал-Габлс'),
	(9302,5681,'Лак Магдален'),
	(9303,5681,'Лак-Керролл'),
	(9304,5681,'Лакеланд'),
	(9305,5681,'Лантана'),
	(9306,5681,'Ларго'),
	(9308,5681,'Лаудердейл-Лейкс'),
	(9307,5681,'Лаудердейл-бай-ти-Си'),
	(9309,5681,'Лаудерхилл'),
	(9310,5681,'Леди-Лейк'),
	(9311,5681,'Лей-Люцерн'),
	(9312,5681,'Лейзи-Лейк'),
	(9313,5681,'Лейк-Альфред'),
	(9314,5681,'Лейк-Ворт'),
	(9315,5681,'Лейк-Кларк-Шорес'),
	(9316,5681,'Лейквуд-Парк'),
	(9317,5681,'Лейсур-Сити'),
	(9318,5681,'Лето'),
	(9319,5681,'Лив-Оак'),
	(9320,5681,'Лилман'),
	(9321,5681,'Линн-Хавен'),
	(9322,5681,'Лисбург'),
	(9323,5681,'Локхарт'),
	(9324,5681,'Лонгбоат-Ки'),
	(9325,5681,'Лутз'),
	(9326,5681,'Мадейра-Бич'),
	(9327,5681,'Майами'),
	(9328,5681,'Майами-Бич'),
	(9329,5681,'Майами-Спрингс'),
	(9330,5681,'Майами-Шорес'),
	(9331,5681,'Майтленд (Лейк Майтленд)'),
	(9332,5681,'МакИнтош'),
	(9333,5681,'Малабар'),
	(9334,5681,'Маналапан'),
	(9335,5681,'Манго'),
	(9336,5681,'Мангониа-Парк'),
	(9337,5681,'Маратон'),
	(9338,5681,'Маргейт'),
	(9339,5681,'Марианна'),
	(9340,5681,'Медли'),
	(9341,5681,'Мелрос-Парк'),
	(9342,5681,'Мельбурн'),
	(9343,5681,'Мельбурн-Виллидж'),
	(9344,5681,'Мерритт-Айленд'),
	(9345,5681,'Мидоубрук-Террас'),
	(9346,5681,'Миканопи'),
	(9347,5681,'Милтон'),
	(9348,5681,'Мирамар'),
	(9349,5681,'Молино'),
	(9350,5681,'Наплес'),
	(9351,5681,'Нептун-Бич'),
	(9352,5681,'Никевилл'),
	(9353,5681,'Нома'),
	(9354,5681,'Норвуд'),
	(9355,5681,'Норланд'),
	(9356,5681,'Норт-Бэй-Виллидж'),
	(9357,5681,'Норт-Майами'),
	(9358,5681,'Норт-Майами-Бич'),
	(9359,5681,'Норт-Порт'),
	(9360,5681,'Норт-Редингтон-Бич'),
	(9361,5681,'Норт-Форт-Майерс'),
	(9362,5681,'Норт-Эндрюс-Гарденс'),
	(9363,5681,'Ньюберри'),
	(9364,5681,'Оакленд-Парк'),
	(9365,5681,'Обурндейл'),
	(9366,5681,'Окала'),
	(9367,5681,'Окин-Сити'),
	(9368,5681,'Олдсмар'),
	(9369,5681,'Олимпиа-Хейгтс'),
	(9370,5681,'Онеко'),
	(9371,5681,'Опа-Лока'),
	(9372,5681,'Оранж-Парк'),
	(9373,5681,'Оринт-Парк'),
	(9374,5681,'Орландо'),
	(9375,5681,'Орловиста'),
	(9376,5681,'Ормонд-Бич'),
	(9377,5681,'Оспри'),
	(9378,5681,'Оушн-Ридж'),
	(9379,5681,'Оюс'),
	(9380,5681,'Пайн-Хиллс'),
	(9381,5681,'Пайнвуд'),
	(9382,5681,'Пак'),
	(9383,5681,'Пакстон'),
	(9384,5681,'Палм-Бич'),
	(9385,5681,'Палм-Ривер'),
	(9386,5681,'Палм-Шорес'),
	(9387,5681,'Панама-Сити'),
	(9388,5681,'Паркер'),
	(9389,5681,'Пахоки'),
	(9390,5681,'Пемброк-Пайнс'),
	(9391,5681,'Пемброк-Парк'),
	(9392,5681,'Пенни-Фармс'),
	(9393,5681,'Пенсакола'),
	(9394,5681,'Перри'),
	(9395,5681,'Пинеллас-Парк'),
	(9396,5681,'Плантешн'),
	(9397,5681,'Помпано-Бич'),
	(9398,5681,'Помпано-Парк'),
	(9399,5681,'Порт-Санта-Лючия'),
	(9400,5681,'Порт-Шарлотт'),
	(9401,5681,'Принстон'),
	(9402,5681,'Пунта-Горда'),
	(9403,5681,'Реддик'),
	(9404,5681,'Редингтон-Бич'),
	(9405,5681,'Редингтон-Шорес'),
	(9406,5681,'Ричмонд-Хейгтс'),
	(9407,5681,'Рускин'),
	(9408,5681,'Самосет'),
	(9409,5681,'Санни-Айлс'),
	(9410,5681,'Санрайс'),
	(9411,5681,'Сант-Аугустин'),
	(9412,5681,'Сант-Петерсбург'),
	(9413,5681,'Сант-Петерсбург-Бич'),
	(9414,5681,'Сарасота'),
	(9415,5681,'Сарасота-Спрингс'),
	(9416,5681,'Сарфсайд'),
	(9417,5681,'Сателлайт-Бич'),
	(9418,5681,'Саут-Апопка'),
	(9419,5681,'Саут-Бэй'),
	(9420,5681,'Саут-Дайтона'),
	(9421,5681,'Саут-Майами'),
	(9422,5681,'Саут-Майами-Хейгтс'),
	(9423,5681,'Саут-Палм-Бич'),
	(9424,5681,'Саут-Пасадена'),
	(9425,5681,'Саутгейт'),
	(9426,5681,'Сафти-Харбор'),
	(9427,5681,'Свитватер-Крик'),
	(9428,5681,'Свитвотер'),
	(9429,5681,'Седар-Гров'),
	(9430,5681,'Сентури'),
	(9431,5681,'Сеффнер'),
	(9432,5681,'Си-Ранч-Лейкс'),
	(9433,5681,'Сиеста-Ки'),
	(9434,5681,'Солана'),
	(9435,5681,'Спрингфилд'),
	(9436,5681,'Таварес'),
	(9437,5681,'Тавернир'),
	(9438,5681,'Талахасси'),
	(9439,5681,'Тамайами'),
	(9440,5681,'Тамарак'),
	(9441,5681,'Тампа'),
	(9442,5681,'Темпл-Террас'),
	(9443,5681,'Тик'),
	(9444,5681,'Титусвилл'),
	(9445,5681,'Трайлер-Эстатс'),
	(9446,5681,'Трежа-Айленд'),
	(9447,5681,'Уайтфилд-Эстатс'),
	(9448,5681,'Уматилла'),
	(9449,5681,'Файрвью-Шорес'),
	(9450,5681,'Ферн-Парк'),
	(9451,5681,'Ферри Пасс'),
	(9452,5681,'Форест-Сити'),
	(9453,5681,'Форт-Лаудердейл'),
	(9454,5681,'Форт-Майерс'),
	(9455,5681,'Форт-Мид'),
	(9456,5681,'Форт-Пирс'),
	(9457,5681,'Фрутвилл'),
	(9458,5681,'Фрутланд-Парк'),
	(9459,5681,'Хаверхилл'),
	(9460,5681,'Хавторн'),
	(9461,5681,'Хай-Пойнт'),
	(9462,5681,'Хайленд-Парк'),
	(9463,5681,'Хайленд-Сити'),
	(9464,5681,'Хамптон'),
	(9465,5681,'Хиалеа'),
	(9466,5681,'Хиполуксо'),
	(9467,5681,'Холден-Хейгтс'),
	(9468,5681,'Холли-Хилл'),
	(9469,5681,'Хоместид-Айр-Форс-Бэйс'),
	(9470,5681,'Шалимар'),
	(9471,5681,'Шарлотт-Парк'),
	(9472,5681,'Шарлотт-Харбор'),
	(9473,5681,'Эджвуд'),
	(9474,5681,'Элоис'),
	(9475,5681,'Эль-Портал'),
	(9476,5681,'Яи'),
	(9478,5681,'Абердин'),
	(9479,5681,'Ватертаун'),
	(9480,5681,'Гурон'),
	(9481,5681,'Кантон'),
	(9482,5681,'Митчелл'),
	(9483,5681,'Пирр'),
	(9484,5681,'Рапид-Сити'),
	(9485,5681,'Редфилд'),
	(9486,5681,'Сиу-Фоллс'),
	(9487,5681,'Спирфиш'),
	(9488,5681,'Хот-Спрингс'),
	(9490,5681,'Авондейл'),
	(9491,5681,'Андерсон'),
	(9492,5681,'Аркадиа-Лейкс'),
	(9493,5681,'Валенсиа-Хейгтс'),
	(9494,5681,'Вест-Колумбиа'),
	(9495,5681,'Вудфилд'),
	(9496,5681,'Гринвилл'),
	(9497,5681,'Гринвуд'),
	(9498,5681,'Дентсвилл'),
	(9499,5681,'Джеймс-Айленд'),
	(9500,5681,'Диллон'),
	(9501,5681,'Капитол-Вью'),
	(9502,5681,'Кейси'),
	(9503,5681,'Клинтон'),
	(9504,5681,'Колумбиа'),
	(9505,5681,'Пайнридж'),
	(9506,5681,'Рок-Хилл'),
	(9507,5681,'Самтер'),
	(9508,5681,'Сенека'),
	(9509,5681,'Спартанбург'),
	(9510,5681,'Флоренс'),
	(9511,5681,'Форест-Акрес'),
	(9512,5681,'Хемингуэй'),
	(9513,5681,'Чарльстон'),
	(9514,5681,'Чарльстон-Хейгтс'),
	(9516,5681,'Американ-Форк'),
	(9517,5681,'Беннион'),
	(9518,5681,'Бивер'),
	(9519,5681,'Боунтифул'),
	(9520,5681,'Бригам-Сити'),
	(9521,5681,'Вал-Верда'),
	(9522,5681,'Вашингтон-Террас'),
	(9523,5681,'Вернал'),
	(9524,5681,'Вест-Боунтифул'),
	(9525,5681,'Вест-Джордан'),
	(9526,5681,'Вест-Пойнт'),
	(9527,5681,'Вудс-Кросс'),
	(9528,5681,'Ганнисон'),
	(9529,5681,'Гранит-Парк'),
	(9530,5681,'Делта'),
	(9531,5681,'Ист-Лэйтон'),
	(9532,5681,'Ист-Миллкрик'),
	(9533,5681,'Канаб'),
	(9534,5681,'Кирнс'),
	(9535,5681,'Клинтон'),
	(9536,5681,'Клирфилд'),
	(9537,5681,'Коттонвуд-Хейгтс'),
	(9538,5681,'Линдон'),
	(9539,5681,'Логан'),
	(9540,5681,'Маунт-Олимпус'),
	(9541,5681,'Мидвейл'),
	(9542,5681,'Милфорд'),
	(9543,5681,'Моаб'),
	(9544,5681,'Монтичелло'),
	(9545,5681,'Моунт-Плисант'),
	(9546,5681,'Муррей'),
	(9547,5681,'Нефи'),
	(9548,5681,'Норт-Солт-Лейк'),
	(9549,5681,'Огден'),
	(9550,5681,'Орем'),
	(9551,5681,'Пангуитч'),
	(9552,5681,'Плисант-Гров'),
	(9553,5681,'Прик'),
	(9554,5681,'Прово'),
	(9555,5681,'Ривердейл'),
	(9556,5681,'Ричфилд'),
	(9557,5681,'Рой'),
	(9558,5681,'Русвельт'),
	(9559,5681,'Санди'),
	(9560,5681,'Сансет'),
	(9561,5681,'Сант-Джордж'),
	(9562,5681,'Саут-Вебер'),
	(9563,5681,'Саут-Коттонвуд'),
	(9564,5681,'Саут-Огден'),
	(9565,5681,'Саут-Солт-Лейк'),
	(9566,5681,'Седар-Сити'),
	(9567,5681,'Солт-Лейк-Сити'),
	(9568,5681,'Спрингвилл'),
	(9569,5681,'Тэйлорсвилл'),
	(9570,5681,'Уинта'),
	(9571,5681,'Филлмор'),
	(9572,5681,'Харрисвилл'),
	(9573,5681,'Холладей'),
	(9574,5681,'Юнион'),
	(8480,5681,'Белый Дом'),
	(8481,5681,'Вашингтон'),
	(8482,5681,'Штаб Главного Командования'),
	(5649,5647,'Ахуачапан'),
	(5651,5647,'Коютепекуэ'),
	(5653,5647,'Нуэва Сан Салвадор'),
	(5655,5647,'Закатеколука'),
	(5657,5647,'Ла Унион'),
	(5659,5647,'Сан Мигуэл'),
	(5661,5647,'Сан-Сальвадор'),
	(5663,5647,'Санта Ана'),
	(5665,5647,'Сонсонат'),
	(279124,277565,'Сингапур'),
	(2496371,582067,'Дамаск'),
	(5668,5666,'Трнава'),
	(5670,5666,'Братислава'),
	(5672,5666,'Зилина'),
	(5675,5673,'Любляна'),
	(5677,5673,'Марибор'),
	(278165,5673,'Кочевье'),
	(278207,5673,'Постойна'),
	(5680,5678,'Парамарибо'),
	(9577,9575,'Ванч'),
	(9578,9575,'Висхарв'),
	(9579,9575,'Вранг'),
	(9580,9575,'Ишкашим'),
	(9581,9575,'Кудара'),
	(9582,9575,'Мургаб'),
	(9583,9575,'Рангкуль'),
	(9584,9575,'Рушан'),
	(9585,9575,'Токтомуш'),
	(9586,9575,'Хорог'),
	(9587,9575,'Шазуд'),
	(9588,9575,'Шаймак'),
	(9590,9575,'Дангара'),
	(9591,9575,'Куляб'),
	(9592,9575,'Лениградский'),
	(9593,9575,'Пархар'),
	(9594,9575,'Советский'),
	(9595,9575,'Ховалинг'),
	(9597,9575,'Калининабад'),
	(9598,9575,'Колхозабад'),
	(9599,9575,'Куйбышевский'),
	(9600,9575,'Курган-Тюбе'),
	(9601,9575,'Нижний Пяндж'),
	(9602,9575,'Пяндж'),
	(9603,9575,'Шаартуз'),
	(9604,9575,'Яван'),
	(9606,9575,'Адрасман'),
	(9607,9575,'Айни'),
	(9608,9575,'Ашт'),
	(9609,9575,'Бустон'),
	(9610,9575,'Ганчи'),
	(9611,9575,'Гафуров'),
	(9612,9575,'Зафарабад'),
	(9613,9575,'Зеравшан'),
	(9614,9575,'Исфара'),
	(9615,9575,'Кайракуум'),
	(9616,9575,'Канибадам'),
	(9617,9575,'Кансай'),
	(9619,9575,'Нау'),
	(9620,9575,'Наугарзан'),
	(9621,9575,'Пенджикент'),
	(9622,9575,'Пролетарск'),
	(9623,9575,'Табошар'),
	(9624,9575,'Ура-Тюбе'),
	(4157180,9575,'Худжанд'),
	(9625,9575,'Чкаловск'),
	(9626,9575,'Шураб'),
	(9628,9575,'Варзоб'),
	(278060,9575,'Вахш'),
	(9629,9575,'Гарм'),
	(9630,9575,'Гиссар'),
	(278061,9575,'Джиргаталь'),
	(9631,9575,'Джиргатель'),
	(278062,9575,'Дусти'),
	(9632,9575,'Душанбе'),
	(9633,9575,'Калаи-Хумб'),
	(278063,9575,'Кофарнихон'),
	(278064,9575,'Куйбышевск'),
	(278065,9575,'Ленинский'),
	(278066,9575,'Московский'),
	(9634,9575,'Насруд'),
	(9635,9575,'Нурек'),
	(278067,9575,'Орджоникидзеабад'),
	(9636,9575,'Турсунзаде'),
	(9637,9575,'Файзабад'),
	(279125,277567,'Тайбэй'),
	(6128604,582050,'Бангкок'),
	(5640888,582090,'Nabeul'),
	(9640,9638,'Ашхабад'),
	(9641,9638,'Бабадурмаз'),
	(9642,9638,'Бахарден'),
	(9643,9638,'Бахардок'),
	(9644,9638,'Безмеин'),
	(9645,9638,'Геок-Тепе'),
	(9646,9638,'Дарваза'),
	(9647,9638,'Душак'),
	(9648,9638,'Каахка'),
	(9649,9638,'Кировск'),
	(9650,9638,'Полехатум'),
	(9651,9638,'Серахс'),
	(9652,9638,'Теджен'),
	(9654,9638,'Бекдаш'),
	(9655,9638,'Гасан-Кули'),
	(9656,9638,'Джанга'),
	(9657,9638,'Джебел'),
	(9658,9638,'Казанджик'),
	(9659,9638,'Кара-Кала'),
	(9660,9638,'Карагель'),
	(9661,9638,'Кизыл-Арват'),
	(9662,9638,'Кизыл-Атрек'),
	(9663,9638,'Кизыл-Су'),
	(9664,9638,'Красноводск'),
	(9665,9638,'Кум-Даг'),
	(9666,9638,'Небит-Даг'),
	(9667,9638,'Уфра'),
	(9668,9638,'Чагыл'),
	(9669,9638,'Челекен'),
	(9671,9638,'Байрам-Али'),
	(9672,9638,'Захмет'),
	(9673,9638,'Иолотань'),
	(9674,9638,'Кушка'),
	(9675,9638,'Мары'),
	(9676,9638,'Сакар-Чага'),
	(9677,9638,'Сандыкачи'),
	(9678,9638,'Тахта-Базар'),
	(9679,9638,'Ташкепри'),
	(9680,9638,'Туркмен-Кала'),
	(9681,9638,'Уч-Аджи'),
	(9683,9638,'Куня-Ургенч'),
	(9684,9638,'Ташауз'),
	(9686,9638,'Аму-Дарья'),
	(9687,9638,'Газ-Ачак'),
	(9688,9638,'Гаурдак'),
	(9689,9638,'Дарган-Ата'),
	(9690,9638,'Дейнау'),
	(9691,9638,'Карабекаул'),
	(9692,9638,'Керки'),
	(9693,9638,'Мукры'),
	(9694,9638,'Нефтезаводск'),
	(9695,9638,'Сакар'),
	(9696,9638,'Саят'),
	(9697,9638,'Фараб'),
	(9698,9638,'Халач'),
	(9699,9638,'Чарджоу'),
	(9700,9638,'Чаршанга'),
	(279138,277569,'Ашгабад'),
	(279139,277569,'Кушка'),
	(279140,277569,'Тагтабазар'),
	(9703,9701,'Кев'),
	(9704,9701,'Теркс-Айлендс'),
	(9707,9705,'Бартын'),
	(9709,9705,'Байбурт'),
	(9711,9705,'Карабук'),
	(9713,9705,'Адана'),
	(9715,9705,'Айдын'),
	(9717,9705,'Амасья'),
	(9719,9705,'Анкара'),
	(9721,9705,'Анталия'),
	(9723,9705,'Артвин'),
	(9725,9705,'Афьон'),
	(9727,9705,'Балыкесир'),
	(9729,9705,'Биледжик'),
	(9731,9705,'Бурса'),
	(9733,9705,'Газиантеп'),
	(9735,9705,'Денизли'),
	(9737,9705,'Измир'),
	(9739,9705,'Испарта'),
	(9741,9705,'Мерсин'),
	(9743,9705,'Кэйсери'),
	(9745,9705,'Карс'),
	(9747,9705,'Измит'),
	(9748,9705,'Кокели'),
	(9750,9705,'Кониа'),
	(9752,9705,'Кириккал'),
	(9754,9705,'Кутахиа'),
	(9756,9705,'Малатиа'),
	(9758,9705,'Маниса'),
	(9760,9705,'Адапазари'),
	(9762,9705,'Самсун'),
	(9764,9705,'Сивас'),
	(9766,9705,'Стамбул'),
	(9768,9705,'Трабзон'),
	(9769,9705,'Требизонд'),
	(9771,9705,'Корум'),
	(9773,9705,'Эдирн'),
	(9775,9705,'Элазиг'),
	(9777,9705,'Эрзинкан'),
	(9779,9705,'Эрзурум'),
	(9781,9705,'Ескисехир'),
	(9784,9782,'Йиня'),
	(9786,9782,'Кампала'),
	(9789,9787,'Алтынкуль'),
	(9790,9787,'Андижан'),
	(9791,9787,'Балыкчи'),
	(9792,9787,'Ленинск'),
	(9793,9787,'Мархамат'),
	(9794,9787,'Советабад'),
	(9795,9787,'Шахрихан'),
	(9797,9787,'Алат'),
	(9798,9787,'Бухара'),
	(9799,9787,'Вабкент'),
	(9800,9787,'Газли'),
	(9801,9787,'Галаасия'),
	(9802,9787,'Гиждуван'),
	(9803,9787,'Каган'),
	(9804,9787,'Каракуль'),
	(9805,9787,'Ромитан'),
	(9807,9787,'Галляарал'),
	(9808,9787,'Джизак'),
	(9809,9787,'Заамин'),
	(9810,9787,'Койташ'),
	(9811,9787,'Усмат'),
	(9812,9787,'Янгикишлак'),
	(9814,9787,'Кегейли'),
	(9815,9787,'Кунград'),
	(9816,9787,'Мангит'),
	(9817,9787,'Муйнак'),
	(9818,9787,'Нукус'),
	(9819,9787,'Тахиаташ'),
	(9820,9787,'Тахтакупыр'),
	(9821,9787,'Турткуль'),
	(9822,9787,'Ходжейли'),
	(9823,9787,'Чимбай'),
	(9824,9787,'Шуманай'),
	(9826,9787,'Бешкент'),
	(9827,9787,'Гузар'),
	(9828,9787,'Карши'),
	(9829,9787,'Касан'),
	(9830,9787,'Китаб'),
	(9831,9787,'Шахрисабз'),
	(2414986,9787,'Зарафшан'),
	(9833,9787,'Навои'),
	(9834,9787,'Тамдыбулак'),
	(9835,9787,'Учкудук'),
	(9837,9787,'Касансай'),
	(9838,9787,'Наманган'),
	(9839,9787,'Пап'),
	(9840,9787,'Учкурган'),
	(9841,9787,'Чартак'),
	(9842,9787,'Чуст'),
	(9843,9787,'Янгикурган'),
	(9845,9787,'Акташ'),
	(9846,9787,'Ингичка'),
	(9847,9787,'Каттакурган'),
	(9848,9787,'Красногвардейск'),
	(9849,9787,'Самарканд'),
	(9850,9787,'Ургут'),
	(9852,9787,'Байсун'),
	(9853,9787,'Денау'),
	(9854,9787,'Карлук'),
	(9855,9787,'Термез'),
	(9856,9787,'Узун'),
	(9857,9787,'Шерабад'),
	(9858,9787,'Шурчи'),
	(9860,9787,'Бахт'),
	(9861,9787,'Верхневолынское'),
	(9862,9787,'Гулистан'),
	(9863,9787,'Димитровское'),
	(9864,9787,'Крестьянский'),
	(9865,9787,'Сырдарья'),
	(9866,9787,'Сырьдарья'),
	(9867,9787,'Хаваст'),
	(11568719,9787,'Ширин'),
	(9868,9787,'Янгиер'),
	(9870,9787,'Алимкент'),
	(9871,9787,'Алмазар'),
	(9872,9787,'Алмалык'),
	(9873,9787,'Ангрен'),
	(9874,9787,'Ахангаран'),
	(9875,9787,'Бакабад'),
	(9876,9787,'Бекабад'),
	(9877,9787,'Бука'),
	(9878,9787,'Газалкент'),
	(9879,9787,'Искандар'),
	(9880,9787,'Келес'),
	(9881,9787,'Паркент'),
	(9882,9787,'Пскент'),
	(9883,9787,'Сиджак'),
	(9884,9787,'Солдатский'),
	(9885,9787,'Ташкент'),
	(9886,9787,'Тойтепа'),
	(9887,9787,'Чиназ'),
	(9888,9787,'Чирчик'),
	(9889,9787,'Янгиабад'),
	(9890,9787,'Янгибазар'),
	(9891,9787,'Янгиюль'),
	(9893,9787,'Алтыарык'),
	(9894,9787,'Вуадиль'),
	(9895,9787,'Дангара'),
	(9896,9787,'Коканд'),
	(9897,9787,'Кува'),
	(9898,9787,'Кувасай'),
	(9899,9787,'Маргилан'),
	(9900,9787,'Учкуприк'),
	(9901,9787,'Фергана'),
	(9902,9787,'Язъяван'),
	(9903,9787,'Яйпан'),
	(9904,9787,'Янгикурган'),
	(9906,9787,'Ургенч'),
	(9907,9787,'Хива'),
	(9910,9908,'Бар'),
	(9911,9908,'Бершадь'),
	(9912,9908,'Браилов'),
	(9913,9908,'Брацлав'),
	(9914,9908,'Вапнярка'),
	(9915,9908,'Вендичаны'),
	(9916,9908,'Винница'),
	(9917,9908,'Вороновица'),
	(9918,9908,'Гайсин'),
	(9919,9908,'Гнивань'),
	(9920,9908,'Дашев'),
	(9921,9908,'Жмеринка'),
	(9922,9908,'Ильинцы'),
	(9923,9908,'Казатин'),
	(9924,9908,'Калиновка'),
	(9925,9908,'Крыжополь'),
	(9926,9908,'Липовец'),
	(9927,9908,'Литин'),
	(9928,9908,'Могилев-Подольский'),
	(9929,9908,'Мурованные Куриловцы'),
	(9930,9908,'Немиров'),
	(9931,9908,'Оратов'),
	(9932,9908,'Песчанка'),
	(9933,9908,'Погребище'),
	(9934,9908,'Теплик'),
	(9935,9908,'Томашполь'),
	(9936,9908,'Тростянец'),
	(9937,9908,'Тульчин'),
	(9938,9908,'Тывров'),
	(9939,9908,'Хмельник'),
	(9940,9908,'Чечельник'),
	(9941,9908,'Шаргород'),
	(9942,9908,'Ямполь'),
	(9944,9908,'Берестечко'),
	(9945,9908,'Владимир-Волынский'),
	(9946,9908,'Голобы'),
	(9947,9908,'Головно'),
	(9948,9908,'Горохов'),
	(9949,9908,'Заболотье'),
	(9950,9908,'Иваничи'),
	(9951,9908,'Камень-Каширский'),
	(9952,9908,'Киверцы'),
	(9953,9908,'Ковель'),
	(9954,9908,'Локачи'),
	(9955,9908,'Луцк'),
	(9956,9908,'Любешов'),
	(9957,9908,'Любомль'),
	(9958,9908,'Маневичи'),
	(9959,9908,'Нововолынск'),
	(9960,9908,'Ратно'),
	(9961,9908,'Рожище'),
	(9962,9908,'Старая Выжевка'),
	(9963,9908,'Турийск'),
	(9965,9908,'Апостолово'),
	(9966,9908,'Аулы'),
	(9967,9908,'Брагиновка'),
	(9968,9908,'Васильковка'),
	(9969,9908,'Верхнеднепровск'),
	(9970,9908,'Верховцево'),
	(9971,9908,'Вольногорск'),
	(9972,9908,'Гвардейское'),
	(9973,9908,'Горняцкое'),
	(9974,9908,'Губиниха'),
	(9975,9908,'Демурино'),
	(9976,9908,'Днепродзержинск'),
	(9977,9908,'Днепропетровск'),
	(9978,9908,'Желтые Воды'),
	(9979,9908,'Зализничное'),
	(9980,9908,'Зеленое'),
	(9981,9908,'Илларионово'),
	(9982,9908,'Ингулец'),
	(9983,9908,'Калинино'),
	(9984,9908,'Карнауховка'),
	(9985,9908,'Кривой Рог'),
	(9986,9908,'Кринички'),
	(9987,9908,'Магдалиновка'),
	(9988,9908,'Марганец'),
	(9989,9908,'Межевая'),
	(9990,9908,'Никополь'),
	(9991,9908,'Новомосковск'),
	(9992,9908,'Орджоникидзе'),
	(9993,9908,'Павлоград'),
	(4156678,9908,'Першотравенск'),
	(9994,9908,'Петропавловка'),
	(9995,9908,'Покровское'),
	(9996,9908,'Пятихатки'),
	(9997,9908,'Синельниково'),
	(9998,9908,'Софиевка'),
	(9999,9908,'Томаковка'),
	(10000,9908,'Царичанка'),
	(10001,9908,'Широкое'),
	(10003,9908,'Авдеевка'),
	(10004,9908,'Александровка'),
	(10005,9908,'Алексеево-Дружковка'),
	(10006,9908,'Амвросиевка'),
	(10007,9908,'Андреевка'),
	(10008,9908,'Артемово'),
	(10009,9908,'Артемовск'),
	(10010,9908,'Безыменное'),
	(10011,9908,'Беленькое'),
	(10012,9908,'Белицкое'),
	(10013,9908,'Благодатное'),
	(10014,9908,'Былбасовка'),
	(10015,9908,'Великая Новоселка'),
	(10016,9908,'Войковский'),
	(10017,9908,'Волноваха'),
	(10018,9908,'Володарское'),
	(10019,9908,'Гольмовский'),
	(10020,9908,'Горбачево-Михайловка'),
	(10021,9908,'Горловка'),
	(10022,9908,'Гродовка'),
	(10023,9908,'Грузско-Зорянское'),
	(10024,9908,'Дебальцево'),
	(10025,9908,'Дзержинск'),
	(10026,9908,'Димитров'),
	(10027,9908,'Доброполье'),
	(10028,9908,'Докучаевск'),
	(10029,9908,'Донецк'),
	(10030,9908,'Донецкая'),
	(10031,9908,'Донское'),
	(10032,9908,'Дробышево'),
	(10033,9908,'Дружковка'),
	(10034,9908,'Енакиево'),
	(10035,9908,'Жданов'),
	(10036,9908,'Желанное'),
	(10037,9908,'Зугрэс'),
	(10038,9908,'Зуевка'),
	(10039,9908,'Иловайск'),
	(10040,9908,'Карло-Либкнехтовск'),
	(10041,9908,'Карло-Марксово'),
	(10042,9908,'Кировск'),
	(10501179,9908,'Константиновка'),
	(10043,9908,'Краматорск'),
	(10044,9908,'Красноармейск'),
	(10045,9908,'Красный Лиман'),
	(10046,9908,'Макеевка'),
	(10047,9908,'Мариуполь'),
	(10048,9908,'Марьинка'),
	(10049,9908,'Новоазовск'),
	(10050,9908,'Новоэкономическое'),
	(10051,9908,'Першотравневое'),
	(10052,9908,'Селидово'),
	(10053,9908,'Славянск'),
	(10054,9908,'Снежное'),
	(10055,9908,'Старобешево'),
	(10056,9908,'Тельманово'),
	(10057,9908,'Торез'),
	(10058,9908,'Харцызск'),
	(10059,9908,'Шахтерск'),
	(10060,9908,'Ясиноватая'),
	(10062,9908,'Андрушевка'),
	(10063,9908,'Барановка'),
	(10064,9908,'Белая Криница'),
	(10065,9908,'Бердичев'),
	(10066,9908,'Броницкая Гута'),
	(10067,9908,'Брусилов'),
	(10068,9908,'Быковка'),
	(10069,9908,'Великие Коровинцы'),
	(10070,9908,'Володарск-Волынский'),
	(10071,9908,'Городница'),
	(10072,9908,'Гришковцы'),
	(10073,9908,'Дзержинск'),
	(10074,9908,'Довбыш'),
	(10075,9908,'Емильчино'),
	(10076,9908,'Житомир'),
	(10077,9908,'Иванополь'),
	(10078,9908,'Каменный Брод'),
	(10079,9908,'Коростень'),
	(10080,9908,'Коростышев'),
	(10081,9908,'Лугины'),
	(10082,9908,'Любар'),
	(10083,9908,'Малин'),
	(10084,9908,'Народичи'),
	(10085,9908,'Новоград-Волынский'),
	(10086,9908,'Овруч'),
	(10087,9908,'Олевск'),
	(10088,9908,'Попельня'),
	(10089,9908,'Радомышль'),
	(10090,9908,'Ружин'),
	(10091,9908,'Червоноармейск'),
	(10092,9908,'Черняхов'),
	(10093,9908,'Чуднов'),
	(10095,9908,'Берегово'),
	(10096,9908,'Буштына'),
	(10097,9908,'Великий Березный'),
	(10098,9908,'Великий Бычков'),
	(10099,9908,'Виноградов'),
	(10100,9908,'Воловец'),
	(10101,9908,'Иршава'),
	(10102,9908,'Межгорье'),
	(10103,9908,'Мукачево'),
	(10104,9908,'Перечин'),
	(10105,9908,'Рахов'),
	(10106,9908,'Свалява'),
	(10107,9908,'Тячев'),
	(10108,9908,'Ужгород'),
	(10109,9908,'Хуст'),
	(10110,9908,'Чоп'),
	(10112,9908,'Акимовка'),
	(10113,9908,'Андреевка'),
	(10114,9908,'Балабино'),
	(10115,9908,'Бердянск'),
	(10116,9908,'Васильевка'),
	(10117,9908,'Веселое'),
	(10118,9908,'Гуляйполе'),
	(10119,9908,'Запорожье'),
	(10120,9908,'Каменка-Днепровская'),
	(10121,9908,'Каменное'),
	(10122,9908,'Камыш-Заря'),
	(10123,9908,'Куйбышево'),
	(10124,9908,'Мелитополь'),
	(10125,9908,'Михайловка'),
	(10126,9908,'Новониколаевка'),
	(10127,9908,'Орехов'),
	(10128,9908,'Пологи'),
	(10129,9908,'Приазовское'),
	(10130,9908,'Приморск'),
	(10131,9908,'Токмак'),
	(10132,9908,'Черниговка'),
	(2724870,9908,'Энергодар'),
	(10134,9908,'Богородчаны'),
	(10135,9908,'Болехов'),
	(10136,9908,'Болшовцы'),
	(10137,9908,'Брошнев-Осада'),
	(10138,9908,'Букачевцы'),
	(10139,9908,'Бурштын'),
	(10140,9908,'Бытков'),
	(10141,9908,'Верховина'),
	(10142,9908,'Войнилов'),
	(10143,9908,'Ворохта'),
	(10144,9908,'Выгода'),
	(10145,9908,'Галич'),
	(10146,9908,'Гвоздец'),
	(10147,9908,'Городенка'),
	(10148,9908,'Делятин'),
	(10149,9908,'Жовтень'),
	(10150,9908,'Заболотов'),
	(10151,9908,'Ивано-Франковск'),
	(10152,9908,'Калуж'),
	(10153,9908,'Калуш'),
	(10154,9908,'Коломыя'),
	(10155,9908,'Косов'),
	(10156,9908,'Надворна'),
	(10157,9908,'Надворная'),
	(10158,9908,'Рогатин'),
	(10159,9908,'Рожнятов'),
	(10160,9908,'Снятын'),
	(10161,9908,'Станиславов'),
	(10162,9908,'Тлумач'),
	(10163,9908,'Тысменица'),
	(10164,9908,'Яремча'),
	(10166,9908,'Барышевка'),
	(10167,9908,'Белая Церковь'),
	(10168,9908,'Березань'),
	(10169,9908,'Богуслав'),
	(10170,9908,'Борисполь'),
	(10171,9908,'Боровая'),
	(10172,9908,'Бородянка'),
	(10499792,9908,'Боярка'),
	(10173,9908,'Бровары'),
	(10174,9908,'Васильков'),
	(10175,9908,'Володарка'),
	(10176,9908,'Ворзель'),
	(7720010,9908,'Вышгород'),
	(10177,9908,'Гребенки'),
	(10178,9908,'Дымер'),
	(10179,9908,'Згуровка'),
	(10180,9908,'Иванков'),
	(10181,9908,'Ирпень'),
	(10182,9908,'Кагарлык'),
	(10183,9908,'Калиновка'),
	(10184,9908,'Киев'),
	(10185,9908,'Киевская'),
	(10186,9908,'Кодра'),
	(10187,9908,'Кожанка'),
	(10188,9908,'Козин'),
	(10189,9908,'Макаров'),
	(10190,9908,'Обухов'),
	(10191,9908,'Переяслав-Хмельницкий'),
	(10192,9908,'Полесское'),
	(10193,9908,'Ракитное'),
	(10194,9908,'Сквира'),
	(4691664,9908,'Славутич'),
	(10195,9908,'Ставище'),
	(10196,9908,'Тараща'),
	(10197,9908,'Тетиев'),
	(10198,9908,'Фастов'),
	(10199,9908,'Чернобыль'),
	(10200,9908,'Яготин'),
	(10202,9908,'Алексадровка'),
	(10203,9908,'Александрия'),
	(10204,9908,'Бобринец'),
	(10205,9908,'Гайворон'),
	(10206,9908,'Голованевск'),
	(10207,9908,'Добровеличковка'),
	(10208,9908,'Долинская'),
	(10209,9908,'Елизаветградка'),
	(10210,9908,'Завалье'),
	(10211,9908,'Знаменка'),
	(10212,9908,'Знаменка-Вторая'),
	(10213,9908,'Капитановка'),
	(10214,9908,'Кировоград'),
	(10215,9908,'Компанеевка'),
	(10216,9908,'Малая Виска'),
	(10217,9908,'Новгородка'),
	(10218,9908,'Новоархангельск'),
	(10219,9908,'Новомиргород'),
	(10220,9908,'Новоукраинка'),
	(10221,9908,'Ольшанка'),
	(10222,9908,'Онуфриевка'),
	(10223,9908,'Петрово'),
	(10224,9908,'Светловодск'),
	(10225,9908,'Ульяновка'),
	(10226,9908,'Устиновка'),
	(10228,9908,'Азовское'),
	(10229,9908,'Алупка'),
	(10230,9908,'Алушта'),
	(10501749,9908,'Армянск'),
	(10231,9908,'Багерово'),
	(10232,9908,'Балаклава'),
	(10233,9908,'Бахчисарай'),
	(10234,9908,'Белогорск'),
	(10235,9908,'Гаспра'),
	(10236,9908,'Гвардейское'),
	(10237,9908,'Гурзуф'),
	(10238,9908,'Джанкой'),
	(10239,9908,'Евпатория'),
	(10240,9908,'Зуя'),
	(10241,9908,'Керчь'),
	(10242,9908,'Кировское'),
	(10243,9908,'Красногвардейское'),
	(10244,9908,'Красноперекопск'),
	(10245,9908,'Ленино'),
	(10246,9908,'Массандра'),
	(10247,9908,'Нижнегорский'),
	(10248,9908,'Первомайское'),
	(10249,9908,'Раздольное'),
	(10250,9908,'Саки'),
	(10251,9908,'Севастополь'),
	(10252,9908,'Симферополь'),
	(10253,9908,'Советский'),
	(10254,9908,'Судак'),
	(10255,9908,'Феодосия'),
	(10256,9908,'Форос'),
	(10257,9908,'Черноморское'),
	(5908510,9908,'Щёлкино'),
	(10258,9908,'Ялта'),
	(10260,9908,'Алексадровск'),
	(10261,9908,'Алчевск'),
	(10262,9908,'Антрацит'),
	(10263,9908,'Артемовск'),
	(10264,9908,'Байрачки'),
	(10265,9908,'Беловодск'),
	(10266,9908,'Белогоровка'),
	(10267,9908,'Белое'),
	(10268,9908,'Белокуракино'),
	(10269,9908,'Белолуцк'),
	(10270,9908,'Бирюково'),
	(10271,9908,'Боково-Платово'),
	(10272,9908,'Боровское'),
	(10273,9908,'Брянка'),
	(10274,9908,'Бугаевка'),
	(10275,9908,'Вахрушево'),
	(10276,9908,'Великий Лог'),
	(10277,9908,'Вергулевка'),
	(10278,9908,'Володарск'),
	(10279,9908,'Волчеяровка'),
	(10280,9908,'Ворошиловград'),
	(10281,9908,'Врубовка'),
	(10282,9908,'Врубовский'),
	(10283,9908,'Георгиевка'),
	(10284,9908,'Горское'),
	(10285,9908,'Есауловка'),
	(10286,9908,'Зимогорье'),
	(10287,9908,'Золотое'),
	(10288,9908,'Зоринск'),
	(10289,9908,'Изварино'),
	(10290,9908,'Калининский'),
	(10291,9908,'Калиново'),
	(10292,9908,'Камышеваха'),
	(10293,9908,'Кировск'),
	(10294,9908,'Коммунарск'),
	(10295,9908,'Краснодон'),
	(10296,9908,'Красный Луч'),
	(10297,9908,'Кременная'),
	(10298,9908,'Лисичанск'),
	(10299,9908,'Луганск'),
	(10300,9908,'Лутугино'),
	(10301,9908,'Марковка'),
	(10302,9908,'Меловое'),
	(10303,9908,'Новоайдар'),
	(10304,9908,'Новопсков'),
	(10305,9908,'Первомайск'),
	(10306,9908,'Перевальск'),
	(10307,9908,'Попасная'),
	(10308,9908,'Ровеньки'),
	(10309,9908,'Рубежное'),
	(10310,9908,'Сватово'),
	(10311,9908,'Свердловск'),
	(10312,9908,'Северодонецк'),
	(10313,9908,'Славяносербск'),
	(10314,9908,'Станично-Луганское'),
	(10315,9908,'Старобельск'),
	(10316,9908,'Стаханов'),
	(10317,9908,'Троицкое'),
	(10319,9908,'Белз'),
	(10320,9908,'Бобрка'),
	(10321,9908,'Борислав'),
	(10322,9908,'Броды'),
	(10323,9908,'Буск'),
	(10324,9908,'Великие Мосты'),
	(10325,9908,'Верхнее Синевидное'),
	(10326,9908,'Винники'),
	(10327,9908,'Глиняны'),
	(10328,9908,'Горняк'),
	(10329,9908,'Дашава'),
	(10330,9908,'Добротвор'),
	(10331,9908,'Дрогобыч'),
	(10332,9908,'Жидачов'),
	(10333,9908,'Жолкиев'),
	(10334,9908,'Золочев'),
	(10335,9908,'Ивано-Франково'),
	(10336,9908,'Каменка-Бугская'),
	(10337,9908,'Львов'),
	(10338,9908,'Мостиска'),
	(10339,9908,'Нестеров'),
	(10340,9908,'Николаев'),
	(10341,9908,'Перемышляны'),
	(10342,9908,'Пустомыты'),
	(10343,9908,'Рава Русская'),
	(10344,9908,'Радехов'),
	(10345,9908,'Самбор'),
	(10346,9908,'Сколе'),
	(10347,9908,'Сокаль'),
	(10348,9908,'Старый Самбор'),
	(10349,9908,'Стрый'),
	(10350,9908,'Трускавец'),
	(10351,9908,'Турка'),
	(10352,9908,'Червоноград'),
	(10353,9908,'Яворов'),
	(10355,9908,'Александровка'),
	(10356,9908,'Арбузинка'),
	(10357,9908,'Баштанка'),
	(10358,9908,'Березнеговатое'),
	(10359,9908,'Братское'),
	(10360,9908,'Великая Корениха'),
	(10361,9908,'Веселиново'),
	(10362,9908,'Вознесенск'),
	(10363,9908,'Доманевка'),
	(10364,9908,'Еланец'),
	(10365,9908,'Казанка'),
	(10366,9908,'Кривое Озеро'),
	(10367,9908,'Николаев'),
	(10368,9908,'Новая Одесса'),
	(10369,9908,'Новый Буг'),
	(10370,9908,'Очаков'),
	(10371,9908,'Первомайск'),
	(10372,9908,'Снигиревка'),
	(3845619,9908,'Южноукраинск'),
	(10374,9908,'Аккерман'),
	(10375,9908,'Ананьев'),
	(10376,9908,'Арциз'),
	(10377,9908,'Балта'),
	(10378,9908,'Белгород-Днестровский'),
	(10379,9908,'Беляевка'),
	(10380,9908,'Березино'),
	(10381,9908,'Березовка'),
	(10382,9908,'Болград'),
	(10383,9908,'Бородино'),
	(10384,9908,'Великая Михайловка'),
	(10385,9908,'Великодолининское'),
	(10386,9908,'Вилково'),
	(10387,9908,'Затишье'),
	(10388,9908,'Измаил'),
	(10389,9908,'Ильичевск'),
	(10390,9908,'Килия'),
	(10391,9908,'Кодыма'),
	(10392,9908,'Коминтерновское'),
	(10393,9908,'Котовск'),
	(10394,9908,'Красные Окны'),
	(10395,9908,'Любашевка'),
	(10396,9908,'Николаевка'),
	(10397,9908,'Овидиополь'),
	(10398,9908,'Одесса'),
	(10399,9908,'Раздельная'),
	(10400,9908,'Рени'),
	(10401,9908,'Саврань'),
	(10402,9908,'Сарата'),
	(10403,9908,'Тарутино'),
	(10404,9908,'Татарбунары'),
	(10405,9908,'Фрунзовка'),
	(10406,9908,'Ширяево'),
	(12370062,9908,'Южный'),
	(10408,9908,'Белики'),
	(10409,9908,'Великая Багачка'),
	(10410,9908,'Гадяч'),
	(10411,9908,'Глобино'),
	(10412,9908,'Гоголево'),
	(10413,9908,'Градижск'),
	(10414,9908,'Гребенка'),
	(10415,9908,'Диканька'),
	(10416,9908,'Зеньков'),
	(10417,9908,'Карловка'),
	(10418,9908,'Кобеляки'),
	(10419,9908,'Козельщина'),
	(11563592,9908,'Комсомольск'),
	(10420,9908,'Котельва'),
	(10421,9908,'Кременчуг'),
	(10422,9908,'Лохвица'),
	(10423,9908,'Лубны'),
	(10424,9908,'Машевка'),
	(10425,9908,'Миргород'),
	(10426,9908,'Новые Санжары'),
	(10427,9908,'Оржица'),
	(10428,9908,'Пирянтин'),
	(10429,9908,'Пирятин'),
	(10430,9908,'Полтава'),
	(10431,9908,'Решетиловка'),
	(10432,9908,'Семеновка'),
	(10433,9908,'Хорол'),
	(10434,9908,'Чернухи'),
	(10435,9908,'Чутово'),
	(10436,9908,'Шишаки'),
	(10438,9908,'Владимирец'),
	(10439,9908,'Гоща'),
	(10440,9908,'Демидовка'),
	(10441,9908,'Дубно'),
	(10442,9908,'Дубровица'),
	(10443,9908,'Заречное'),
	(10444,9908,'Здолбунов'),
	(10445,9908,'Клевань'),
	(10446,9908,'Клесов'),
	(10447,9908,'Корец'),
	(10448,9908,'Костополь'),
	(10449,9908,'Кузнецовск'),
	(10450,9908,'Млинов'),
	(10451,9908,'Острог'),
	(10452,9908,'Ровно'),
	(10453,9908,'Сарны'),
	(10454,9908,'Червоноармейск'),
	(10456,9908,'Ахтырка'),
	(10457,9908,'Белополье'),
	(10458,9908,'Бурынь'),
	(10459,9908,'Великая Писаревка'),
	(10460,9908,'Ворожба'),
	(10461,9908,'Воронеж'),
	(10462,9908,'Глухов'),
	(10463,9908,'Дружба'),
	(10464,9908,'Знобь-Новгородское'),
	(10465,9908,'Кириковка'),
	(10466,9908,'Конотоп'),
	(10467,9908,'Краснополье'),
	(10468,9908,'Кровелец'),
	(10469,9908,'Лебедин'),
	(10470,9908,'Липовая Долина'),
	(10471,9908,'Недригайлов'),
	(10472,9908,'Путивль'),
	(10473,9908,'Ромны'),
	(10474,9908,'Середина-Буда'),
	(10475,9908,'Сумы'),
	(10476,9908,'Тростянец'),
	(10477,9908,'Шостка'),
	(10478,9908,'Шурупинское'),
	(10479,9908,'Ямполь'),
	(10481,9908,'Бережаны'),
	(10482,9908,'Борщев'),
	(10483,9908,'Бучач'),
	(10484,9908,'Великие Борки'),
	(10485,9908,'Вишневец'),
	(10486,9908,'Гримайлов'),
	(10487,9908,'Гусятин'),
	(10488,9908,'Залещики'),
	(10489,9908,'Заложцы'),
	(10490,9908,'Збараж'),
	(10491,9908,'Зборов'),
	(10492,9908,'Золотники'),
	(10493,9908,'Золотойпоток'),
	(10494,9908,'Козлов'),
	(10495,9908,'Козова'),
	(10496,9908,'Кременец'),
	(10497,9908,'Лановцы'),
	(10498,9908,'Монастыриска'),
	(10499,9908,'Подволочиск'),
	(10500,9908,'Теребовля'),
	(10501,9908,'Тернополь'),
	(10502,9908,'Чортков'),
	(10503,9908,'Шумское'),
	(278068,9908,'Армянск'),
	(278069,9908,'Артек'),
	(278070,9908,'Береговое'),
	(278071,9908,'Ботаническое'),
	(278072,9908,'Кастрополь'),
	(278073,9908,'Кацивели'),
	(278074,9908,'Кореиз'),
	(278075,9908,'Красногвардейск'),
	(278076,9908,'Краснокаменка'),
	(278077,9908,'Курпаты'),
	(278078,9908,'Ливадия'),
	(278079,9908,'Мисхор'),
	(278080,9908,'Олива'),
	(278081,9908,'Оползневое'),
	(278082,9908,'Парковое'),
	(278083,9908,'Понизовка'),
	(278084,9908,'Санаторное'),
	(278085,9908,'Симеиз'),
	(10505,9908,'Балаклея'),
	(10506,9908,'Барвенково'),
	(10507,9908,'Близнюки'),
	(10508,9908,'Богодухов'),
	(10509,9908,'Борки'),
	(10510,9908,'Боровая'),
	(10511,9908,'Буды'),
	(10512,9908,'Валки'),
	(10513,9908,'Великий Бурлук'),
	(10514,9908,'Волчанск'),
	(10515,9908,'Готвальд'),
	(10516,9908,'Гуты'),
	(10517,9908,'Дергачи'),
	(10518,9908,'Зачепиловка'),
	(10519,9908,'Зидьки'),
	(10520,9908,'Золочев'),
	(10521,9908,'Изюм'),
	(10522,9908,'Казачья Лопань'),
	(10523,9908,'Кегичевка'),
	(10524,9908,'Красноград'),
	(10525,9908,'Краснокутск'),
	(10526,9908,'Купянск'),
	(10527,9908,'Лозовая'),
	(10528,9908,'Люботин'),
	(7719220,9908,'Мерефа'),
	(10529,9908,'Новая Водолага'),
	(10530,9908,'Первомайский'),
	(7719232,9908,'Песочин'),
	(10531,9908,'Сахновщина'),
	(10532,9908,'Харьков'),
	(10533,9908,'Чугуев'),
	(10534,9908,'Шевченково'),
	(10536,9908,'Аскания-Нова'),
	(10537,9908,'Белая Криница'),
	(10538,9908,'Белозерка'),
	(10539,9908,'Берислав'),
	(10540,9908,'Великая Александровка'),
	(10541,9908,'Великая Лепетиха'),
	(10542,9908,'Верхний Рогачик'),
	(10543,9908,'Высокополье'),
	(10544,9908,'Геническ'),
	(10545,9908,'Голая Пристань'),
	(10546,9908,'Горностаевка'),
	(10547,9908,'Днепряны'),
	(10548,9908,'Каланчак'),
	(10549,9908,'Калининское'),
	(10550,9908,'Каховка'),
	(10551,9908,'Нижние Серогозы'),
	(10552,9908,'Новая Каховка'),
	(10553,9908,'Нововоронцовка'),
	(10554,9908,'Новотроицкое'),
	(10555,9908,'Скадовск'),
	(10556,9908,'Херсон'),
	(10557,9908,'Цюрупинск'),
	(10558,9908,'Чаплинка'),
	(10560,9908,'Антонины'),
	(10561,9908,'Базалия'),
	(10562,9908,'Белогорье'),
	(10563,9908,'Виньковцы'),
	(10564,9908,'Волочиск'),
	(10565,9908,'Городок'),
	(10566,9908,'Грицев'),
	(10567,9908,'Деражня'),
	(10568,9908,'Дунаевцы'),
	(10569,9908,'Изяслав'),
	(10570,9908,'Каменец-Подольский'),
	(10571,9908,'Красилов'),
	(10572,9908,'Летичев'),
	(2191338,9908,'Нетешин'),
	(10573,9908,'Новая Ушица'),
	(10574,9908,'Полонное'),
	(10575,9908,'Славута'),
	(10576,9908,'Старая Синява'),
	(10577,9908,'Староконстантинов'),
	(10578,9908,'Теофиполь'),
	(10579,9908,'Хмельницкий'),
	(10580,9908,'Чемеровцы'),
	(10581,9908,'Шепетовка'),
	(10582,9908,'Ярмолинцы'),
	(10584,9908,'Ватутино'),
	(10585,9908,'Городище'),
	(10586,9908,'Драбов'),
	(10587,9908,'Ерки'),
	(10588,9908,'Жашков'),
	(10589,9908,'Зараевск'),
	(10590,9908,'Звенигородка'),
	(10591,9908,'Золотоноша'),
	(10592,9908,'Ирдынь'),
	(10593,9908,'Каменка'),
	(10594,9908,'Катеринополь'),
	(10595,9908,'Корсунь-Шевченковский'),
	(10596,9908,'Лысянка'),
	(10597,9908,'Маньковка'),
	(10598,9908,'Монастырище'),
	(10599,9908,'Смела'),
	(10600,9908,'Тальное'),
	(10601,9908,'Умань'),
	(10602,9908,'Христиновка'),
	(10603,9908,'Черкассы'),
	(10604,9908,'Чернобай'),
	(10605,9908,'Чигирин'),
	(10606,9908,'Шпола'),
	(10608,9908,'Батурин'),
	(10609,9908,'Бахмач'),
	(10610,9908,'Березна'),
	(10611,9908,'Бобровица'),
	(10612,9908,'Борзна'),
	(10613,9908,'Варва'),
	(10614,9908,'Вертиевка'),
	(10615,9908,'Городня'),
	(10616,9908,'Замглай'),
	(10617,9908,'Ичня'),
	(10618,9908,'Козелец'),
	(10619,9908,'Короп'),
	(10620,9908,'Корюковка'),
	(10621,9908,'Куликовка'),
	(10622,9908,'Мена'),
	(10623,9908,'Нежин'),
	(10624,9908,'Новгород Северский'),
	(10625,9908,'Носовка'),
	(10626,9908,'Прилуки'),
	(10627,9908,'Репки'),
	(10628,9908,'Семеновка'),
	(10629,9908,'Сосница'),
	(10630,9908,'Талалаевка'),
	(10631,9908,'Чернигов'),
	(10632,9908,'Щорс'),
	(10634,9908,'Берегомет'),
	(10635,9908,'Вашковцы'),
	(10636,9908,'Вижница'),
	(10637,9908,'Герца'),
	(10638,9908,'Глыбокая'),
	(10639,9908,'Заставна'),
	(10640,9908,'Кельменцы'),
	(10641,9908,'Кицмань'),
	(10642,9908,'Новоселица'),
	(10643,9908,'Путила'),
	(10644,9908,'Сокиряны'),
	(10645,9908,'Сторожинец'),
	(10646,9908,'Хотин'),
	(10647,9908,'Черновцы'),
	(10650,10648,'Лаппеенранта'),
	(2713541,10648,'Kouvola'),
	(10652,10648,'Лахти'),
	(10654,10648,'Вааса'),
	(5640417,10648,'Joensuu'),
	(10656,10648,'Оулу'),
	(10658,10648,'Куопио'),
	(10660,10648,'Пори'),
	(10662,10648,'Турку'),
	(10664,10648,'Ийваскила'),
	(10666,10648,'Хельсинки'),
	(10667,10648,'Эспоо'),
	(278115,10648,'Васа'),
	(278144,10648,'Ивало'),
	(278145,10648,'Иломантси'),
	(4049790,10648,'Иматра'),
	(278164,10648,'Котка'),
	(278184,10648,'Миккели'),
	(278187,10648,'Муонио'),
	(278199,10648,'Пелло'),
	(278217,10648,'Рованиеми'),
	(278234,10648,'Суомисалми'),
	(278236,10648,'Тампере'),
	(10670,10668,'Сен-Брие'),
	(10672,10668,'Montluзon'),
	(10674,10668,'Гап'),
	(10676,10668,'Антибе'),
	(10677,10668,'Канны'),
	(10678,10668,'Ницца'),
	(10680,10668,'Шарлевиль'),
	(10682,10668,'Бельфор'),
	(10684,10668,'А-ен-Провенс'),
	(10685,10668,'Марсель'),
	(10687,10668,'Аргентоль'),
	(10689,10668,'Виллежюи'),
	(10690,10668,'Винсенне'),
	(10691,10668,'Витри'),
	(10692,10668,'Иври'),
	(10693,10668,'Кретейл'),
	(10694,10668,'Маисон-Альфорт'),
	(10695,10668,'Сен-Мар-дес-Фоссе'),
	(10696,10668,'Фонтеней-су-Буа'),
	(10697,10668,'Чойси-ле-Руа'),
	(10698,10668,'Шампини-сюр-Мар'),
	(10700,10668,'Ла-Сен-сюр-Мер'),
	(10701,10668,'Тулон'),
	(10703,10668,'Эпиналь'),
	(10705,10668,'Авиньон'),
	(10707,10668,'Пуатье'),
	(10709,10668,'Лимож'),
	(10711,10668,'Ним'),
	(10713,10668,'Тулуза'),
	(10715,10668,'Ньор'),
	(10717,10668,'Валенс'),
	(10718,10668,'Монтелимар'),
	(10720,10668,'Безансон'),
	(10722,10668,'Бордо'),
	(10724,10668,'Версаль'),
	(10726,10668,'Ренн'),
	(10727,10668,'Сант-Мало'),
	(10729,10668,'Бриве-ла-Жилларде'),
	(10731,10668,'Бастия'),
	(10733,10668,'Аяччо'),
	(10735,10668,'Дижон'),
	(10737,10668,'Мон-де-Марсан'),
	(10739,10668,'Ажен'),
	(10741,10668,'Манд'),
	(10743,10668,'Блоис'),
	(10745,10668,'Руанн'),
	(10746,10668,'Сен-Этьен'),
	(10748,10668,'Нант'),
	(10749,10668,'Сен-Назар'),
	(10751,10668,'Ле-Пюи'),
	(10753,10668,'Орлеан'),
	(10763,10668,'Нанси'),
	(10755,10668,'Лаваль'),
	(10757,10668,'Реймс'),
	(10758,10668,'Шалон-сюр-Мар'),
	(10760,10668,'Анже'),
	(10761,10668,'Чолет'),
	(10765,10668,'Мец'),
	(10767,10668,'Лорьент'),
	(10769,10668,'Валенсинье'),
	(10770,10668,'Дуа'),
	(10771,10668,'Лилль'),
	(10772,10668,'Рубо'),
	(10773,10668,'Туркуа'),
	(10775,10668,'Невер'),
	(10777,10668,'Антони'),
	(10778,10668,'Асньер'),
	(10779,10668,'Булонь-Билланкур'),
	(10780,10668,'Женневилльер'),
	(10781,10668,'Исси-ле-Мулино'),
	(10782,10668,'Кламарт'),
	(10783,10668,'Кличи'),
	(10784,10668,'Коломбес'),
	(10785,10668,'Курбеву'),
	(10786,10668,'Левальлуи-Перре'),
	(10787,10668,'Монпелье'),
	(10788,10668,'Монтруж'),
	(10789,10668,'Нантерре'),
	(10790,10668,'Нюилли-сюр-Сен'),
	(10791,10668,'Руэль-Мальмасон'),
	(10792,10668,'Сет'),
	(10793,10668,'Суреснес'),
	(10795,10668,'Труа'),
	(10797,10668,'Каркассон'),
	(10799,10668,'Алансон'),
	(10801,10668,'Аррас'),
	(10802,10668,'Бруа-эн-Арто'),
	(10803,10668,'Ленс'),
	(10805,10668,'Париж'),
	(10807,10668,'Байонна'),
	(10808,10668,'По'),
	(10810,10668,'Тарб'),
	(10812,10668,'Перпиньян'),
	(10814,10668,'Колмар'),
	(10815,10668,'Мулхаузен'),
	(10816,10668,'Мулхаус'),
	(10818,10668,'Страсбург'),
	(10820,10668,'Вениссо'),
	(10821,10668,'Виллеурбанн'),
	(10822,10668,'Лион'),
	(10824,10668,'Шамбери'),
	(10826,10668,'Аннеси'),
	(10828,10668,'Ле-Ман'),
	(10830,10668,'Бобини'),
	(10831,10668,'Бонди'),
	(10832,10668,'Дранси'),
	(10833,10668,'Ла-Курнье'),
	(10834,10668,'Ле-Бланк-Меснил'),
	(10835,10668,'Монтреуил'),
	(10836,10668,'Обервилье'),
	(10837,10668,'Ольни-су-Буа'),
	(10838,10668,'Пантин'),
	(10839,10668,'Сен-Дени'),
	(10840,10668,'Эпини-сюр-Сен'),
	(10842,10668,'Гавр'),
	(10843,10668,'Руан'),
	(10845,10668,'Амьен'),
	(10847,10668,'Макон'),
	(10848,10668,'Шалон-сур-Сон'),
	(10850,10668,'Альби'),
	(10852,10668,'Бювэ'),
	(10854,10668,'Брест'),
	(10855,10668,'Кемпер'),
	(278136,10668,'Дюнкерк'),
	(278183,10668,'Мерибель'),
	(278270,10668,'Шамони'),
	(10857,10668,'Ангулем'),
	(10859,10668,'Ла-Рошель'),
	(10861,10668,'Бурже'),
	(10863,10668,'Сен-Квентин'),
	(10865,10668,'Шатору'),
	(10867,10668,'Тур'),
	(10869,10668,'Гренобль'),
	(10871,10668,'Безье'),
	(10873,10668,'Эвре'),
	(278127,277553,'Госпич'),
	(278135,277553,'Дубровник'),
	(278138,277553,'Загреб'),
	(278215,277553,'Риека'),
	(278230,277553,'Славонский Брод'),
	(278233,277553,'Сплит'),
	(278266,277553,'Хвар'),
	(278271,277553,'Шибеник'),
	(10876,10874,'Чешке-Будейовице'),
	(10878,10874,'Брно'),
	(10880,10874,'Карловы Вары'),
	(10882,10874,'Храдец-Кралове'),
	(10884,10874,'Либерец'),
	(10885,10874,'Яблонец-над-Нисой'),
	(10887,10874,'Карвина'),
	(10888,10874,'Опава'),
	(10889,10874,'Острава'),
	(10890,10874,'Фрыдек-Мистек'),
	(10891,10874,'Хавиров'),
	(10893,10874,'Оломоук'),
	(10894,10874,'Преров'),
	(10895,10874,'Простеёв'),
	(10897,10874,'Кладно'),
	(10899,10874,'Дечин'),
	(10900,10874,'Мост'),
	(10901,10874,'Теплик'),
	(10902,10874,'Усти-над-Лабем'),
	(10903,10874,'Чомутов'),
	(278151,10874,'Карлови-Вари'),
	(278198,10874,'Пардубице'),
	(278206,10874,'Пльзень'),
	(278209,10874,'Прага'),
	(2412951,582031,'Сантьяго'),
	(10906,10904,'Аарау'),
	(10907,10904,'Баден'),
	(10909,10904,'Базель'),
	(10911,10904,'Берн'),
	(10912,10904,'Кониц'),
	(10913,10904,'Тун'),
	(10915,10904,'Лозанна'),
	(10917,10904,'Женева'),
	(10919,10904,'Солотурн'),
	(10921,10904,'Люцерн'),
	(10923,10904,'Ла-Шо-Де-Фонд'),
	(10924,10904,'Ньюшатель'),
	(10926,10904,'Лугано'),
	(10928,10904,'Фрейбург'),
	(10929,10904,'Фрибург'),
	(10931,10904,'Винтертур'),
	(10932,10904,'Цюрих'),
	(278112,10904,'Вайсенбург'),
	(278176,10904,'Локарно'),
	(7720744,10904,'Санкт-Галлен'),
	(10935,10933,'Лунд'),
	(10936,10933,'Мальмё'),
	(10937,10933,'Хельсингборг'),
	(10939,10933,'Борас'),
	(10940,10933,'Гетеборг'),
	(10941,10933,'Троллхаттан'),
	(10943,10933,'Карлстад'),
	(10945,10933,'Уми'),
	(10947,10933,'Сундсваль'),
	(10949,10933,'Вастерас'),
	(10951,10933,'Гавл'),
	(10953,10933,'Эстерсунд'),
	(10955,10933,'Йонкопинг'),
	(10499434,10933,'Кируна'),
	(4778019,10933,'Хапаранда'),
	(10505313,10933,'Еребру'),
	(10957,10933,'Эскилстуна'),
	(10959,10933,'Содерталье'),
	(10960,10933,'Сольна'),
	(10961,10933,'Стокгольм'),
	(10963,10933,'Уппсала'),
	(10965,10933,'Хельмстад'),
	(278108,10933,'Бурлэнге'),
	(278177,10933,'Лулеа'),
	(278180,10933,'Малунг'),
	(278223,10933,'Свег'),
	(278252,10933,'Упсала'),
	(10967,10933,'Линкопинг'),
	(7719915,582064,'Кито'),
	(10970,10968,'Абья-Палуоя'),
	(5700918,10968,'Азери'),
	(10971,10968,'Антсла'),
	(10972,10968,'Валга'),
	(10973,10968,'Васкнарва'),
	(10974,10968,'Вильянди'),
	(10975,10968,'Выру'),
	(10976,10968,'Йыгева'),
	(10977,10968,'Калласте'),
	(10978,10968,'Кейла'),
	(10979,10968,'Кехра'),
	(10980,10968,'Кивиыли'),
	(10981,10968,'Килинги'),
	(10982,10968,'Килинги-Нымме'),
	(10983,10968,'Кингисепп'),
	(10984,10968,'Кохтла-Ярве'),
	(1920542,10968,'Куресааре'),
	(10985,10968,'Кярдла'),
	(10986,10968,'Муствээ'),
	(10987,10968,'Мыйзакюла'),
	(10988,10968,'Нарва'),
	(10989,10968,'Пайде'),
	(4696311,10968,'Палдиски'),
	(4697440,10968,'Палдиски'),
	(10990,10968,'Пылтсамаа'),
	(10991,10968,'Пярну'),
	(10992,10968,'Раквере'),
	(10993,10968,'Рапла'),
	(10994,10968,'Силламяэ'),
	(10995,10968,'Сууре-Яани'),
	(278087,10968,'Таллинн'),
	(10997,10968,'Тапа'),
	(10998,10968,'Тарту'),
	(10999,10968,'Тырва'),
	(11000,10968,'Хаапсалу'),
	(11001,10968,'Эльва'),
	(3661609,3661568,'Йоханесбург'),
	(11004,11002,'Зренянин'),
	(11005,11002,'Нови-Сад'),
	(11006,11002,'Панцево'),
	(11007,11002,'Суботица'),
	(11009,11002,'Приштина'),
	(11011,11002,'Белград'),
	(11012,11002,'Крагуевач'),
	(11013,11002,'Нис'),
	(278089,11002,'Ада'),
	(278117,11002,'Вране'),
	(278119,11002,'Вршац'),
	(278131,11002,'Димитровград'),
	(278155,11002,'Кикинда'),
	(278158,11002,'Колашин'),
	(278169,11002,'Крушевац'),
	(278194,11002,'Ниш'),
	(278202,11002,'Печ'),
	(278204,11002,'Плевля'),
	(278210,11002,'Призрен'),
	(278231,11002,'Сомбор'),
	(278235,11002,'Сьеница'),
	(278240,11002,'Тиват'),
	(278250,11002,'Улцинь'),
	(11016,11014,'Чею'),
	(11018,11014,'Кунсан'),
	(11019,11014,'Намвон'),
	(11021,11014,'Йосу'),
	(11022,11014,'Мокп`о'),
	(11023,11014,'Чечон'),
	(11025,11014,'Чонгжу'),
	(11026,11014,'Чунгжу'),
	(11028,11014,'Ч`онан'),
	(11030,11014,'Инчхон'),
	(11032,11014,'Вонжу'),
	(11033,11014,'Кангнунг'),
	(11034,11014,'Чунчон'),
	(11036,11014,'Кванчжу'),
	(11038,11014,'Йонгжу'),
	(11039,11014,'Сувон'),
	(11041,11014,'Андонг'),
	(11042,11014,'Кионгджу'),
	(11043,11014,'П`оханг'),
	(11044,11014,'Сангю'),
	(11046,11014,'Масан'),
	(11047,11014,'Мирианг'),
	(11048,11014,'Чинхэ'),
	(11049,11014,'Чиню'),
	(11051,11014,'Пусан'),
	(11053,11014,'Сеул'),
	(11055,11014,'Тэгу'),
	(11057,11014,'Тэджон'),
	(11059,11014,'Ульсан'),
	(15789520,582106,'Кингстон'),
	(11062,11060,'Ичиномия'),
	(11063,11060,'Касугаи'),
	(11064,11060,'Нагоиа'),
	(11065,11060,'Оказаки'),
	(11066,11060,'Тойота'),
	(11067,11060,'Тойохаши'),
	(11069,11060,'Акита'),
	(11070,11060,'Иокот'),
	(11071,11060,'Ноширо'),
	(11072,11060,'Ога'),
	(11073,11060,'Одат'),
	(11075,11060,'Аомори'),
	(11076,11060,'Гошогавара'),
	(11077,11060,'Тауада'),
	(11078,11060,'Хачинохе'),
	(11079,11060,'Хиросаки'),
	(11081,11060,'Вакэйама'),
	(11082,11060,'Шингу'),
	(11084,11060,'Гифу'),
	(11085,11060,'Огаки'),
	(11086,11060,'Тайими'),
	(11087,11060,'Такэйама'),
	(11089,11060,'Кириу'),
	(11090,11060,'Мебаши'),
	(11091,11060,'Нумата'),
	(11092,11060,'Ота'),
	(11093,11060,'Такасаки'),
	(11095,11060,'Ибараки'),
	(11096,11060,'Ина'),
	(11097,11060,'Катсута'),
	(11098,11060,'Китаибараки'),
	(11099,11060,'Мито'),
	(11100,11060,'Омииа'),
	(11101,11060,'Хитачи'),
	(7719603,11060,'Цущиура'),
	(11103,11060,'Ичиносеки'),
	(11104,11060,'Мизусава'),
	(11105,11060,'Мииако'),
	(11106,11060,'Мориока'),
	(11107,11060,'Ханамаки'),
	(11109,11060,'Кага'),
	(11110,11060,'Каназава'),
	(11111,11060,'Коматсу'),
	(11112,11060,'Нанао'),
	(11114,11060,'Сакаиде'),
	(11115,11060,'Такаматсу'),
	(11117,11060,'Изуми'),
	(11118,11060,'Кагошима'),
	(11119,11060,'Каноя'),
	(11120,11060,'Наз'),
	(11122,11060,'Айкава'),
	(11123,11060,'Ацуги'),
	(11124,11060,'Зуши'),
	(11125,11060,'Йокогама'),
	(11126,11060,'Йокосука'),
	(11127,11060,'Камакура'),
	(11128,11060,'Одавара'),
	(11129,11060,'Сагамихара'),
	(11130,11060,'Фуйисава'),
	(11131,11060,'Хиратсука'),
	(11132,11060,'Чигасаки'),
	(11134,11060,'Камеока'),
	(11135,11060,'Киото'),
	(11136,11060,'Маизуру'),
	(11137,11060,'Уйи'),
	(11138,11060,'Фукучииама'),
	(11140,11060,'Кочи'),
	(11141,11060,'Нанкоку'),
	(11143,11060,'Кумамото'),
	(11144,11060,'Минамата'),
	(11145,11060,'Хитоиоши'),
	(11147,11060,'Исе'),
	(11148,11060,'Матсусака'),
	(11149,11060,'Сузука'),
	(11150,11060,'Тсу'),
	(11152,11060,'Ишиномаки'),
	(11153,11060,'Кесеннума'),
	(11154,11060,'Фурукава'),
	(11156,11060,'Кобэйаши'),
	(11157,11060,'Мииазаки'),
	(11158,11060,'Мииаконойо'),
	(11159,11060,'Нобеока'),
	(11160,11060,'Саито'),
	(11161,11060,'Хиуга'),
	(11163,11060,'Матсумото'),
	(11164,11060,'Нагано'),
	(11165,11060,'Саку'),
	(11166,11060,'Сува'),
	(11167,11060,'Уеда'),
	(11169,11060,'Исахая'),
	(11170,11060,'Нагасаки'),
	(11171,11060,'Сасэбо'),
	(11172,11060,'Шимабара'),
	(11174,11060,'Кашихара'),
	(11175,11060,'Нара'),
	(11176,11060,'Сакураи'),
	(11177,11060,'Тенри'),
	(11179,11060,'Кашивазаки'),
	(11180,11060,'Нагаока'),
	(10505044,11060,'Ниигата'),
	(11181,11060,'Оджия'),
	(11182,11060,'Санйо'),
	(11183,11060,'Цубаме'),
	(11184,11060,'Шибата'),
	(11186,11060,'Курашики'),
	(11187,11060,'Окэйама'),
	(11188,11060,'Цуяма'),
	(11190,11060,'Ишигаки'),
	(11191,11060,'Наха'),
	(11193,11060,'Даито'),
	(11194,11060,'Кайзука'),
	(11195,11060,'Кишивада'),
	(11196,11060,'Матсубара'),
	(11197,11060,'Моригучи'),
	(11198,11060,'Ниагава'),
	(11199,11060,'Осака'),
	(11200,11060,'Суита'),
	(11201,11060,'Такаиши'),
	(11202,11060,'Такатсуки'),
	(11203,11060,'Тоионака'),
	(11204,11060,'Тондабаяши'),
	(11205,11060,'Хабикино'),
	(11206,11060,'Хигашиосака'),
	(11207,11060,'Хираката'),
	(11208,11060,'Яо'),
	(11210,11060,'Имари'),
	(11211,11060,'Каратсу'),
	(11212,11060,'Сага'),
	(11213,11060,'Тосу'),
	(11214,11060,'Ямато'),
	(11216,11060,'Вараби'),
	(11217,11060,'Иватсуки'),
	(11218,11060,'Йоно'),
	(11219,11060,'Кавагоэ'),
	(11220,11060,'Кавагучи'),
	(11221,11060,'Касукаб'),
	(11222,11060,'Кошигэйа'),
	(11223,11060,'Кумагэйа'),
	(11224,11060,'Сока'),
	(11225,11060,'Ханно'),
	(11226,11060,'Чичибу'),
	(11228,11060,'Отсу'),
	(11229,11060,'Хикон'),
	(11231,11060,'Атами'),
	(11232,11060,'Фуджи'),
	(11234,11060,'Иаизу'),
	(11235,11060,'Ивата'),
	(11236,11060,'Изумо'),
	(11237,11060,'Ито'),
	(11238,11060,'Масуда'),
	(11239,11060,'Матсуэ'),
	(11240,11060,'Мишима'),
	(11241,11060,'Нумазу'),
	(11242,11060,'Ода'),
	(11243,11060,'Ояма'),
	(11244,11060,'Хамада'),
	(11245,11060,'Хамаматсу'),
	(11246,11060,'Шизуока'),
	(11247,11060,'Шимизу'),
	(11249,11060,'Ичикава'),
	(11250,11060,'Кашива'),
	(11251,11060,'Кисаразу'),
	(11252,11060,'Матсудо'),
	(11253,11060,'Мобара'),
	(11254,11060,'Нарашино'),
	(11255,11060,'Нода'),
	(11256,11060,'Савара'),
	(11257,11060,'Татиама'),
	(11258,11060,'Фунабаши'),
	(11259,11060,'Хоши'),
	(11260,11060,'Чиба'),
	(11262,11060,'Кодаира'),
	(11263,11060,'Мачида'),
	(11264,11060,'Митака'),
	(11265,11060,'Мусашино'),
	(11266,11060,'Тачикава'),
	(11267,11060,'Токио'),
	(11268,11060,'Хачиойи'),
	(11269,11060,'Хофу'),
	(11271,11060,'Анан'),
	(11272,11060,'Токушима'),
	(11274,11060,'Ашикага'),
	(11275,11060,'Кавачи'),
	(11276,11060,'Канума'),
	(11277,11060,'Отавара'),
	(11278,11060,'Утсуномииа'),
	(11280,11060,'Йонаго'),
	(11281,11060,'Курэйоши'),
	(11282,11060,'Тоттори'),
	(11284,11060,'Камишии'),
	(11285,11060,'Такаока'),
	(11286,11060,'Тояма'),
	(11287,11060,'Уозу'),
	(11288,11060,'Хими'),
	(11290,11060,'Оно'),
	(11291,11060,'Сабе'),
	(11292,11060,'Такефу'),
	(11293,11060,'Тсуруга'),
	(11294,11060,'Фукуи'),
	(11296,11060,'Амаги'),
	(11297,11060,'Иукухаши'),
	(11298,11060,'Кавасаки'),
	(11299,11060,'Китакиушу'),
	(11300,11060,'Курум'),
	(11301,11060,'Ногата'),
	(11302,11060,'Омута'),
	(11303,11060,'Фукуока'),
	(11305,11060,'Иваки'),
	(11306,11060,'Корииама'),
	(11308,11060,'Кур'),
	(11309,11060,'Ономичи'),
	(11310,11060,'Фукуиама'),
	(11311,11060,'Хирошима'),
	(11313,11060,'Абашири'),
	(11314,11060,'Асахигава'),
	(11315,11060,'Ашибецу'),
	(11316,11060,'Бибаи'),
	(11317,11060,'Вакканаи'),
	(11318,11060,'Китами'),
	(11319,11060,'Куширо'),
	(11320,11060,'Момбетсу'),
	(11321,11060,'Муроран'),
	(11322,11060,'Немуро'),
	(11323,11060,'Обихиро'),
	(11324,11060,'Отару'),
	(11325,11060,'Румои'),
	(11326,11060,'Саппоро'),
	(11327,11060,'Томакомаи'),
	(11328,11060,'Эбетсу'),
	(11329,11060,'Юбари'),
	(11331,11060,'Акаши'),
	(11332,11060,'Амагасаки'),
	(11333,11060,'Ашия'),
	(11334,11060,'Итами'),
	(11335,11060,'Каваниши'),
	(11336,11060,'Какогава'),
	(11337,11060,'Нишиномия'),
	(11338,11060,'Тоёока'),
	(11339,11060,'Химейи'),
	(11341,11060,'Иаватахама'),
	(11342,11060,'Имабари'),
	(11343,11060,'Матсуиама'),
	(11344,11060,'Озу'),
	(11345,11060,'Увайима'),
	(11347,11060,'Иамагата'),
	(11348,11060,'Ионезава'),
	(11349,11060,'Саката'),
	(11350,11060,'Тендо'),
	(11351,11060,'Тсуруока'),
	(11352,11060,'Тсучиура'),
	(11353,11060,'Шинйо'),
	(11355,11060,'Ивакуни'),
	(11356,11060,'Онода'),
	(11357,11060,'Токуиама'),
	(11358,11060,'Убе'),
	(11359,11060,'Хаги'),
	(11360,11060,'Хофу'),
	(11361,11060,'Шимоносеки'),
	(11362,11060,'Ямагучи'),
	(11364,11060,'Кофу'),
	(0,0,'-не выбран-');

/*!40000 ALTER TABLE `cities` ENABLE KEYS */;
UNLOCK TABLES;


# Dump of table Comments
# ------------------------------------------------------------

DROP TABLE IF EXISTS `Comments`;

CREATE TABLE `Comments` (
  `id` int(11) NOT NULL AUTO_INCREMENT,
  `user_id` int(11) NOT NULL DEFAULT '0',
  `class_name` varchar(100) NOT NULL,
  `object_pk` int(11) NOT NULL,
  `status` tinyint(4) NOT NULL,
  `email` varchar(255) NOT NULL,
  `name` varchar(50) NOT NULL,
  `text` text NOT NULL,
  `created` datetime NOT NULL,
  `updated` datetime NOT NULL,
  `ip_address` varchar(255) NOT NULL,
  PRIMARY KEY (`id`),
  KEY `user_id` (`user_id`),
  KEY `class_name_index` (`class_name`)
) ENGINE=MyISAM AUTO_INCREMENT=5 DEFAULT CHARSET=utf8;

LOCK TABLES `Comments` WRITE;
/*!40000 ALTER TABLE `Comments` DISABLE KEYS */;
INSERT INTO `Comments` (`id`,`user_id`,`class_name`,`object_pk`,`status`,`email`,`name`,`text`,`created`,`updated`,`ip_address`)
VALUES
	(1,1,'application.modules.store.models.StoreProduct',39,1,'alexeybokarev@gmail.com','admin','неплохо','2013-04-30 10:54:16','2013-05-02 02:16:01','127.0.0.1'),
	(2,1,'application.modules.store.models.StoreProduct',47,1,'alexeybokarev@gmail.com','admin','это очень хороший тест!','2013-05-01 14:32:28','2013-05-02 02:15:41','127.0.0.1'),
	(3,1,'application.modules.store.models.StoreProduct',47,0,'alexeybokarev@gmail.com','admin','Очень хороший тест','2013-05-02 02:14:58','2013-05-02 02:14:58','127.0.0.1');

/*!40000 ALTER TABLE `Comments` ENABLE KEYS */;
UNLOCK TABLES;


# Dump of table countries
# ------------------------------------------------------------

DROP TABLE IF EXISTS `countries`;

CREATE TABLE `countries` (
  `country_id` int(7) NOT NULL DEFAULT '0',
  `name` varchar(47) DEFAULT NULL,
  `sort` int(11) NOT NULL,
  PRIMARY KEY (`country_id`)
) ENGINE=MyISAM DEFAULT CHARSET=utf8;

LOCK TABLES `countries` WRITE;
/*!40000 ALTER TABLE `countries` DISABLE KEYS */;
INSERT INTO `countries` (`country_id`,`name`,`sort`)
VALUES
	(0,'-не выбран-',10001),
	(4,'Австралия',0),
	(63,'Австрия',0),
	(81,'Азербайджан',0),
	(173,'Ангуилья',0),
	(177,'Аргентина',0),
	(245,'Армения',0),
	(248,'Беларусь',99),
	(401,'Белиз',0),
	(404,'Бельгия',0),
	(425,'Бермуды',0),
	(428,'Болгария',0),
	(467,'Бразилия',0),
	(616,'Великобритания',0),
	(924,'Венгрия',0),
	(971,'Вьетнам',0),
	(994,'Гаити',0),
	(1007,'Гваделупа',0),
	(1012,'Германия',0),
	(1206,'Голландия',0),
	(1258,'Греция',0),
	(1280,'Грузия',0),
	(1366,'Дания',0),
	(1380,'Египет',0),
	(1393,'Израиль',0),
	(1451,'Индия',0),
	(1663,'Иран',0),
	(1696,'Ирландия',0),
	(1707,'Испания',0),
	(1786,'Италия',0),
	(1894,'Казахстан',0),
	(2163,'Камерун',0),
	(2172,'Канада',0),
	(2297,'Кипр',0),
	(2303,'Киргызстан',0),
	(2374,'Китай',0),
	(2430,'Коста-Рика',0),
	(2443,'Кувейт',0),
	(2448,'Латвия',0),
	(2509,'Ливия',0),
	(2514,'Литва',0),
	(2614,'Люксембург',0),
	(2617,'Мексика',0),
	(2788,'Молдова',0),
	(2833,'Монако',0),
	(2837,'Новая Зеландия',0),
	(2880,'Норвегия',0),
	(2897,'Польша',0),
	(3141,'Португалия',0),
	(3156,'Реюньон',0),
	(3159,'Россия',100),
	(5647,'Сальвадор',0),
	(5666,'Словакия',0),
	(5673,'Словения',0),
	(5678,'Суринам',0),
	(5681,'США',0),
	(9575,'Таджикистан',0),
	(9638,'Туркменистан',0),
	(9701,'Туркс и Кейкос',0),
	(9705,'Турция',0),
	(9782,'Уганда',0),
	(9787,'Узбекистан',0),
	(9908,'Украина',98),
	(10648,'Финляндия',0),
	(10668,'Франция',0),
	(10874,'Чехия',0),
	(10904,'Швейцария',0),
	(10933,'Швеция',0),
	(10968,'Эстония',0),
	(11002,'Югославия',0),
	(11014,'Южная Корея',0),
	(11060,'Япония',0),
	(277551,'Нидерланды',0),
	(277553,'Хорватия',0),
	(277555,'Румыния',0),
	(277557,'Гонконг',0),
	(277559,'Индонезия',0),
	(277561,'Иордания',0),
	(277563,'Малайзия',0),
	(277565,'Сингапур',0),
	(277567,'Тайвань',0),
	(277569,'Туркмения',0),
	(582029,'Карибы',0),
	(582031,'Чили',0),
	(582040,'Корея',0),
	(582041,'Македония',0),
	(582043,'Мальта',0),
	(582044,'Пакистан',0),
	(582046,'Перу',0),
	(582050,'Тайланд',0),
	(582051,'О.А.Э.',0),
	(582060,'Ливан',0),
	(582064,'Эквадор',0),
	(582065,'Морокко',0),
	(582067,'Сирия',0),
	(582077,'Куба',0),
	(582082,'Мозамбик',0),
	(582090,'Тунис',0),
	(582105,'Остров Мэн',0),
	(582106,'Ямайка',0),
	(2505884,'Ливан',0),
	(2567393,'Гондурас',0),
	(2577958,'Доминиканская республика',0),
	(2687701,'Монголия',0),
	(3410238,'Ирак',0),
	(3661568,'ЮАР',0),
	(7716093,'Арулько',0);

/*!40000 ALTER TABLE `countries` ENABLE KEYS */;
UNLOCK TABLES;


# Dump of table Discount
# ------------------------------------------------------------

DROP TABLE IF EXISTS `Discount`;

CREATE TABLE `Discount` (
  `id` int(11) NOT NULL AUTO_INCREMENT,
  `name` varchar(255) NOT NULL,
  `active` tinyint(1) NOT NULL,
  `sum` varchar(10) NOT NULL,
  `start_date` datetime NOT NULL,
  `end_date` datetime NOT NULL,
  PRIMARY KEY (`id`),
  KEY `active` (`active`),
  KEY `start_date` (`start_date`),
  KEY `end_date` (`end_date`)
) ENGINE=MyISAM AUTO_INCREMENT=2 DEFAULT CHARSET=utf8;

LOCK TABLES `Discount` WRITE;
/*!40000 ALTER TABLE `Discount` DISABLE KEYS */;
INSERT INTO `Discount` (`id`,`name`,`active`,`sum`,`start_date`,`end_date`)
VALUES
	(1,'Скидка на все тесты для социальных сетей',1,'5%','2012-01-01 12:00:00','2013-10-01 12:00:00');

/*!40000 ALTER TABLE `Discount` ENABLE KEYS */;
UNLOCK TABLES;


# Dump of table DiscountCategory
# ------------------------------------------------------------

DROP TABLE IF EXISTS `DiscountCategory`;

CREATE TABLE `DiscountCategory` (
  `id` int(11) NOT NULL AUTO_INCREMENT,
  `discount_id` int(11) NOT NULL,
  `category_id` int(11) NOT NULL,
  PRIMARY KEY (`id`),
  KEY `discount_id` (`discount_id`),
  KEY `category_id` (`category_id`)
) ENGINE=MyISAM AUTO_INCREMENT=82 DEFAULT CHARSET=utf8;

LOCK TABLES `DiscountCategory` WRITE;
/*!40000 ALTER TABLE `DiscountCategory` DISABLE KEYS */;
INSERT INTO `DiscountCategory` (`id`,`discount_id`,`category_id`)
VALUES
	(81,1,222),
	(80,1,224),
	(79,1,227),
	(78,1,223),
	(76,1,220),
	(75,1,1);

/*!40000 ALTER TABLE `DiscountCategory` ENABLE KEYS */;
UNLOCK TABLES;


# Dump of table DiscountManufacturer
# ------------------------------------------------------------

DROP TABLE IF EXISTS `DiscountManufacturer`;

CREATE TABLE `DiscountManufacturer` (
  `id` int(11) NOT NULL AUTO_INCREMENT,
  `discount_id` int(11) NOT NULL,
  `manufacturer_id` int(11) NOT NULL,
  PRIMARY KEY (`id`),
  KEY `discount_id` (`discount_id`),
  KEY `manufacturer_id` (`manufacturer_id`)
) ENGINE=MyISAM AUTO_INCREMENT=5 DEFAULT CHARSET=utf8;

LOCK TABLES `DiscountManufacturer` WRITE;
/*!40000 ALTER TABLE `DiscountManufacturer` DISABLE KEYS */;
INSERT INTO `DiscountManufacturer` (`id`,`discount_id`,`manufacturer_id`)
VALUES
	(4,1,6);

/*!40000 ALTER TABLE `DiscountManufacturer` ENABLE KEYS */;
UNLOCK TABLES;


# Dump of table grid_view_filter
# ------------------------------------------------------------

DROP TABLE IF EXISTS `grid_view_filter`;

CREATE TABLE `grid_view_filter` (
  `id` int(11) NOT NULL AUTO_INCREMENT,
  `user_id` int(11) NOT NULL,
  `grid_id` varchar(100) NOT NULL,
  `name` varchar(100) NOT NULL,
  `data` text NOT NULL,
  PRIMARY KEY (`id`)
) ENGINE=MyISAM DEFAULT CHARSET=utf8;



# Dump of table mailbox_conversation
# ------------------------------------------------------------

DROP TABLE IF EXISTS `mailbox_conversation`;

CREATE TABLE `mailbox_conversation` (
  `conversation_id` int(10) unsigned NOT NULL AUTO_INCREMENT,
  `initiator_id` int(10) NOT NULL,
  `interlocutor_id` int(10) NOT NULL,
  `subject` varchar(100) NOT NULL DEFAULT '',
  `bm_read` tinyint(3) NOT NULL DEFAULT '0',
  `bm_deleted` tinyint(3) NOT NULL DEFAULT '0',
  `modified` int(10) unsigned NOT NULL,
  `is_system` enum('yes','no') NOT NULL DEFAULT 'no',
  `initiator_del` tinyint(1) unsigned DEFAULT '0',
  `interlocutor_del` tinyint(1) unsigned DEFAULT '0',
  PRIMARY KEY (`conversation_id`),
  KEY `initiator_id` (`initiator_id`),
  KEY `interlocutor_id` (`interlocutor_id`),
  KEY `conversation_ts` (`modified`),
  KEY `subject` (`subject`)
) ENGINE=MyISAM DEFAULT CHARSET=utf8;



# Dump of table mailbox_message
# ------------------------------------------------------------

DROP TABLE IF EXISTS `mailbox_message`;

CREATE TABLE `mailbox_message` (
  `message_id` int(11) unsigned NOT NULL AUTO_INCREMENT,
  `conversation_id` int(10) unsigned NOT NULL,
  `created` int(10) unsigned NOT NULL DEFAULT '0',
  `sender_id` int(10) unsigned NOT NULL DEFAULT '0',
  `recipient_id` int(10) unsigned NOT NULL DEFAULT '0',
  `text` mediumtext NOT NULL,
  `crc64` bigint(20) NOT NULL,
  PRIMARY KEY (`message_id`),
  KEY `sender_profile_id` (`sender_id`),
  KEY `recipient_profile_id` (`recipient_id`),
  KEY `conversation_id` (`conversation_id`),
  KEY `timestamp` (`created`),
  KEY `crc64` (`crc64`),
  FULLTEXT KEY `text` (`text`)
) ENGINE=MyISAM DEFAULT CHARSET=utf8;



# Dump of table notifications
# ------------------------------------------------------------

DROP TABLE IF EXISTS `notifications`;

CREATE TABLE `notifications` (
  `id` int(11) NOT NULL AUTO_INCREMENT,
  `product_id` int(11) DEFAULT NULL,
  `email` varchar(255) DEFAULT NULL,
  PRIMARY KEY (`id`),
  KEY `product_id` (`product_id`)
) ENGINE=InnoDB DEFAULT CHARSET=utf8;



# Dump of table Order
# ------------------------------------------------------------

DROP TABLE IF EXISTS `Order`;

CREATE TABLE `Order` (
  `id` int(11) NOT NULL AUTO_INCREMENT,
  `user_id` int(11) DEFAULT NULL,
  `secret_key` varchar(10) NOT NULL,
  `delivery_id` int(11) NOT NULL,
  `delivery_price` float(10,2) NOT NULL,
  `total_price` float(10,2) NOT NULL,
  `status_id` int(11) NOT NULL,
  `paid` tinyint(1) NOT NULL,
  `user_name` varchar(100) NOT NULL,
  `user_email` varchar(100) NOT NULL,
  `user_address` varchar(255) NOT NULL COMMENT 'delivery address',
  `user_phone` varchar(30) NOT NULL,
  `user_comment` varchar(500) NOT NULL,
  `user_sex` tinyint(4) NOT NULL,
  `user_country` int(11) NOT NULL,
  `user_city` int(11) NOT NULL,
  `user_age` int(11) NOT NULL,
  `ip_address` varchar(50) NOT NULL,
  `created` datetime NOT NULL,
  `updated` datetime NOT NULL,
  PRIMARY KEY (`id`),
  KEY `user_id` (`user_id`),
  KEY `secret_key` (`secret_key`),
  KEY `delivery_id` (`delivery_id`),
  KEY `status_id` (`status_id`)
) ENGINE=MyISAM AUTO_INCREMENT=18 DEFAULT CHARSET=utf8;

LOCK TABLES `Order` WRITE;
/*!40000 ALTER TABLE `Order` DISABLE KEYS */;
INSERT INTO `Order` (`id`,`user_id`,`secret_key`,`delivery_id`,`delivery_price`,`total_price`,`status_id`,`paid`,`user_name`,`user_email`,`user_address`,`user_phone`,`user_comment`,`user_sex`,`user_country`,`user_city`,`user_age`,`ip_address`,`created`,`updated`)
VALUES
	(1,NULL,'y7otnkjhxv',16,30.00,550.00,1,0,'as','as@as.ru','132131','123123131','1312',0,0,0,0,'127.0.0.1','2013-04-29 10:12:38','2013-04-29 10:12:38'),
	(2,1,'j3dzufyavw',14,10.00,100.00,1,1,'Administrator','alexeybokarev@gmail.com','where to delivery','000-000-00-00','',0,0,0,0,'127.0.0.1','2013-05-07 08:38:45','2013-05-07 08:38:45'),
	(3,1,'8h31qk16wq',14,10.00,500.00,1,0,'Administrator','alexeybokarev@gmail.com','where to delivery','000-000-00-00','',0,0,0,0,'127.0.0.1','2013-05-26 11:47:52','2013-05-26 11:47:52'),
	(4,1,'nkexlbrp09',14,10.00,2850.00,6,1,'Administrator','alexeybokarev@gmail.com','where to delivery','000-000-00-00','',0,0,0,8,'127.0.0.1','2013-05-26 14:47:33','2013-07-25 05:04:00'),
	(5,61,'af3nnunwxk',0,0.00,645.00,1,1,'client1','client1@gmail.com','','','',0,0,0,0,'127.0.0.1','2013-06-24 16:02:39','2013-06-24 16:02:40'),
	(6,61,'hfb409132a',0,0.00,129.00,1,1,'client1','client1@gmail.com','','','что это за товары',0,0,0,0,'127.0.0.1','2013-06-28 05:22:04','2013-06-28 07:03:44'),
	(7,1,'l0pgwn4n07',0,0.00,345.00,1,1,'Administrator','alexeybokarev@gmail.com','','','повторите заказ',0,0,0,0,'127.0.0.1','2013-06-28 06:36:00','2013-06-28 07:02:44'),
	(8,1,'mye4tu4b0q',0,0.00,690.00,1,1,'Administrator','alexeybokarev@gmail.com','','','',0,63,278126,8,'182.5.136.134','2013-07-02 09:32:11','2013-07-02 09:33:26'),
	(9,1,'3pxz8lqfne',0,0.00,4900.00,1,0,'Administrator','alexeybokarev@gmail.com','','','',0,0,0,8,'127.0.0.1','2013-07-09 11:49:38','2013-07-09 11:49:38'),
	(10,1,'0ytqevtidn',0,0.00,100.00,1,0,'Administrator','alexeybokarev@gmail.com','','','',1,81,83,2,'127.0.0.1','2013-07-10 10:19:51','2013-07-10 10:19:51'),
	(11,61,'5t8hw68uy5',0,0.00,100.00,1,1,'client1','client1@gmail.com','','','555',0,0,0,8,'127.0.0.1','2013-07-11 11:53:09','2013-07-11 11:54:09'),
	(12,62,'ppnp2tkine',0,0.00,345.00,1,1,'tester1 full name','tester1@gmail.com','','','',0,0,0,8,'127.0.0.1','2013-07-12 11:48:40','2013-07-12 11:53:08'),
	(13,62,'urcs9wfmmb',0,0.00,100.00,1,1,'tester1 full name','tester1@gmail.com','','','',0,0,0,8,'127.0.0.1','2013-07-12 11:54:18','2013-07-21 23:14:25'),
	(14,61,'45lau1cmnj',0,0.00,2395.00,1,0,'client1','client1@gmail.com','','','',0,0,0,8,'127.0.0.1','2013-07-25 04:34:16','2013-07-25 04:34:16'),
	(15,1,'ov94urcn7q',0,0.00,450.00,1,0,'Administrator','alexeybokarev@gmail.com','','','',0,0,0,8,'127.0.0.1','2013-08-27 06:35:52','2013-08-27 06:35:53'),
	(16,1,'7xkd2bv72e',0,0.00,950.00,1,0,'Administrator','alexeybokarev@gmail.com','','','',1,0,0,8,'127.0.0.1','2013-09-01 12:51:03','2013-09-01 12:51:03'),
	(17,1,'b8sidgb18h',0,0.00,400.00,1,0,'Administrator','alexeybokarev@gmail.com','','','',2,2374,2425,2,'127.0.0.1','2013-09-07 14:40:23','2013-09-07 14:40:23');

/*!40000 ALTER TABLE `Order` ENABLE KEYS */;
UNLOCK TABLES;


# Dump of table OrderProduct
# ------------------------------------------------------------

DROP TABLE IF EXISTS `OrderProduct`;

CREATE TABLE `OrderProduct` (
  `id` int(11) NOT NULL AUTO_INCREMENT,
  `order_id` int(11) NOT NULL,
  `product_id` int(11) NOT NULL,
  `configurable_id` int(11) NOT NULL,
  `name` text NOT NULL,
  `configurable_name` text NOT NULL COMMENT 'Store name of configurable product',
  `configurable_data` text NOT NULL,
  `variants` text NOT NULL,
  `quantity` smallint(6) NOT NULL,
  `sku` varchar(255) NOT NULL,
  `price` float(10,2) NOT NULL,
  `tester_id` int(11) NOT NULL,
  `status_id` tinyint(4) NOT NULL DEFAULT '0',
  PRIMARY KEY (`id`),
  KEY `order_id` (`order_id`),
  KEY `product_id` (`product_id`),
  KEY `configurable_id` (`configurable_id`)
) ENGINE=MyISAM AUTO_INCREMENT=47 DEFAULT CHARSET=utf8;

LOCK TABLES `OrderProduct` WRITE;
/*!40000 ALTER TABLE `OrderProduct` DISABLE KEYS */;
INSERT INTO `OrderProduct` (`id`,`order_id`,`product_id`,`configurable_id`,`name`,`configurable_name`,`configurable_data`,`variants`,`quantity`,`sku`,`price`,`tester_id`,`status_id`)
VALUES
	(23,1,35,0,'Apple iPhone 4 16Gb','','','',1,'',550.00,0,0),
	(24,2,47,0,'Тест рекламной игры','','','',1,'',0.00,0,0),
	(25,2,46,0,'Тест мобильного приложения - игры','','','',1,'',100.00,0,0),
	(26,3,42,0,'Acer Iconia Tab A100 8Gb','','','',1,'',365.00,0,0),
	(27,3,19,0,'Edifier X600','','','',3,'',45.00,0,0),
	(28,4,8,0,'DELL ALIENWARE M17x','','','',1,'',2850.00,0,0),
	(29,5,46,0,'Тест мобильного приложения - игры','','','',3,'',100.00,0,0),
	(30,5,1,0,'Lenovo B570','','','',1,'',345.00,0,0),
	(31,6,19,0,'Edifier X600','','','',1,'',45.00,0,0),
	(32,6,16,0,'Logitech Z-313','','','',1,'',84.00,0,0),
	(33,7,1,0,'Lenovo B570','','','',1,'',345.00,0,0),
	(34,8,1,0,'Lenovo B570','','','',2,'',345.00,0,0),
	(35,9,10,0,'Lenovo THINKPAD W520','','','',2,'',2450.00,0,0),
	(36,10,46,0,'Тест мобильного приложения - игры','','','',1,'',100.00,62,0),
	(37,11,46,0,'Тест мобильного приложения - игры','','','',1,'',100.00,62,0),
	(38,12,1,0,'Lenovo B570','','','',1,'',345.00,62,0),
	(39,13,46,0,'Тест мобильного приложения - игры','','','',1,'',100.00,62,0),
	(40,14,19,0,'Edifier X600','','','',1,'',45.00,0,0),
	(41,14,12,0,'Acer ASPIRE 5943G-7748G75TWiss','','','',1,'',2350.00,0,0),
	(42,15,2,0,'Сайт визитка','','','',1,'',0.00,0,0),
	(43,15,2,0,'Сайт визитка','','','a:5:{s:45:\"Наполнение еще 10 страниц\";s:3:\"yes\";s:45:\"Наполнение еще 20 страниц\";s:3:\"yes\";s:27:\"Модуль новости\";s:4:\"да\";s:35:\"Модуль фотогалерея\";s:4:\"да\";s:31:\"Хостинг 1 год (3гб)\";s:3:\"yes\";}',1,'',450.00,0,0),
	(44,16,2,0,'Сайт визитка','','','a:5:{s:45:\"Наполнение еще 10 страниц\";s:3:\"yes\";s:45:\"Наполнение еще 20 страниц\";s:3:\"yes\";s:27:\"Модуль новости\";s:4:\"да\";s:35:\"Модуль фотогалерея\";s:4:\"да\";s:52:\"Уникальный авторский дизайн\";s:3:\"yes\";}',1,'',950.00,0,0),
	(45,17,10,0,'Amazon хостинг','','','',2,'',100.00,0,0),
	(46,17,5,0,'Сообществo вКонтакте','','','',2,'',100.00,0,0);

/*!40000 ALTER TABLE `OrderProduct` ENABLE KEYS */;
UNLOCK TABLES;


# Dump of table OrderProductStatus
# ------------------------------------------------------------

DROP TABLE IF EXISTS `OrderProductStatus`;

CREATE TABLE `OrderProductStatus` (
  `status_id` int(11) NOT NULL,
  `value` varchar(255) NOT NULL
) ENGINE=MyISAM DEFAULT CHARSET=utf8;

LOCK TABLES `OrderProductStatus` WRITE;
/*!40000 ALTER TABLE `OrderProductStatus` DISABLE KEYS */;
INSERT INTO `OrderProductStatus` (`status_id`,`value`)
VALUES
	(0,'?? ???????????'),
	(1,'??????'),
	(2,'????????');

/*!40000 ALTER TABLE `OrderProductStatus` ENABLE KEYS */;
UNLOCK TABLES;


# Dump of table OrderStatus
# ------------------------------------------------------------

DROP TABLE IF EXISTS `OrderStatus`;

CREATE TABLE `OrderStatus` (
  `id` int(11) NOT NULL AUTO_INCREMENT,
  `name` varchar(255) NOT NULL,
  `position` int(11) DEFAULT '0',
  PRIMARY KEY (`id`),
  KEY `position` (`position`)
) ENGINE=MyISAM AUTO_INCREMENT=8 DEFAULT CHARSET=utf8;

LOCK TABLES `OrderStatus` WRITE;
/*!40000 ALTER TABLE `OrderStatus` DISABLE KEYS */;
INSERT INTO `OrderStatus` (`id`,`name`,`position`)
VALUES
	(1,'Новый',0),
	(2,'Завершен',1),
	(3,'Отменен',2),
	(5,'Поиск исполнителя',3),
	(6,'В работе',4),
	(7,'Оплачен',5);

/*!40000 ALTER TABLE `OrderStatus` ENABLE KEYS */;
UNLOCK TABLES;


# Dump of table ordertesteragefilter
# ------------------------------------------------------------

DROP TABLE IF EXISTS `ordertesteragefilter`;

CREATE TABLE `ordertesteragefilter` (
  `filter_id` int(11) NOT NULL AUTO_INCREMENT,
  `title` varchar(255) NOT NULL,
  `from_age` int(11) NOT NULL,
  `to_age` int(11) NOT NULL,
  PRIMARY KEY (`filter_id`)
) ENGINE=MyISAM AUTO_INCREMENT=9 DEFAULT CHARSET=utf8;

LOCK TABLES `ordertesteragefilter` WRITE;
/*!40000 ALTER TABLE `ordertesteragefilter` DISABLE KEYS */;
INSERT INTO `ordertesteragefilter` (`filter_id`,`title`,`from_age`,`to_age`)
VALUES
	(8,'-не выбран-',0,0),
	(1,'15-20',15,20),
	(2,'20-30',20,30),
	(3,'30-40',30,40),
	(4,'40-50',40,50),
	(5,'50-60',50,60),
	(6,'60-70',60,70),
	(7,'от 70',70,150);

/*!40000 ALTER TABLE `ordertesteragefilter` ENABLE KEYS */;
UNLOCK TABLES;


# Dump of table Page
# ------------------------------------------------------------

DROP TABLE IF EXISTS `Page`;

CREATE TABLE `Page` (
  `id` int(11) NOT NULL AUTO_INCREMENT,
  `user_id` int(11) NOT NULL,
  `category_id` int(11) DEFAULT NULL,
  `url` varchar(255) NOT NULL,
  `created` datetime NOT NULL,
  `updated` datetime NOT NULL,
  `publish_date` datetime NOT NULL,
  `status` varchar(255) NOT NULL,
  `layout` varchar(2555) NOT NULL,
  `view` varchar(255) NOT NULL,
  PRIMARY KEY (`id`),
  KEY `user_id` (`user_id`),
  KEY `category_id` (`category_id`),
  KEY `url` (`url`),
  KEY `created` (`created`),
  KEY `updated` (`updated`),
  KEY `publish_date` (`publish_date`),
  KEY `status` (`status`)
) ENGINE=MyISAM AUTO_INCREMENT=17 DEFAULT CHARSET=utf8;

LOCK TABLES `Page` WRITE;
/*!40000 ALTER TABLE `Page` DISABLE KEYS */;
INSERT INTO `Page` (`id`,`user_id`,`category_id`,`url`,`created`,`updated`,`publish_date`,`status`,`layout`,`view`)
VALUES
	(8,1,NULL,'help','2012-06-10 22:35:51','2012-07-07 11:47:09','2012-06-10 22:35:29','published','',''),
	(9,1,NULL,'how-to-create-order','2012-06-10 22:36:50','2012-07-07 11:45:53','2012-06-10 22:36:27','published','',''),
	(10,1,NULL,'garantiya','2012-06-10 22:37:06','2012-07-07 11:45:38','2012-06-10 22:36:50','published','',''),
	(11,1,NULL,'dostavka-i-oplata','2012-06-10 22:37:18','2012-07-07 11:41:49','2012-06-10 22:37:07','published','',''),
	(12,1,7,'samsung-pitaetsya-izbezhat-zapreta-na-galaxy-nexus-v-shtatah-pri-pomoshi-patcha','2012-07-07 12:08:50','2012-07-07 12:09:33','2012-07-07 12:06:19','published','',''),
	(13,1,7,'za-85-mesyacev-android-40-popal-na-11-ustroistv','2012-07-07 12:19:44','2012-07-07 12:33:48','2012-07-07 12:14:48','published','',''),
	(14,1,7,'google-prezentoval-svoi-ochki-dopolnennoi-realnosti','2012-07-07 12:26:11','2013-05-13 15:01:49','2012-07-07 12:25:48','published','',''),
	(15,1,NULL,'about','2013-04-30 03:35:00','2013-04-30 03:35:00','2013-04-30 02:47:15','published','',''),
	(16,1,NULL,'reviews','2013-04-30 04:17:40','2013-04-30 04:17:40','2013-04-30 03:38:39','published','','');

/*!40000 ALTER TABLE `Page` ENABLE KEYS */;
UNLOCK TABLES;


# Dump of table PageCategory
# ------------------------------------------------------------

DROP TABLE IF EXISTS `PageCategory`;

CREATE TABLE `PageCategory` (
  `id` int(11) NOT NULL AUTO_INCREMENT,
  `parent_id` int(11) DEFAULT NULL,
  `url` varchar(255) NOT NULL,
  `full_url` text NOT NULL,
  `layout` varchar(255) NOT NULL,
  `view` varchar(255) NOT NULL,
  `created` datetime NOT NULL,
  `updated` datetime NOT NULL,
  `page_size` smallint(6) DEFAULT NULL,
  PRIMARY KEY (`id`),
  KEY `parent_id` (`parent_id`),
  KEY `url` (`url`),
  KEY `created` (`created`),
  KEY `updated` (`updated`)
) ENGINE=MyISAM AUTO_INCREMENT=8 DEFAULT CHARSET=utf8;

LOCK TABLES `PageCategory` WRITE;
/*!40000 ALTER TABLE `PageCategory` DISABLE KEYS */;
INSERT INTO `PageCategory` (`id`,`parent_id`,`url`,`full_url`,`layout`,`view`,`created`,`updated`,`page_size`)
VALUES
	(7,NULL,'news','news','','','2012-07-07 12:06:03','2012-07-07 12:06:03',NULL);

/*!40000 ALTER TABLE `PageCategory` ENABLE KEYS */;
UNLOCK TABLES;


# Dump of table PageCategoryTranslate
# ------------------------------------------------------------

DROP TABLE IF EXISTS `PageCategoryTranslate`;

CREATE TABLE `PageCategoryTranslate` (
  `id` int(11) NOT NULL AUTO_INCREMENT,
  `object_id` int(11) NOT NULL,
  `language_id` int(11) NOT NULL,
  `name` varchar(255) DEFAULT NULL,
  `description` text,
  `meta_title` varchar(255) DEFAULT NULL,
  `meta_description` varchar(255) DEFAULT NULL,
  `meta_keywords` varchar(255) DEFAULT NULL,
  PRIMARY KEY (`id`),
  KEY `object_id` (`object_id`),
  KEY `language_id` (`language_id`)
) ENGINE=MyISAM AUTO_INCREMENT=15 DEFAULT CHARSET=utf8;

LOCK TABLES `PageCategoryTranslate` WRITE;
/*!40000 ALTER TABLE `PageCategoryTranslate` DISABLE KEYS */;
INSERT INTO `PageCategoryTranslate` (`id`,`object_id`,`language_id`,`name`,`description`,`meta_title`,`meta_description`,`meta_keywords`)
VALUES
	(13,7,1,'Новости','','','',''),
	(14,7,9,'Новости','','','','');

/*!40000 ALTER TABLE `PageCategoryTranslate` ENABLE KEYS */;
UNLOCK TABLES;


# Dump of table PageTranslate
# ------------------------------------------------------------

DROP TABLE IF EXISTS `PageTranslate`;

CREATE TABLE `PageTranslate` (
  `id` int(11) NOT NULL AUTO_INCREMENT,
  `object_id` int(11) NOT NULL,
  `language_id` int(11) NOT NULL,
  `title` varchar(255) NOT NULL,
  `short_description` text,
  `full_description` text,
  `meta_title` varchar(255) DEFAULT NULL,
  `meta_keywords` varchar(255) DEFAULT NULL,
  `meta_description` varchar(255) DEFAULT NULL,
  PRIMARY KEY (`id`),
  KEY `object_id` (`object_id`),
  KEY `language_id` (`language_id`)
) ENGINE=MyISAM AUTO_INCREMENT=33 DEFAULT CHARSET=utf8;

LOCK TABLES `PageTranslate` WRITE;
/*!40000 ALTER TABLE `PageTranslate` DISABLE KEYS */;
INSERT INTO `PageTranslate` (`id`,`object_id`,`language_id`,`title`,`short_description`,`full_description`,`meta_title`,`meta_keywords`,`meta_description`)
VALUES
	(22,11,9,'Доставка и оплата','','','','',''),
	(15,8,1,'Помощь','Давно выяснено, что при оценке дизайна и композиции читаемый текст мешает сосредоточиться. Lorem Ipsum используют потому, что тот обеспечивает более или менее стандартное заполнение шаблона, а также реальное распределение букв и пробелов в абзацах, которое не получается при простой дубликации \"Здесь ваш текст.. Здесь ваш текст.. Здесь ваш текст..\" Многие программы электронной вёрстки и редакторы HTML используют Lorem Ipsum в качестве текста по умолчанию, так что поиск по ключевым словам \"lorem ipsum\" сразу показывает, как много веб-страниц всё ещё дожидаются своего настоящего рождения. За прошедшие годы текст Lorem Ipsum получил много версий. Некоторые версии появились по ошибке, некоторые - намеренно (например, юмористические варианты).','','','',''),
	(16,8,9,'Помощь','','','','',''),
	(17,9,1,'Как сделать заказ','<p>Есть много вариантов Lorem Ipsum, но большинство из них имеет не всегда приемлемые модификации, например, юмористические вставки или слова, которые даже отдалённо не напоминают латынь. Если вам нужен Lorem Ipsum для серьёзного проекта, вы наверняка не хотите какой-нибудь шутки, скрытой в середине абзаца. Также все другие известные генераторы Lorem Ipsum используют один и тот же текст, который они просто повторяют, пока не достигнут нужный объём. Это делает предлагаемый здесь генератор единственным настоящим Lorem Ipsum генератором. Он использует словарь из более чем 200 латинских слов, а также набор моделей предложений. В результате сгенерированный Lorem Ipsum выглядит правдоподобно, не имеет повторяющихся абзацей или \"невозможных\" слов.</p>','','','',''),
	(18,9,9,'Как сделать заказ','','','','',''),
	(19,10,1,'Гарантия','<p>Многие думают, что Lorem Ipsum - взятый с потолка псевдо-латинский набор слов, но это не совсем так. Его корни уходят в один фрагмент классической латыни 45 года н.э., то есть более двух тысячелетий назад. Ричард МакКлинток, профессор латыни из колледжа Hampden-Sydney, штат Вирджиния, взял одно из самых странных слов в Lorem Ipsum, \"consectetur\", и занялся его поисками в классической латинской литературе.</p>\r\n<p>В результате он нашёл неоспоримый первоисточник Lorem Ipsum в разделах 1.10.32 и 1.10.33 книги \"de Finibus Bonorum et Malorum\" (\"О пределах добра и зла\"), написанной Цицероном в 45 году н.э. Этот трактат по теории этики был очень популярен в эпоху Возрождения. Первая строка Lorem Ipsum, \"Lorem ipsum dolor sit amet..\", происходит от одной из строк в разделе 1.10.32 Классический текст Lorem Ipsum, используемый с XVI века, приведён ниже. Также даны разделы 1.10.32 и 1.10.33 \"de Finibus Bonorum et Malorum\" Цицерона и их английский перевод, сделанный H. Rackham, 1914 год.</p>','','','',''),
	(20,10,9,'Гарантия','','','','',''),
	(21,11,1,'Доставка и оплата','<p>Давно выяснено, что при оценке дизайна и композиции читаемый текст мешает сосредоточиться. Lorem Ipsum используют потому, что тот обеспечивает более или менее стандартное заполнение шаблона, а также реальное распределение букв и пробелов в абзацах, которое не получается при простой дубликации \"Здесь ваш текст.. Здесь ваш текст.. Здесь ваш текст..\" Многие программы электронной вёрстки и редакторы HTML используют Lorem Ipsum в качестве текста по умолчанию, так что поиск по ключевым словам \"lorem ipsum\" сразу показывает, как много веб-страниц всё ещё дожидаются своего настоящего рождения. За прошедшие годы текст Lorem Ipsum получил много версий. Некоторые версии появились по ошибке, некоторые - намеренно (например, юмористические варианты).</p>','','','',''),
	(23,12,1,'Samsung пытается избежать запрета на Galaxy Nexus','Текущую ситуацию с судебным противостоянием Apple и Samsung в Штатах (ссылка по теме) можно описать строчкой их двух слов: всё плохо. ','В смысле всё плохо для Samsung — южнокорейская корпорация так и не сумела отбиться от назначенного судом предварительного запрета на американские продажи планшетников Galaxy Tab 10.1 и, главное, новейших смартфонов Galaxy Nexus. Расклад намечается хуже некуда: по некоторым выкладкам, потенциальный ущерб от подобного запрета может достигнуть 180 млн. долларов, две трети из которых придутся на непроданные Galaxy Nexus.','','',''),
	(25,13,1,'За 8,5 месяцев Android 4.0 попал на 11% устройств','В свое время платформа Android 2.x распространялась активнее, чем Android 4.0 Ice Cream Sandwich, а ведь уже появилась новая мобильная ОС от Google — Android 4.1 Jelly Bean. За 8,5 месяцев своего существования Android ICS попал на 10,9% устройств, а лидировать на рынке продолжает Android 2,3 Gingerbread.','','','',''),
	(24,12,9,'Samsung пытается избежать запрета на Galaxy Nexus в Штатах при помощи патча','Текущую ситуацию с судебным противостоянием Apple и Samsung в Штатах (ссылка по теме) можно описать строчкой их двух слов: всё плохо. В смысле всё плохо для Samsung — южнокорейская корпорация так и не сумела отбиться от назначенного судом предварительного запрета на американские продажи планшетников Galaxy Tab 10.1 и, главное, новейших смартфонов Galaxy Nexus. Расклад намечается хуже некуда: по некоторым выкладкам, потенциальный ущерб от подобного запрета может достигнуть 180 млн. долларов, две трети из которых придутся на непроданные Galaxy Nexus.','','','',''),
	(26,13,9,'За 8,5 месяцев Android 4.0 попал на 11% устройств','В свое время платформа Android 2.x распространялась активнее, чем Android 4.0 Ice Cream Sandwich, а ведь уже появилась новая мобильная ОС от Google — Android 4.1 Jelly Bean. За 8,5 месяцев своего существования Android ICS попал на 10,9% устройств, а лидировать на рынке продолжает Android 2,3 Gingerbread.','','','',''),
	(27,14,1,'Тестирование продукта началось в апреле 2012 года,  Google презентовал свои очки дополненной реальности‎','Компания Google приступит к продаже очков дополненной реальности, который разрабатываются в рамках проекта Google Project Glass, пишет блог All Things Digital. ','Очки будут стоить 1,5 тысячи долларов, и поставки стартуют в начале 2013 года. Устройство, однако, будет предназначено только для разработчиков. Оформить предварительный заказ на него смогут исключительно посетители конференции I/O, открывшейся 27 июня в Сан-Франциско. \r\nКод для добавления видео в этот плейлист:\r\n<iframe width=\"420\" height=\"500\" src=\"http://54.235.54.227/media/video/youtube-direct-lite/static/index.html#playlist=PLvlIx5as92S-w6N5s7zMfhAKT7EQPib5L\"></iframe>\r\nПоказать видео в проекте, use the following HTML code:\r\n<iframe width=\"640\" height=\"360\" src=\"//www.youtube.com/embed/?listType=playlist&list=PLvlIx5as92S-w6N5s7zMfhAKT7EQPib5L&showinfo=1\" frameborder=\"0\" allowfullscreen></iframe>','','',''),
	(28,14,9,'Google презентовал свои очки дополненной реальности‎','Компания Google приступит к продаже очков дополненной реальности, который разрабатываются в рамках проекта Google Project Glass, пишет блог All Things Digital. ','Очки будут стоить 1,5 тысячи долларов, и поставки стартуют в начале 2013 года. Устройство, однако, будет предназначено только для разработчиков. Оформить предварительный заказ на него смогут исключительно посетители конференции I/O, открывшейся 27 июня в Сан-Франциско. ','','',''),
	(29,15,1,'О проекте','Наш проект – это «золотая середина», позволяющая получить объективные результаты юзабилити-тестирования, которое намного эффективнее, чем исследование в фокус-группах, и менее затратное, чем профессиональный аудит в специализированной компании.','<p>Наверняка вы не раз задавались вопросом, что еще можно сделать, чтобы сайт или мобильное приложение работало еще лучше? Что нужно людям, которые пользуются вашими продуктами? О чем они вообще думают, когда заходят на ваш сайт?</p><p>Вопросов много, и все они разные, но наш сервис создан как раз для того, чтобы вы с минимальными потерями времени и с высокой точностью смогли проверить юзабилити своего продукта и взглянуть на сайт глазами его целевой аудитории. После юзабилити-тестирования все ошибки будут как на ладони, вам останется только внести изменения и контролировать результат.</p><p>Основная цель нашего проекта – это увеличение конверсии ваших сайтов и веб-приложений без существенных финансовых затрат с вашей стороны.</p><img src=\"http://4pr.local/alpha/images/test_icons.gif\"><p>Наш сервис – это актуальная помощь специалистам разных направлений деятельности:</p><ul><li>Дизайнерам;</li><li>Продакт-менеджерам;</li><li>Веб-маркетологам;</li><li>Оптимизаторам;</li><li>Разработчикам мобильных приложений и игр;</li></ul><br><p>С нашей помощью вы сможете изучить свой ресурс с точки зрения его пользователей, а значит, в будущем настроите его на «одну волну» с ожиданиями вашей целевой аудитории.</p><p>Сервис постоянно развивается и совершенствуется, и мы надеемся, что вы примите активное участие в его жизни. Ваши мнения и опыт учитываются командой наших разработчиков и являются сигналом для поиска новых путей, чтобы еще больше повысить эффективность нашего проекта и, соответственно, вашу прибыль.</p>','','',''),
	(30,15,9,'О проекте','Наш проект – это «золотая середина», позволяющая получить объективные результаты юзабилити-тестирования, которое намного эффективнее, чем исследование в фокус-группах, и менее затратное, чем профессиональный аудит в специализированной компании.','<p>Наверняка вы не раз задавались вопросом, что еще можно сделать, чтобы сайт или мобильное приложение работало еще лучше? Что нужно людям, которые пользуются вашими продуктами? О чем они вообще думают, когда заходят на ваш сайт?</p><p>Вопросов много, и все они разные, но наш сервис создан как раз для того, чтобы вы с минимальными потерями времени и с высокой точностью смогли проверить юзабилити своего продукта и взглянуть на сайт глазами его целевой аудитории. После юзабилити-тестирования все ошибки будут как на ладони, вам останется только внести изменения и контролировать результат.</p><p>Основная цель нашего проекта – это увеличение конверсии ваших сайтов и веб-приложений без существенных финансовых затрат с вашей стороны.</p><img src=\"http://4pr.local/alpha/images/test_icons.gif\"><p>Наш сервис – это актуальная помощь специалистам разных направлений деятельности:</p><ul><li>Дизайнерам;</li><li>Продакт-менеджерам;</li><li>Веб-маркетологам;</li><li>Оптимизаторам;</li><li>Разработчикам мобильных приложений и игр;</li></ul><br><p>С нашей помощью вы сможете изучить свой ресурс с точки зрения его пользователей, а значит, в будущем настроите его на «одну волну» с ожиданиями вашей целевой аудитории.</p><p>Сервис постоянно развивается и совершенствуется, и мы надеемся, что вы примите активное участие в его жизни. Ваши мнения и опыт учитываются командой наших разработчиков и являются сигналом для поиска новых путей, чтобы еще больше повысить эффективность нашего проекта и, соответственно, вашу прибыль.</p>','','',''),
	(31,16,1,'Отзывы','<em>Когда занимаешься поисковой оптимизацией, приходится принимать во внимание каждую мелочь. И юзабилити сайта в этом случае даже не мелочь, а тот параметр, с которого порой начинается вся работа над сайтом. С появлением данного сервиса отпала необходимость тратить массу времени на ручную проверку сайта – все нужные мне</em>','<div><p><em>Еще несколько лет назад я, как дизайнер веб-интерфейсов, и помыслить не мог, что когда-либо появится такой ресурс, который поможет в режиме реального времени тестировать юзабилити сайта. Фантастика стала для меня реальностью, когда я впервые воспользовался этим сервисом. Теперь я могу в любое время при возникновении такой необходимости запустить проверку и быстро получить результат. Это для меня удобно и к тому же недорого.</em></p><p><em>Успех вашего сайта в интернете зависит от того, насколько точно вы сможете подстроить свой ресурс под клиента. С помощью данного сервиса наша компания получила возможность проводить исследование аудитории не только в оффлайн, но и в онлайн. Чем больше мы пользуемся сервисом, тем больше извлекаем для себя и учимся вести интернет-коммерцию более эффективно. Какой результат? Увеличение конверсии почти в полтора раза! Наши продажи растут, и это убеждает нас пользоваться этим сервисом еще чаще.</em></p><p><em>Игровые продукты тем сложны, что нельзя с уверенностью определить, что именно понравится или не понравится пользователю. Поэтому в нашем деле привлечение тестеров – необходимость. Причем их работа, как по времени, так и по деньгам, составляет существенные статьи общих расходов, потраченных на вывод одной игры. Если игровых продуктов несколько, то сами можете представить, какие затраты нам приходится нести. Поэтому для нашей компании принципиальным шагом стало использование данного сервиса. Тестирование в режиме реального времени с получением не просто сухих отчетов, а наглядного подтверждения успеха или провала юзабилити игры – это ценная и нужная нам информация. Использование сервиса выгодно и потому, что он существенно экономит время: если раньше мы получали результаты от тестеров за 3-4 недели, то сейчас нам для этого требуется всего несколько дней.</em></p></div><div></div><footer><div><div></div></div></footer>','','',''),
	(32,16,9,'Отзывы','<em>Когда занимаешься поисковой оптимизацией, приходится принимать во внимание каждую мелочь. И юзабилити сайта в этом случае даже не мелочь, а тот параметр, с которого порой начинается вся работа над сайтом. С появлением данного сервиса отпала необходимость тратить массу времени на ручную проверку сайта – все нужные мне</em>','<div><p><em>Еще несколько лет назад я, как дизайнер веб-интерфейсов, и помыслить не мог, что когда-либо появится такой ресурс, который поможет в режиме реального времени тестировать юзабилити сайта. Фантастика стала для меня реальностью, когда я впервые воспользовался этим сервисом. Теперь я могу в любое время при возникновении такой необходимости запустить проверку и быстро получить результат. Это для меня удобно и к тому же недорого.</em></p><p><em>Успех вашего сайта в интернете зависит от того, насколько точно вы сможете подстроить свой ресурс под клиента. С помощью данного сервиса наша компания получила возможность проводить исследование аудитории не только в оффлайн, но и в онлайн. Чем больше мы пользуемся сервисом, тем больше извлекаем для себя и учимся вести интернет-коммерцию более эффективно. Какой результат? Увеличение конверсии почти в полтора раза! Наши продажи растут, и это убеждает нас пользоваться этим сервисом еще чаще.</em></p><p><em>Игровые продукты тем сложны, что нельзя с уверенностью определить, что именно понравится или не понравится пользователю. Поэтому в нашем деле привлечение тестеров – необходимость. Причем их работа, как по времени, так и по деньгам, составляет существенные статьи общих расходов, потраченных на вывод одной игры. Если игровых продуктов несколько, то сами можете представить, какие затраты нам приходится нести. Поэтому для нашей компании принципиальным шагом стало использование данного сервиса. Тестирование в режиме реального времени с получением не просто сухих отчетов, а наглядного подтверждения успеха или провала юзабилити игры – это ценная и нужная нам информация. Использование сервиса выгодно и потому, что он существенно экономит время: если раньше мы получали результаты от тестеров за 3-4 недели, то сейчас нам для этого требуется всего несколько дней.</em></p></div><div></div><footer><div><div></div></div></footer>','','','');

/*!40000 ALTER TABLE `PageTranslate` ENABLE KEYS */;
UNLOCK TABLES;


# Dump of table Rights
# ------------------------------------------------------------

DROP TABLE IF EXISTS `Rights`;

CREATE TABLE `Rights` (
  `itemname` varchar(64) NOT NULL,
  `type` int(11) NOT NULL,
  `weight` int(11) NOT NULL,
  PRIMARY KEY (`itemname`)
) ENGINE=MyISAM DEFAULT CHARSET=utf8;



# Dump of table sb_medialib
# ------------------------------------------------------------

DROP TABLE IF EXISTS `sb_medialib`;

CREATE TABLE `sb_medialib` (
  `id` bigint(11) unsigned NOT NULL AUTO_INCREMENT,
  `title` varchar(255) NOT NULL COMMENT 'Title',
  `create_time` int(11) DEFAULT NULL COMMENT 'Date',
  `description` longtext NOT NULL COMMENT 'Description',
  `size` decimal(10,4) NOT NULL COMMENT 'File size',
  `user_id` bigint(20) unsigned NOT NULL COMMENT 'User',
  `path` varchar(255) NOT NULL COMMENT 'File Path',
  `type` varchar(50) NOT NULL COMMENT 'Data type',
  `ext` varchar(10) NOT NULL COMMENT 'extension',
  `group` int(11) NOT NULL,
  `test_id` int(11) NOT NULL,
  `project_id` int(11) NOT NULL,
  PRIMARY KEY (`id`),
  UNIQUE KEY `path` (`path`),
  KEY `title` (`title`)
) ENGINE=MyISAM AUTO_INCREMENT=2 DEFAULT CHARSET=utf8;

LOCK TABLES `sb_medialib` WRITE;
/*!40000 ALTER TABLE `sb_medialib` DISABLE KEYS */;
INSERT INTO `sb_medialib` (`id`,`title`,`create_time`,`description`,`size`,`user_id`,`path`,`type`,`ext`,`group`,`test_id`,`project_id`)
VALUES
	(1,'000_0101.JPG',1362924580,'aaa',999999.9999,13,'data/13_1362924580.JPG','image/jpeg','JPG',0,0,0);

/*!40000 ALTER TABLE `sb_medialib` ENABLE KEYS */;
UNLOCK TABLES;


# Dump of table sb_project_tests
# ------------------------------------------------------------

DROP TABLE IF EXISTS `sb_project_tests`;

CREATE TABLE `sb_project_tests` (
  `project_id` bigint(10) unsigned NOT NULL,
  `test_id` bigint(10) unsigned NOT NULL,
  KEY `project_id` (`project_id`),
  KEY `test_id` (`test_id`)
) ENGINE=MyISAM DEFAULT CHARSET=utf8;

LOCK TABLES `sb_project_tests` WRITE;
/*!40000 ALTER TABLE `sb_project_tests` DISABLE KEYS */;
INSERT INTO `sb_project_tests` (`project_id`,`test_id`)
VALUES
	(1,10),
	(1,4),
	(1,3),
	(1,4),
	(2,2),
	(2,1),
	(1,2),
	(1,1),
	(1,10),
	(3,8),
	(3,2),
	(3,1),
	(1,3),
	(2,2),
	(2,1),
	(1,2),
	(1,1),
	(3,8),
	(3,2),
	(3,1),
	(2,6),
	(2,7),
	(2,8);

/*!40000 ALTER TABLE `sb_project_tests` ENABLE KEYS */;
UNLOCK TABLES;


# Dump of table sb_projects
# ------------------------------------------------------------

DROP TABLE IF EXISTS `sb_projects`;

CREATE TABLE `sb_projects` (
  `text` longtext NOT NULL COMMENT 'Text',
  `main_topic` bigint(20) unsigned NOT NULL DEFAULT '0' COMMENT 'Topic',
  `title` varchar(255) NOT NULL DEFAULT '' COMMENT 'Headline',
  `brief` longtext NOT NULL COMMENT 'Brief',
  `code` varchar(150) NOT NULL DEFAULT '' COMMENT 'Code',
  `allow_comments` tinyint(1) NOT NULL DEFAULT '0' COMMENT 'Allow comments',
  `related_topics` longtext NOT NULL COMMENT 'Related Topics',
  `allow_votes` tinyint(1) NOT NULL DEFAULT '0' COMMENT 'Allow votes',
  `meta_keywords` varchar(255) NOT NULL DEFAULT '' COMMENT 'Meta Keywords',
  `meta_description` tinytext NOT NULL COMMENT 'Meta description',
  `id` bigint(20) unsigned NOT NULL AUTO_INCREMENT COMMENT 'Primary key',
  `date_created` datetime DEFAULT NULL COMMENT 'Date',
  `date_updated` datetime DEFAULT NULL COMMENT 'Update Date',
  `author_id` bigint(20) unsigned NOT NULL COMMENT 'author_id',
  `editor_id` bigint(20) unsigned DEFAULT NULL COMMENT 'editor_id',
  `published` tinyint(1) NOT NULL DEFAULT '0' COMMENT 'Is published',
  `published_version` bigint(20) unsigned NOT NULL DEFAULT '0' COMMENT 'Published version',
  `date_published` datetime DEFAULT NULL COMMENT 'Date',
  `image` bigint(20) unsigned NOT NULL DEFAULT '0' COMMENT 'Image',
  PRIMARY KEY (`id`),
  UNIQUE KEY `code` (`code`)
) ENGINE=MyISAM AUTO_INCREMENT=23 DEFAULT CHARSET=utf8;

LOCK TABLES `sb_projects` WRITE;
/*!40000 ALTER TABLE `sb_projects` DISABLE KEYS */;
INSERT INTO `sb_projects` (`text`,`main_topic`,`title`,`brief`,`code`,`allow_comments`,`related_topics`,`allow_votes`,`meta_keywords`,`meta_description`,`id`,`date_created`,`date_updated`,`author_id`,`editor_id`,`published`,`published_version`,`date_published`,`image`)
VALUES
	('<p>text text text text text text text text text text text text text text text text text text text text text text text text text text text text text text text text text text text text text text text text text text text text text text text text text text text text text text text text text text text text text text text text text text text text text text text text text text text text text text text text text text text text text text text text text text text text text text text text text text text text text text text text text text text text text text text text text text text text</p>',1,'Проект игры на айфоне','brief brief brief brief brief brief brief brief brief brief brief brief brief brief brief brief brief brief brief brief brief brief brief brief brief brief brief brief brief brief brief brief brief brief','first2',1,'a:1:{i:2;a:2:{s:2:\"id\";i:2;s:5:\"title\";s:28:\"B2B тестирование\";}}',1,'','wwww',1,'2012-01-03 01:56:15','2013-02-18 07:03:54',1,1,1,5,'0000-00-00 00:00:00',273),
	('<p>text2 text2 text2  text2  text2  text2  text2  text2  text2  text2  text2  text2  text2  text2  text2  text2  text2  text2  text2  text2  text2  text2  text2  text2  text2  text2  text2  text2  text2  text2  text2  text2  text2  text2  text2  text2  text2  text2  text2  text2  text2  text2  text2  text2  text2  text2  text2  text2  text2  text2  text2  text2  text2  text2  text2  text2  text2  text2  text2  text2  text2  text2  text2  text2  text2  text2  text2  text2  text2  text2  text2  text2  text2  text2  text2  text2  text2  text2  text2  text2  text2  text2  text2  text2  text2  text2  text2  text2  text2  text2  text2  text2  text2  text2  text2  text2  text2  text2  text2  text2  text2  text2  text2  text2  text2  text2  text2  text2  text2  text2  text2  text2  text2  text2  text2  text2  text2  text2  text2  text2  text2  text2  text2  text2  text2  text2  text2  text2  text2  text2  text2  text2  text2  text2  text2  text2  text2  text2  text2  text2  text2  text2  text2  text2  text2  text2  text2  text2  text2</p>',1,'Юзабилити тесты','brief 2 brief 2 brief 2 brief 2 brief 2 brief 2 brief 2 brief 2 brief 2 brief 2 brief 2 brief 2 brief 2 brief 2 brief 2 brief 2','usability',1,'',1,'','',2,'2012-03-09 12:15:22','2013-02-18 07:05:04',1,1,1,3,'0000-00-00 00:00:00',270),
	('<p>crop crop crop crop crop crop crop crop crop crop crop crop crop crop crop crop crop crop crop crop crop crop crop crop crop crop crop crop crop crop crop crop crop crop crop crop crop crop crop crop crop crop crop crop crop crop crop crop crop crop crop crop crop crop crop crop crop crop crop crop crop crop crop crop crop crop crop crop crop crop crop crop crop crop crop crop crop crop crop crop crop crop crop crop crop crop crop crop crop crop crop crop crop crop crop crop crop crop crop crop crop crop crop crop crop crop crop crop crop crop crop crop crop crop crop crop crop crop crop crop crop crop crop crop crop crop crop crop crop crop crop crop crop crop crop crop crop crop crop crop crop crop crop crop crop crop crop crop crop crop crop crop crop crop crop crop crop crop crop crop crop crop crop crop crop crop crop crop crop crop crop crop crop crop crop crop crop crop crop crop crop crop crop crop crop crop crop crop crop crop crop crop crop crop crop crop crop crop</p>',1,'Media library how to','How To How To How To How To crop crop crop crop crop crop crop crop crop crop crop crop crop crop crop crop crop crop crop crop crop crop crop crop crop crop crop','crop2',1,'a:1:{i:3;a:2:{s:2:\"id\";i:3;s:5:\"title\";s:5:\"World\";}}',1,'','www',3,'2012-03-09 12:20:58','2012-09-01 14:53:38',1,1,1,11,'0000-00-00 00:00:00',274),
	('<p>how tohow tohow tohow tohow tohow tohow tohow tohow tohow tohow tohow tohow tohow tohow tohow tohow tohow tohow tohow tohow tohow tohow tohow tohow tohow tohow tohow tohow tohow tohow tohow tohow tohow tohow tohow tohow tohow tohow tohow tohow tohow tohow tohow tohow tohow tohow tohow tohow tohow tohow tohow tohow tohow tohow tohow tohow tohow tohow tohow tohow tohow tohow tohow tohow tohow tohow tohow tohow tohow tohow tohow tohow tohow tohow tohow tohow tohow tohow tohow tohow tohow tohow tohow tohow tohow tohow tohow tohow tohow tohow tohow to</p>',4,'How to crop 3','how to how to how to how to how to how to how to how to how to how to v','cropimage',1,'',1,'','',4,'2012-03-09 12:29:24','2012-09-01 15:05:47',1,1,1,5,'0000-00-00 00:00:00',270),
	('Lorem ipsum dolor sit amet, consectetur adipisicing elit, sed do eiusmod tempor incididunt ut labore et dolore magna aliqua.',1,'Finance 1','Lorem ipsum dolor sit amet, consectetur adipisicing elit, sed do eiusmod tempor incididunt ut labore et dolore magna aliqua.','fin_1',0,'',0,'','',14,'2012-09-22 14:57:11','2012-09-22 14:57:13',1,1,1,1,'2012-09-22 14:57:13',273),
	('<p>Lorem ipsum dolor sit amet, consectetur adipiscing elit. Aliquam dapibus, enim vitae posuere euismod, urna lorem elementum sem, eget consectetur nisi quam et sapien. Quisque eu vestibulum odio. Nunc ac ante leo. Pellentesque turpis ipsum, fermentum vitae malesuada et, congue euismod sapien. Curabitur ac nisi ac orci viverra condimentum. Maecenas adipiscing mi at eros venenatis eget tincidunt diam elementum. Donec malesuada accumsan eleifend. Sed metus dolor, elementum vitae adipiscing at, sagittis ac velit. Nulla fringilla vehicula diam non facilisis. Praesent vel odio metus. Curabitur in ligula metus. Duis a convallis massa.</p>\r\n\r\n<p>Lorem ipsum dolor sit amet, consectetur adipiscing elit. In hac habitasse platea dictumst. Nam molestie quam vestibulum odio consequat varius. Nullam pulvinar pharetra ultricies. Morbi vitae orci lacus. Etiam tempor ipsum eu sem eleifend in scelerisque odio porttitor. Morbi in magna lorem. Aenean dictum nisi eget lacus ultricies feugiat. Quisque a sem sed lectus congue ultrices ut non tellus. Proin ac turpis lectus, nec consectetur dolor. Morbi id magna id massa tempor imperdiet nec vitae metus.</p>',2,'Comments test','Lorem ipsum dolor sit amet, consectetur adipisicing elit, sed do eiusmod tempor incididunt ut labore et dolore magna aliqua. Ut enim ad minim veniam, quis nostrud exercitation ullamco laboris nisi ut aliquip ex ea commodo consequat.','cropfour',1,'',1,'','',5,'2012-03-09 12:30:04','2012-07-15 13:50:07',1,1,1,7,'0000-00-00 00:00:00',274),
	('<p>Lorem ipsum dolor sit amet, consectetur adipiscing elit. Aliquam dapibus, enim vitae posuere euismod, urna lorem elementum sem, eget consectetur nisi quam et sapien. Quisque eu vestibulum odio. Nunc ac ante leo. Pellentesque turpis ipsum, fermentum vitae malesuada et, congue euismod sapien. Curabitur ac nisi ac orci viverra condimentum. Maecenas adipiscing mi at eros venenatis eget tincidunt diam elementum. Donec malesuada accumsan eleifend. Sed metus dolor, elementum vitae adipiscing at, sagittis ac velit. Nulla fringilla vehicula diam non facilisis. Praesent vel odio metus. Curabitur in ligula metus. Duis a convallis massa.</p>\r\n\r\n<p>Lorem ipsum dolor sit amet, consectetur adipiscing elit. In hac habitasse platea dictumst. Nam molestie quam vestibulum odio consequat varius. Nullam pulvinar pharetra ultricies. Morbi vitae orci lacus. Etiam tempor ipsum eu sem eleifend in scelerisque odio porttitor. Morbi in magna lorem. Aenean dictum nisi eget lacus ultricies feugiat. Quisque a sem sed lectus congue ultrices ut non tellus. Proin ac turpis lectus, nec consectetur dolor. Morbi id magna id massa tempor imperdiet nec vitae metus.</p>',4,'New international','Nam justo velit, convallis sit amet fringilla eu','newpolitics',1,'',1,'','',6,'2012-03-09 14:58:35','2012-07-15 13:50:51',1,1,1,2,'2012-03-09 15:00:28',268),
	('<p><img src=\"/media/2012/04/17/27_04_2009_0903969001240823731_ray-massey-small.jpg\" border=\"0\" title=\"27_04_2009_0903969001240823731_ray-massey\" style=\"float: left;\" /> hu morhu m or humorhumor  hu morh mor humor</p>',1,'Покупай офлайн ищи онлайн','','finance1',1,'a:2:{i:2;a:2:{s:2:\"id\";i:2;s:5:\"title\";s:28:\"B2B тестирование\";}i:3;a:2:{s:2:\"id\";i:3;s:5:\"title\";s:29:\"ROPO исследование\";}}',0,'','',8,'2012-03-09 15:01:22','2013-02-18 07:06:08',1,1,1,10,'2012-03-09 15:01:47',271),
	('',1,'Finance 2','Lorem ipsum dolor sit amet, consectetur adipisicing elit, sed do eiusmod tempor incididunt ut labore et dolore magna aliqua.','finance_2',0,'',0,'','',15,'2012-09-22 14:57:43','2012-09-22 14:57:44',1,1,1,1,'2012-09-22 14:57:44',271),
	('<p><img src=\"/media/2012/04/17/27_04_2009_0906220001240823731_ray-massey-thumbnail.jpg\" border=\"0\" title=\"27_04_2009_0906220001240823731_ray-massey\" />Finance text finance textfinance textfinance textfinance textfinance textfinance textfinance textfinance textfinance textfinance textfinance textfinance textfinance textfinance textfinance textfinance textfinance textfinance textfinance textfinance textfinance textfinance textfinance</p>\n<p>&nbsp;</p>\n<p><a href=\"/media/2012/04/17/27_04_2009_0906220001240823731_ray-massey.jpg\">27_04_2009_0906220001240823731_ray-massey</a></p>\n<h2>textfinance textfinance textfinance textfinance textfinance textfinance</h2>\n<p>&nbsp;</p>\n<p>textfinance textfinance <img src=\"/media/2012/04/17/27_04_2009_0901726001240823731_ray-massey-thumbnail.jpg\" border=\"0\" title=\"27_04_2009_0901726001240823731_ray-massey\" vspace=\"4\" align=\"left\" style=\"float: left;\" />textfinance textfinance textfinance textfinance textfinance textfinance textfinance textfinance textfinance textfinance textfinance textfinance textfinance textfinance textfinance textfinance textfinance textfinance textfinance textfinance textfinance textfinance  textfinance textfinance textfinance textfinance textfinance textfinance  textfinance textfinance textfinance textfinance textfinance textfinance  textfinance textfinance textfinance textfinance textfinance textfinance  textfinance textfinance textfinance textfinance textfinance textfinance  textfinance textfinance textfinance12 textfinance textfinance textfinance  textfinance textfinance textfinance textfinance textfinance textfinance  textfinance textfinance textfinance textfinance textfinance textfinance  textfinance textfinance textfinance textfinance textfinance textfinance  textv</p>',1,'Finance 4','Nam justo velit, convallis sit amet fringilla eu','finance4',0,'a:3:{i:3;a:2:{s:2:\"id\";i:3;s:5:\"title\";s:5:\"World\";}i:5;a:2:{s:2:\"id\";i:5;s:5:\"title\";s:5:\"Humor\";}i:4;a:2:{s:2:\"id\";i:4;s:5:\"title\";s:6:\"How To\";}}',0,'Finance marketing','meta description',9,'2012-05-22 21:03:43','2012-06-11 09:38:19',1,1,1,16,'0000-00-00 00:00:00',0),
	('<p><label id=\"ext-comp-1045-labelEl\" class=\"x-form-item-label\" style=\"width: 150px; margin-right: 5px;\" for=\"ext-comp-1045-inputEl\"></label>123</p>',5,'Tempor incididunt','Lorem ipsum dolor sit amet, consectetur adipisicing elit, sed do eiusmod tempor incididunt ut labore et dolore magna aliqua.','tempo',0,'',0,'','',10,'2012-05-26 13:13:35','2012-09-01 15:07:27',1,1,1,5,'2012-05-26 13:13:36',271),
	('<p><label id=\"ext-comp-1141-labelEl\" class=\"x-form-item-label\" style=\"width: 150px; margin-right: 5px;\" for=\"ext-comp-1141-inputEl\"></label>234</p>',4,'Labore et dolore','Lorem ipsum dolor sit amet, consectetur adipisicing elit, sed do eiusmod tempor incididunt ut labore et dolore magna aliqua.','cosm',0,'',0,'','',11,'2012-05-26 13:13:57','2012-09-01 15:07:12',1,1,1,5,'2012-05-26 13:13:58',272),
	('<p>Lorem ipsum dolor sit amet, consectetur adipisicing elit, sed do eiusmod tempor incididunt ut labore et dolore magna aliqua. Ut enim ad minim veniam, quis nostrud exercitation ullamco laboris nisi ut aliquip ex ea commodo consequat.<br /><label id=\"ext-comp-1045-labelEl\" class=\"x-form-item-label\" style=\"width: 150px; margin-right: 5px;\" for=\"ext-comp-1045-inputEl\"></label></p>',2,'Lorem ipsum','Lorem ipsum dolor sit amet, consectetur adipisicing elit, sed do eiusmod tempor incididunt ut labore et dolore magna aliqua. Ut enim ad minim veniam, quis nostrud exercitation ullamco laboris nisi ut aliquip ex ea commodo consequat.','lori',0,'',0,'','',12,'2012-05-26 13:14:20','2012-09-01 15:06:59',1,1,1,5,'2012-05-26 13:14:23',275),
	('<p><label id=\"ext-comp-1138-labelEl\" class=\"x-form-item-label\" style=\"width: 150px; margin-right: 5px;\" for=\"ext-comp-1138-inputEl\"></label>567</p>',2,'Dolor sit amet','Lorem ipsum dolor sit amet, consectetur adipisicing elit, sed do eiusmod tempor incididunt ut labore et dolore magna aliqua. Ut enim ad minim veniam, quis nostrud exercitation ullamco laboris nisi ut aliquip ex ea commodo consequat.','dosimet',0,'',0,'','',13,'2012-05-26 13:18:11','2012-09-01 15:06:35',1,1,1,4,'2012-05-26 13:18:12',271),
	('',1,'Finance 3','Lorem ipsum dolor sit amet, consectetur adipisicing elit, sed do eiusmod tempor incididunt ut labore et dolore magna aliqua.','finance_3',0,'',0,'','',16,'2012-09-22 14:58:02','2012-09-22 14:58:04',1,1,1,1,'2012-09-22 14:58:04',272),
	('Lorem ipsum dolor sit amet, consectetur adipisicing elit, sed do eiusmod tempor incididunt ut labore et dolore magna aliqua.',1,'Finance 4','Lorem ipsum dolor sit amet, consectetur adipisicing elit, sed do eiusmod tempor incididunt ut labore et dolore magna aliqua.','finance 4',0,'',0,'','',17,'2012-09-22 14:58:30','2012-09-22 14:58:31',1,1,1,1,'2012-09-22 14:58:31',270),
	('Lorem ipsum dolor sit amet, consectetur adipisicing elit, sed do eiusmod tempor incididunt ut labore et dolore magna aliqua.',1,'Finance 5','Lorem ipsum dolor sit amet, consectetur adipisicing elit, sed do eiusmod tempor incididunt ut labore et dolore magna aliqua.','finance _5',0,'',0,'','',18,'2012-09-22 14:59:00','2012-09-22 14:59:06',1,1,1,2,'2012-09-22 14:59:01',268),
	('',1,'Finance 6','Lorem ipsum dolor sit amet, consectetur adipisicing elit, sed do eiusmod tempor incididunt ut labore et dolore magna aliqua.','finance_6',0,'',0,'','',19,'2012-09-22 14:59:35','2012-09-22 14:59:36',1,1,1,1,'2012-09-22 14:59:36',275),
	('Lorem ipsum dolor sit amet, consectetur adipisicing elit, sed do eiusmod tempor incididunt ut labore et dolore magna aliqua.',1,'Finance 7','Lorem ipsum dolor sit amet, consectetur adipisicing elit, sed do eiusmod tempor incididunt ut labore et dolore magna aliqua.','finance_7',0,'',0,'','',20,'2012-09-22 15:00:03','2012-09-22 15:00:04',1,1,1,1,'2012-09-22 15:00:04',274),
	('Lorem ipsum dolor sit amet, consectetur adipisicing elit, sed do eiusmod tempor incididunt ut labore et dolore magna aliqua.',1,'Finance 8','Lorem ipsum dolor sit amet, consectetur adipisicing elit, sed do eiusmod tempor incididunt ut labore et dolore magna aliqua.','finance_8',0,'',0,'','',21,'2012-09-22 15:00:28','2012-09-22 15:00:29',1,1,1,1,'2012-09-22 15:00:29',272),
	('второй проект',1,'Тестируем игры на приставке Sony PlayStation','такой вот оборот','',1,'3',0,'','2',22,'0000-00-00 00:00:00','0000-00-00 00:00:00',2,121,0,0,'0000-00-00 00:00:00',0);

/*!40000 ALTER TABLE `sb_projects` ENABLE KEYS */;
UNLOCK TABLES;


# Dump of table sb_tester_test
# ------------------------------------------------------------

DROP TABLE IF EXISTS `sb_tester_test`;

CREATE TABLE `sb_tester_test` (
  `user_id` bigint(20) unsigned NOT NULL COMMENT 'tester id',
  `project_id` bigint(20) unsigned NOT NULL,
  `test_id` bigint(20) unsigned NOT NULL,
  KEY `user_id` (`user_id`),
  KEY `project_id` (`project_id`),
  KEY `test_id` (`test_id`)
) ENGINE=MyISAM DEFAULT CHARSET=utf8;

LOCK TABLES `sb_tester_test` WRITE;
/*!40000 ALTER TABLE `sb_tester_test` DISABLE KEYS */;
INSERT INTO `sb_tester_test` (`user_id`,`project_id`,`test_id`)
VALUES
	(4,1,1),
	(13,1,3),
	(4,1,2);

/*!40000 ALTER TABLE `sb_tester_test` ENABLE KEYS */;
UNLOCK TABLES;


# Dump of table sb_tests
# ------------------------------------------------------------

DROP TABLE IF EXISTS `sb_tests`;

CREATE TABLE `sb_tests` (
  `code` varchar(100) NOT NULL DEFAULT '' COMMENT 'Code',
  `title` varchar(255) NOT NULL DEFAULT '' COMMENT 'Title',
  `parent_id` bigint(20) unsigned NOT NULL DEFAULT '0' COMMENT 'Parent Topic',
  `order_no` int(10) unsigned NOT NULL DEFAULT '0' COMMENT 'Sort Order',
  `id` bigint(20) unsigned NOT NULL AUTO_INCREMENT COMMENT 'Primary key',
  `description` text NOT NULL COMMENT 'Описание',
  PRIMARY KEY (`id`),
  UNIQUE KEY `code` (`code`)
) ENGINE=MyISAM AUTO_INCREMENT=12 DEFAULT CHARSET=utf8;

LOCK TABLES `sb_tests` WRITE;
/*!40000 ALTER TABLE `sb_tests` DISABLE KEYS */;
INSERT INTO `sb_tests` (`code`,`title`,`parent_id`,`order_no`,`id`,`description`)
VALUES
	('games','Тестирование игр',0,0,1,'Проверка геймплэя в социальных сетях vkontakte и facebook \r\n'),
	('social','Тестирование групп в социальных сетях',0,0,2,'Проверка эффективности сообществ в социальных сетях'),
	('ropo','ROPO исследование',0,0,3,'ROPO — ищи онлайн, покупай оффлайн. Процесс поиска в интернете для 	получения необходимой информации о товаре перед покупкой не в сети.\r\n'),
	('search_ppc','Поисковый и PPC тесты',0,0,4,'PPC тестирование включает в себя проверку эффективности новых ключевых слов\r\n            и возможных ошибках на Google AdWords и Google Analytics\r\n	Поисковый тест включает в себя сравнительный анализ с тремя аналогичными 	сайтами.\r\n'),
	('first_impression','Тестирование первого впечатления',0,0,5,'Какова первая реакция при посещении целевой страницы\r\n	Насколько легко понять основную концепцию сайта\r\n	Насколько удачен дизайн для подачи этой идеи\r\n'),
	('classic','Классическое тестирование ',0,0,6,'Классическое тестирование включает в себя\r\n	Насколько пользователю просто найти и купить продукт\r\n	Как удобно организован и работает внутренний поиск на сайте\r\n	Насколько понятен интерфейс и меню сайта\r\n	Почему пользователи могут отказаться от покупки товара\r\n	Насколько полна и доходчива информация о товарах на сайте\r\n'),
	('special','Специальные тесты',0,0,7,'Как быстро пользователь может выполнить свои задачи, особенно если он занят\r	Насколько быстро пользователь получает важную информацию\r	Возможность быстрой (подписки/отписки) на обновления\r'),
	('benchmarking','Бенчмаркинг тесты',0,0,8,'Сравнение с сайтами конкурентов \r\n это процесс определения, понимания и адаптации имеющихся примеров эффективного функционирования компании с целью улучшения собственной 	работы. Он в равной степени включает в себя два процесса: оценивание и cоопоставление.'),
	('startup','Тесты прототипов и проектов на ранней стадии',0,0,9,'Создание сопроводительных текстов для получения отзывов и сбор информации\r\n'),
	('marketing','Маркетинговое тестирование',0,0,10,'Возможности улучшения бизнеса засчет email рассылки\r	Возможности улучшения быстрой подписки и заполняемости форм.\r\n'),
	('name','Тестирование названия',0,0,11,'Насколько удачно подходит название и логотип');

/*!40000 ALTER TABLE `sb_tests` ENABLE KEYS */;
UNLOCK TABLES;


# Dump of table StoreAttribute
# ------------------------------------------------------------

DROP TABLE IF EXISTS `StoreAttribute`;

CREATE TABLE `StoreAttribute` (
  `id` int(11) NOT NULL AUTO_INCREMENT,
  `name` varchar(255) NOT NULL,
  `type` tinyint(4) NOT NULL,
  `display_on_front` tinyint(1) NOT NULL DEFAULT '1',
  `use_in_filter` tinyint(1) NOT NULL,
  `use_in_variants` tinyint(1) NOT NULL,
  `use_in_compare` tinyint(1) NOT NULL DEFAULT '0',
  `select_many` tinyint(1) NOT NULL,
  `position` int(11) DEFAULT '0',
  `required` tinyint(1) NOT NULL,
  PRIMARY KEY (`id`),
  KEY `use_in_filter` (`use_in_filter`),
  KEY `display_on_front` (`display_on_front`),
  KEY `position` (`position`),
  KEY `use_in_variants` (`use_in_variants`),
  KEY `use_in_compare` (`use_in_compare`),
  KEY `name` (`name`)
) ENGINE=MyISAM AUTO_INCREMENT=102 DEFAULT CHARSET=utf8;

LOCK TABLES `StoreAttribute` WRITE;
/*!40000 ALTER TABLE `StoreAttribute` DISABLE KEYS */;
INSERT INTO `StoreAttribute` (`id`,`name`,`type`,`display_on_front`,`use_in_filter`,`use_in_variants`,`use_in_compare`,`select_many`,`position`,`required`)
VALUES
	(101,'test_speed',3,1,1,1,0,0,0,0),
	(100,'test_market',3,1,1,1,0,0,0,0),
	(99,'test_search',3,1,1,1,0,0,0,0),
	(98,'test_classic',3,1,1,1,0,0,0,0),
	(97,'test_game',3,1,1,1,0,0,0,0),
	(96,'test_benchmark',3,1,1,1,0,0,0,0),
	(95,'test_ropo',3,1,1,1,0,0,0,0),
	(94,'test_prototype',3,1,1,1,0,0,0,0),
	(93,'advert_audit',3,1,1,1,0,0,0,0),
	(92,'content_audit',3,1,1,1,0,0,0,0),
	(91,'mini_audit',3,1,1,1,0,0,0,0),
	(89,'market_audit',3,1,1,1,0,0,0,0),
	(90,'complex_audit',3,1,1,1,0,0,0,0),
	(88,'search_audit',3,1,1,1,0,0,0,0),
	(87,'usability_audit',3,1,1,1,0,0,0,0),
	(86,'tech_audit',3,1,1,1,0,0,0,0),
	(85,'wm',3,1,1,0,0,0,0,0),
	(84,'sales',3,1,1,0,0,0,0,0),
	(83,'csv',3,1,1,0,0,0,0,0),
	(82,'yandexmarket',3,1,1,0,0,0,0,0),
	(81,'int1c',3,1,1,0,0,0,0,0),
	(80,'hosting1year',3,1,1,1,0,0,0,0),
	(79,'hosting',3,1,1,0,1,0,0,0),
	(78,'uniquedesign',3,1,1,1,0,0,0,0),
	(77,'mindesign',3,1,1,0,0,0,0,0),
	(76,'fotogallery',3,1,1,1,0,0,0,0),
	(75,'content_more_20',3,1,1,1,0,0,0,0),
	(74,'content_more_15',3,1,1,1,0,0,0,0),
	(73,'content_more_10',3,1,1,1,1,1,0,0),
	(72,'news',3,1,1,1,0,0,0,0),
	(71,'feedback',3,1,1,0,0,0,0,0),
	(70,'content_more_5',3,1,1,1,0,0,0,0),
	(69,'content5',3,1,1,0,0,0,0,0),
	(67,'design',3,1,1,1,1,1,0,0);

/*!40000 ALTER TABLE `StoreAttribute` ENABLE KEYS */;
UNLOCK TABLES;


# Dump of table StoreAttributeOption
# ------------------------------------------------------------

DROP TABLE IF EXISTS `StoreAttributeOption`;

CREATE TABLE `StoreAttributeOption` (
  `id` int(11) NOT NULL AUTO_INCREMENT,
  `attribute_id` int(11) NOT NULL,
  `position` tinyint(4) NOT NULL,
  PRIMARY KEY (`id`),
  KEY `attribute_id` (`attribute_id`),
  KEY `position` (`position`)
) ENGINE=MyISAM AUTO_INCREMENT=236 DEFAULT CHARSET=utf8;

LOCK TABLES `StoreAttributeOption` WRITE;
/*!40000 ALTER TABLE `StoreAttributeOption` DISABLE KEYS */;
INSERT INTO `StoreAttributeOption` (`id`,`attribute_id`,`position`)
VALUES
	(224,96,0),
	(221,94,1),
	(218,93,0),
	(215,91,1),
	(212,90,0),
	(209,88,1),
	(206,87,0),
	(222,95,0),
	(220,94,0),
	(219,93,1),
	(208,88,0),
	(213,90,1),
	(217,92,1),
	(207,87,1),
	(205,86,1),
	(214,91,0),
	(204,86,0),
	(216,92,0),
	(211,89,1),
	(223,95,1),
	(192,80,0),
	(210,89,0),
	(195,82,1),
	(203,85,1),
	(202,85,0),
	(201,84,1),
	(200,84,0),
	(197,81,1),
	(194,82,0),
	(199,83,1),
	(198,83,0),
	(193,80,1),
	(196,81,0),
	(191,79,1),
	(188,78,0),
	(176,70,1),
	(173,72,0),
	(187,77,1),
	(175,70,0),
	(172,71,1),
	(184,76,0),
	(190,79,0),
	(174,72,1),
	(171,71,0),
	(189,78,1),
	(170,69,1),
	(185,76,1),
	(169,69,0),
	(183,75,1),
	(182,75,0),
	(181,73,1),
	(186,77,0),
	(180,73,0),
	(225,96,1),
	(226,97,0),
	(227,97,1),
	(228,98,0),
	(229,98,1),
	(230,99,0),
	(231,99,1),
	(232,100,0),
	(233,100,1),
	(234,101,0),
	(235,101,1);

/*!40000 ALTER TABLE `StoreAttributeOption` ENABLE KEYS */;
UNLOCK TABLES;


# Dump of table StoreAttributeOptionTranslate
# ------------------------------------------------------------

DROP TABLE IF EXISTS `StoreAttributeOptionTranslate`;

CREATE TABLE `StoreAttributeOptionTranslate` (
  `id` int(11) NOT NULL AUTO_INCREMENT,
  `language_id` int(11) NOT NULL,
  `object_id` int(11) NOT NULL,
  `value` varchar(255) NOT NULL,
  PRIMARY KEY (`id`),
  KEY `language_id` (`language_id`),
  KEY `object_id` (`object_id`)
) ENGINE=MyISAM AUTO_INCREMENT=471 DEFAULT CHARSET=utf8;

LOCK TABLES `StoreAttributeOptionTranslate` WRITE;
/*!40000 ALTER TABLE `StoreAttributeOptionTranslate` DISABLE KEYS */;
INSERT INTO `StoreAttributeOptionTranslate` (`id`,`language_id`,`object_id`,`value`)
VALUES
	(419,1,210,'да'),
	(418,9,209,'no'),
	(415,1,208,'да'),
	(414,9,207,'no'),
	(410,9,205,'no'),
	(409,1,205,'нет'),
	(406,9,203,'no'),
	(405,1,203,'нет'),
	(402,9,201,'no'),
	(401,1,201,'нет'),
	(397,1,199,'нет'),
	(396,9,198,'yes'),
	(391,1,196,'да'),
	(390,9,195,'no'),
	(416,9,208,'yes'),
	(413,1,207,'нет'),
	(412,9,206,'yes'),
	(411,1,206,'да'),
	(395,1,198,'да'),
	(394,9,197,'no'),
	(417,1,209,'нет'),
	(408,9,204,'yes'),
	(393,1,197,'нет'),
	(392,9,196,'yes'),
	(389,1,195,'нет'),
	(388,9,194,'yes'),
	(387,1,194,'да'),
	(386,9,193,'no'),
	(407,1,204,'да'),
	(400,9,200,'yes'),
	(399,1,200,'да'),
	(377,1,189,'нет'),
	(376,9,188,'yes'),
	(398,9,199,'no'),
	(385,1,193,'нет'),
	(384,9,192,'yes'),
	(383,1,192,'да'),
	(382,9,191,'no'),
	(381,1,191,'нет'),
	(380,9,190,'yes'),
	(378,9,189,'no'),
	(375,1,188,'да'),
	(372,9,186,'yes'),
	(373,1,187,'нет'),
	(374,9,187,'no'),
	(379,1,190,'да'),
	(371,1,186,'да'),
	(369,1,185,'нет'),
	(370,9,185,'no'),
	(367,1,184,'да'),
	(360,9,180,'yes'),
	(359,1,180,'да'),
	(351,1,176,'нет'),
	(350,9,175,'yes'),
	(345,1,173,'да'),
	(343,1,172,'нет'),
	(344,9,172,'no'),
	(349,1,175,'да'),
	(348,9,174,'no'),
	(342,9,171,'yes'),
	(341,1,171,'да'),
	(352,9,176,'no'),
	(366,9,183,'no'),
	(347,1,174,'нет'),
	(346,9,173,'yes'),
	(340,9,170,'no'),
	(339,1,170,'нет'),
	(365,1,183,'нет'),
	(338,9,169,'yes'),
	(337,1,169,'да'),
	(335,1,168,'flash'),
	(362,9,181,'no'),
	(361,1,181,'нет'),
	(330,9,165,'2'),
	(329,1,165,'2'),
	(328,9,164,'2'),
	(327,1,164,'2'),
	(336,9,168,'flash'),
	(368,9,184,'yes'),
	(404,9,202,'yes'),
	(403,1,202,'да'),
	(364,9,182,'yes'),
	(363,1,182,'да'),
	(326,9,163,'1'),
	(325,1,163,'1'),
	(420,9,210,'yes'),
	(421,1,211,'нет'),
	(422,9,211,'no'),
	(423,1,212,'да'),
	(424,9,212,'yes'),
	(425,1,213,'нет'),
	(426,9,213,'no'),
	(427,1,214,'да'),
	(428,9,214,'yes'),
	(429,1,215,'нет'),
	(430,9,215,'no'),
	(431,1,216,'да'),
	(432,9,216,'yes'),
	(433,1,217,'нет'),
	(434,9,217,'no'),
	(435,1,218,'да'),
	(436,9,218,'yes'),
	(437,1,219,'нет'),
	(438,9,219,'no'),
	(439,1,220,'да'),
	(440,9,220,'yes'),
	(441,1,221,'нет'),
	(442,9,221,'no'),
	(443,1,222,'да'),
	(444,9,222,'yes'),
	(445,1,223,'нет'),
	(446,9,223,'no'),
	(447,1,224,'да'),
	(448,9,224,'yes'),
	(449,1,225,'нет'),
	(450,9,225,'no'),
	(451,1,226,'да'),
	(452,9,226,'yes'),
	(453,1,227,'нет'),
	(454,9,227,'no'),
	(455,1,228,'да'),
	(456,9,228,'yes'),
	(457,1,229,'нет'),
	(458,9,229,'no'),
	(459,1,230,'да'),
	(460,9,230,'yes'),
	(461,1,231,'нет'),
	(462,9,231,'no'),
	(463,1,232,'да'),
	(464,9,232,'yes'),
	(465,1,233,'нет'),
	(466,9,233,'no'),
	(467,1,234,'да'),
	(468,9,234,'yes'),
	(469,1,235,'нет'),
	(470,9,235,'no');

/*!40000 ALTER TABLE `StoreAttributeOptionTranslate` ENABLE KEYS */;
UNLOCK TABLES;


# Dump of table StoreAttributeTranslate
# ------------------------------------------------------------

DROP TABLE IF EXISTS `StoreAttributeTranslate`;

CREATE TABLE `StoreAttributeTranslate` (
  `id` int(11) NOT NULL AUTO_INCREMENT,
  `object_id` int(11) NOT NULL,
  `language_id` int(11) NOT NULL,
  `title` text NOT NULL,
  PRIMARY KEY (`id`),
  KEY `object_id` (`object_id`),
  KEY `language_id` (`language_id`)
) ENGINE=MyISAM AUTO_INCREMENT=223 DEFAULT CHARSET=utf8;

LOCK TABLES `StoreAttributeTranslate` WRITE;
/*!40000 ALTER TABLE `StoreAttributeTranslate` DISABLE KEYS */;
INSERT INTO `StoreAttributeTranslate` (`id`,`object_id`,`language_id`,`title`)
VALUES
	(217,99,1,'Поисковый и ppc тест'),
	(218,99,9,'Поисковый и ppc тест'),
	(219,100,1,'Маркетинговый тест'),
	(220,100,9,'Маркетинговый тест'),
	(221,101,1,'Тесты скорости работы'),
	(222,101,9,'Тесты скорости работы'),
	(212,96,9,'Бенчмаркинг тест'),
	(213,97,1,'Тестирование игр'),
	(214,97,9,'Тестирование игр'),
	(215,98,1,'Классический тест'),
	(216,98,9,'Классический тест'),
	(209,95,1,'ROPO исследование'),
	(210,95,9,'ROPO исследование'),
	(211,96,1,'Бенчмаркинг тест'),
	(204,92,9,'Аудит контента сайта'),
	(205,93,1,'Аудит контекстной рекламы'),
	(206,93,9,'Аудит контекстной рекламы'),
	(207,94,1,'Тесты прототипов (проекты на ранней стадии)'),
	(208,94,9,'Тесты прототипов (проекты на ранней стадии)'),
	(199,90,1,'Комплексный аудит сайта'),
	(200,90,9,'Комплексный аудит сайта'),
	(201,91,1,'Мини-аудит сайта'),
	(202,91,9,'Мини-аудит сайта'),
	(203,92,1,'Аудит контента сайта'),
	(196,88,9,'Поисковый аудит сайта'),
	(197,89,1,'Маркетинговый аудит сайта'),
	(198,89,9,'Маркетинговый аудит сайта'),
	(192,86,9,'Технический аудит сайта'),
	(193,87,1,'Аудит юзабилити сайта'),
	(194,87,9,'Аудит юзабилити сайта'),
	(195,88,1,'Поисковый аудит сайта'),
	(190,85,9,'Платежи с помощью WebMoney, Robokassa, Assist'),
	(191,86,1,'Технический аудит сайта'),
	(188,84,9,'Скидки и акции'),
	(189,85,1,'Платежи с помощью WebMoney, Robokassa, Assist'),
	(186,83,9,'Импорт товаров из CSV файлов'),
	(187,84,1,'Скидки и акции'),
	(183,82,1,'Интеграция с Yandex.Market'),
	(184,82,9,'Интеграция с Yandex.Market'),
	(185,83,1,'Импорт товаров из CSV файлов'),
	(182,81,9,'Интеграция с 1С'),
	(181,81,1,'Интеграция с 1С'),
	(180,80,9,'Хостинг 1 год (3гб)'),
	(178,79,9,'Размещение в сети интернет'),
	(179,80,1,'Хостинг 1 год (3гб)'),
	(174,77,9,'Шаблонный дизайн'),
	(175,78,1,'Уникальный авторский дизайн'),
	(176,78,9,'Уникальный авторский дизайн'),
	(177,79,1,'Размещение в сети интернет'),
	(170,75,9,'Наполнение еще 20 страниц'),
	(171,76,1,'Модуль фотогалерея'),
	(172,76,9,'Модуль фотогалерея'),
	(173,77,1,'Шаблонный дизайн'),
	(169,75,1,'Наполнение еще 20 страниц'),
	(163,72,1,'Модуль новости'),
	(164,72,9,'Новости сайта'),
	(160,70,9,'Наполнение 10 страниц'),
	(161,71,1,'Форма обратной связи'),
	(162,71,9,'Форма обратной связи'),
	(157,69,1,'Наполнение 5 страниц'),
	(158,69,9,'Наполнение 5 страниц'),
	(159,70,1,'Наполнение еще 5 страниц'),
	(167,74,1,'Наполнение еще 15 страниц'),
	(168,74,9,'Наполнение еще 15 страниц'),
	(166,73,9,'Наполнение еще 10 страниц'),
	(165,73,1,'Наполнение еще 10 страниц');

/*!40000 ALTER TABLE `StoreAttributeTranslate` ENABLE KEYS */;
UNLOCK TABLES;


# Dump of table StoreCategory
# ------------------------------------------------------------

DROP TABLE IF EXISTS `StoreCategory`;

CREATE TABLE `StoreCategory` (
  `id` int(10) unsigned NOT NULL AUTO_INCREMENT,
  `lft` int(10) unsigned NOT NULL,
  `rgt` int(10) unsigned NOT NULL,
  `level` smallint(5) unsigned NOT NULL,
  `url` varchar(255) NOT NULL,
  `full_path` varchar(255) NOT NULL,
  `layout` varchar(255) NOT NULL,
  `view` varchar(255) NOT NULL,
  `description` text,
  PRIMARY KEY (`id`),
  KEY `lft` (`lft`),
  KEY `rgt` (`rgt`),
  KEY `level` (`level`),
  KEY `url` (`url`),
  KEY `full_path` (`full_path`)
) ENGINE=MyISAM AUTO_INCREMENT=243 DEFAULT CHARSET=utf8;

LOCK TABLES `StoreCategory` WRITE;
/*!40000 ALTER TABLE `StoreCategory` DISABLE KEYS */;
INSERT INTO `StoreCategory` (`id`,`lft`,`rgt`,`level`,`url`,`full_path`,`layout`,`view`,`description`)
VALUES
	(1,1,42,1,'root','','','',NULL),
	(220,10,23,2,'mobile','mobile','','',''),
	(223,24,41,2,'kompyuteri','kompyuteri','','',NULL);

/*!40000 ALTER TABLE `StoreCategory` ENABLE KEYS */;
UNLOCK TABLES;


# Dump of table StoreCategoryTranslate
# ------------------------------------------------------------

DROP TABLE IF EXISTS `StoreCategoryTranslate`;

CREATE TABLE `StoreCategoryTranslate` (
  `id` int(10) unsigned NOT NULL AUTO_INCREMENT,
  `object_id` int(11) NOT NULL,
  `language_id` int(11) NOT NULL,
  `name` varchar(255) NOT NULL,
  `meta_title` varchar(255) NOT NULL,
  `meta_keywords` varchar(255) NOT NULL,
  `meta_description` varchar(255) NOT NULL,
  `description` text,
  PRIMARY KEY (`id`),
  KEY `object_id` (`object_id`),
  KEY `language_id` (`language_id`),
  KEY `name` (`name`)
) ENGINE=MyISAM AUTO_INCREMENT=70 DEFAULT CHARSET=utf8;

LOCK TABLES `StoreCategoryTranslate` WRITE;
/*!40000 ALTER TABLE `StoreCategoryTranslate` DISABLE KEYS */;
INSERT INTO `StoreCategoryTranslate` (`id`,`object_id`,`language_id`,`name`,`meta_title`,`meta_keywords`,`meta_description`,`description`)
VALUES
	(1,1,1,'root','','','',NULL),
	(24,220,1,'Мобильные устройства','','','',''),
	(25,220,9,'Ноутбуки','','','',NULL),
	(28,222,1,'Инструменты','','','',''),
	(29,222,9,'Игровой','','','',NULL),
	(30,223,1,'Компьютеры','','','',NULL),
	(31,223,9,'Компьютеры','','','',NULL),
	(32,224,1,'Культура ','','','','Музыка, кино, выставки, театр, новости культуры'),
	(33,224,9,'Компьютерная акустика','','','',NULL),
	(38,227,1,'Образовательные','','','','Обучающие и информационные сайты'),
	(39,227,9,'Планшеты','','','',NULL),
	(42,229,1,'Здоровье и спорт','','','','Здоровье спорт и медицина'),
	(43,229,9,'Классический тест','','','','Классическое тестирование включает в себя:\r\n1 - Насколько пользователю просто найти и купить продукт \r\n2 - Как удобно организован и работает внутренний поиск на сайте \r\n3 - Насколько понятен интерфейс и меню сайта \r\n4 - Почему пользователи могут отказаться от покупки товара \r\n5 - Насколько полна и доходчива информация о товарах на сайте '),
	(44,230,1,'Культура ','','','','Музыка, кино, выставки, театр, новости культуры'),
	(45,230,9,'Тест скорости','','','','Как быстро пользователь может выполнить свои задачи, особенно если он занят.\r\nНасколько быстро пользователь получает важную информацию.\r\nВозможность быстрой (подписки/отписки) на обновления '),
	(46,231,1,'Путешествия','','','','Поездки и все что с этим связано'),
	(47,231,9,'Бенчмаркинг тест','','','','Сравнение с сайтами конкурентов это процесс определения, понимания и адаптации имеющихся примеров эффективного функционирования компании с целью улучшения собственной работы. Он в равной степени включает в себя два процесса: оценивание и cоопоставление. \r\n'),
	(48,232,1,'Инструменты','','','',''),
	(49,232,9,'Тест прототипов','','','','Тест прототипов и проектов на ранней стадии.\r\nСоздание сопроводительных текстов для получения отзывов и сбор информации '),
	(50,233,1,'Разное','','','',''),
	(51,233,9,'Маркетинговый тест','','','','Возможности улучшения бизнеса засчет email рассылки.\r\nВозможности улучшения быстрой подписки и заполняемости форм. \r\n'),
	(52,234,1,'Разное','','','',''),
	(53,234,9,'Тест в социальных сетях','','','','Проверка эффективности сообществ в социальных сетях'),
	(66,241,1,'Игры','','','',''),
	(67,241,9,'Игры','','','',''),
	(68,242,1,'Игры','','','',''),
	(69,242,9,'Игры','','','',''),
	(58,237,1,'Бизнес','','','','Коммерческие приложения'),
	(59,237,9,'Тестирование игр','','','',''),
	(60,238,1,'Путешествия','','','','Поездки и все что с этим связано'),
	(61,238,9,'Бенчмаркинг тест','','','','Сравнение с проектами конкурентов это процесс определения, понимания и адаптации имеющихся примеров эффективного функционирования компании с целью улучшения собственной работы. Он в равной степени включает в себя два процесса: оценивание и cоопоставление. '),
	(62,239,1,'Здоровье и спорт','','','','Сайты посвященные здоровью и спорту'),
	(63,239,9,'Классический тест','','','','Классическое тестирование включает в себя:\r\n1 - Насколько пользователю просто найти и купить продукт \r\n2 - Как удобно организован и работает внутренний поиск на сайте \r\n3 - Насколько понятен интерфейс и меню сайта \r\n4 - Почему пользователи могут отказаться от покупки товара \r\n5 - Насколько полна и доходчива информация о товарах на сайте ');

/*!40000 ALTER TABLE `StoreCategoryTranslate` ENABLE KEYS */;
UNLOCK TABLES;


# Dump of table StoreCurrency
# ------------------------------------------------------------

DROP TABLE IF EXISTS `StoreCurrency`;

CREATE TABLE `StoreCurrency` (
  `id` int(11) NOT NULL AUTO_INCREMENT,
  `name` varchar(255) NOT NULL,
  `iso` varchar(10) NOT NULL,
  `symbol` varchar(10) NOT NULL,
  `rate` float(10,3) NOT NULL,
  `main` tinyint(1) DEFAULT NULL,
  `default` tinyint(1) DEFAULT NULL,
  PRIMARY KEY (`id`)
) ENGINE=MyISAM AUTO_INCREMENT=3 DEFAULT CHARSET=utf8;

LOCK TABLES `StoreCurrency` WRITE;
/*!40000 ALTER TABLE `StoreCurrency` DISABLE KEYS */;
INSERT INTO `StoreCurrency` (`id`,`name`,`iso`,`symbol`,`rate`,`main`,`default`)
VALUES
	(1,'Доллары','USD','$',1.000,1,1),
	(2,'Рубли','RUR','руб.',32.520,0,0);

/*!40000 ALTER TABLE `StoreCurrency` ENABLE KEYS */;
UNLOCK TABLES;


# Dump of table StoreDeliveryMethod
# ------------------------------------------------------------

DROP TABLE IF EXISTS `StoreDeliveryMethod`;

CREATE TABLE `StoreDeliveryMethod` (
  `id` int(11) NOT NULL AUTO_INCREMENT,
  `price` float(10,2) NOT NULL DEFAULT '0.00',
  `free_from` float(10,2) NOT NULL DEFAULT '0.00',
  `position` smallint(6) NOT NULL,
  `active` tinyint(1) DEFAULT NULL,
  PRIMARY KEY (`id`),
  KEY `position` (`position`)
) ENGINE=MyISAM AUTO_INCREMENT=17 DEFAULT CHARSET=utf8;

LOCK TABLES `StoreDeliveryMethod` WRITE;
/*!40000 ALTER TABLE `StoreDeliveryMethod` DISABLE KEYS */;
INSERT INTO `StoreDeliveryMethod` (`id`,`price`,`free_from`,`position`,`active`)
VALUES
	(14,10.00,0.00,0,1),
	(15,0.00,0.00,1,1),
	(16,30.00,0.00,2,1),
	(0,0.00,0.00,0,1);

/*!40000 ALTER TABLE `StoreDeliveryMethod` ENABLE KEYS */;
UNLOCK TABLES;


# Dump of table StoreDeliveryMethodTranslate
# ------------------------------------------------------------

DROP TABLE IF EXISTS `StoreDeliveryMethodTranslate`;

CREATE TABLE `StoreDeliveryMethodTranslate` (
  `id` int(11) NOT NULL AUTO_INCREMENT,
  `object_id` int(11) NOT NULL,
  `language_id` int(11) NOT NULL,
  `name` varchar(255) NOT NULL,
  `description` text,
  PRIMARY KEY (`id`),
  KEY `object_id` (`object_id`),
  KEY `language_id` (`language_id`)
) ENGINE=MyISAM AUTO_INCREMENT=7 DEFAULT CHARSET=utf8;

LOCK TABLES `StoreDeliveryMethodTranslate` WRITE;
/*!40000 ALTER TABLE `StoreDeliveryMethodTranslate` DISABLE KEYS */;
INSERT INTO `StoreDeliveryMethodTranslate` (`id`,`object_id`,`language_id`,`name`,`description`)
VALUES
	(1,14,1,'Курьером',''),
	(2,14,9,'English','english description'),
	(3,15,1,'Самовывоз',''),
	(4,15,9,'Самовывоз',''),
	(5,16,1,'Адресная доставка по стране',''),
	(6,16,9,'Адресная доставка по стране','');

/*!40000 ALTER TABLE `StoreDeliveryMethodTranslate` ENABLE KEYS */;
UNLOCK TABLES;


# Dump of table StoreDeliveryPayment
# ------------------------------------------------------------

DROP TABLE IF EXISTS `StoreDeliveryPayment`;

CREATE TABLE `StoreDeliveryPayment` (
  `id` int(11) NOT NULL AUTO_INCREMENT,
  `delivery_id` int(11) NOT NULL,
  `payment_id` int(11) NOT NULL,
  PRIMARY KEY (`id`)
) ENGINE=MyISAM AUTO_INCREMENT=64 DEFAULT CHARSET=utf8 COMMENT='Saves relations between delivery and payment methods ';

LOCK TABLES `StoreDeliveryPayment` WRITE;
/*!40000 ALTER TABLE `StoreDeliveryPayment` DISABLE KEYS */;
INSERT INTO `StoreDeliveryPayment` (`id`,`delivery_id`,`payment_id`)
VALUES
	(24,12,14),
	(23,10,16),
	(22,10,13),
	(21,10,14),
	(34,11,16),
	(33,11,13),
	(25,12,15),
	(26,12,16),
	(62,14,19),
	(61,14,20),
	(60,14,18),
	(59,14,17),
	(53,15,18),
	(54,15,20),
	(55,16,17),
	(56,16,18),
	(57,16,20),
	(58,16,19),
	(63,14,21);

/*!40000 ALTER TABLE `StoreDeliveryPayment` ENABLE KEYS */;
UNLOCK TABLES;


# Dump of table StoreManufacturer
# ------------------------------------------------------------

DROP TABLE IF EXISTS `StoreManufacturer`;

CREATE TABLE `StoreManufacturer` (
  `id` int(11) NOT NULL AUTO_INCREMENT,
  `url` varchar(255) NOT NULL,
  `layout` varchar(255) NOT NULL,
  `view` varchar(255) NOT NULL,
  PRIMARY KEY (`id`),
  KEY `url` (`url`)
) ENGINE=MyISAM AUTO_INCREMENT=19 DEFAULT CHARSET=utf8;

LOCK TABLES `StoreManufacturer` WRITE;
/*!40000 ALTER TABLE `StoreManufacturer` DISABLE KEYS */;
INSERT INTO `StoreManufacturer` (`id`,`url`,`layout`,`view`)
VALUES
	(2,'tester1','',''),
	(6,'ivanov','',''),
	(7,'tester4','',''),
	(8,'petrov','',''),
	(12,'tester3','',''),
	(14,'tester5','',''),
	(18,'tester2','','');

/*!40000 ALTER TABLE `StoreManufacturer` ENABLE KEYS */;
UNLOCK TABLES;


# Dump of table StoreManufacturerTranslate
# ------------------------------------------------------------

DROP TABLE IF EXISTS `StoreManufacturerTranslate`;

CREATE TABLE `StoreManufacturerTranslate` (
  `id` int(11) NOT NULL AUTO_INCREMENT,
  `object_id` int(11) NOT NULL,
  `language_id` int(11) NOT NULL,
  `name` varchar(255) NOT NULL,
  `description` text NOT NULL,
  `meta_title` varchar(255) NOT NULL,
  `meta_keywords` varchar(255) NOT NULL,
  `meta_description` varchar(255) NOT NULL,
  PRIMARY KEY (`id`),
  KEY `object_id` (`object_id`),
  KEY `language_id` (`language_id`)
) ENGINE=MyISAM AUTO_INCREMENT=53 DEFAULT CHARSET=utf8;

LOCK TABLES `StoreManufacturerTranslate` WRITE;
/*!40000 ALTER TABLE `StoreManufacturerTranslate` DISABLE KEYS */;
INSERT INTO `StoreManufacturerTranslate` (`id`,`object_id`,`language_id`,`name`,`description`,`meta_title`,`meta_keywords`,`meta_description`)
VALUES
	(19,2,1,'Тестер 1','beginer','','',''),
	(20,2,9,'Asus','','','',''),
	(27,6,1,'Ivanov','','','',''),
	(28,6,9,'Apple','','','',''),
	(29,7,1,'Тестер 4','','','',''),
	(30,7,9,'Sony','','','',''),
	(31,8,1,'Petrov','','','',''),
	(32,8,9,'Acer','','','',''),
	(39,12,1,'Тестер 3','','','',''),
	(40,12,9,'Sven','','','',''),
	(43,14,1,'Тестер 5','','','',''),
	(44,14,9,'Samsung','','','',''),
	(51,18,1,'Тестер 2','','','',''),
	(52,18,9,'BlackBerry','','','','');

/*!40000 ALTER TABLE `StoreManufacturerTranslate` ENABLE KEYS */;
UNLOCK TABLES;


# Dump of table StorePaymentMethod
# ------------------------------------------------------------

DROP TABLE IF EXISTS `StorePaymentMethod`;

CREATE TABLE `StorePaymentMethod` (
  `id` int(11) NOT NULL AUTO_INCREMENT,
  `currency_id` int(11) NOT NULL,
  `active` tinyint(1) DEFAULT NULL,
  `payment_system` varchar(100) NOT NULL,
  `position` smallint(6) DEFAULT NULL,
  PRIMARY KEY (`id`),
  KEY `currency_id` (`currency_id`)
) ENGINE=MyISAM AUTO_INCREMENT=22 DEFAULT CHARSET=utf8;

LOCK TABLES `StorePaymentMethod` WRITE;
/*!40000 ALTER TABLE `StorePaymentMethod` DISABLE KEYS */;
INSERT INTO `StorePaymentMethod` (`id`,`currency_id`,`active`,`payment_system`,`position`)
VALUES
	(17,1,1,'webmoney',0),
	(18,2,1,'',2),
	(19,1,1,'robokassa',1),
	(20,2,1,'',3),
	(21,2,1,'qiwi',4);

/*!40000 ALTER TABLE `StorePaymentMethod` ENABLE KEYS */;
UNLOCK TABLES;


# Dump of table StorePaymentMethodTranslate
# ------------------------------------------------------------

DROP TABLE IF EXISTS `StorePaymentMethodTranslate`;

CREATE TABLE `StorePaymentMethodTranslate` (
  `id` int(11) NOT NULL AUTO_INCREMENT,
  `object_id` int(11) NOT NULL,
  `language_id` int(11) NOT NULL,
  `name` varchar(255) NOT NULL,
  `description` text,
  PRIMARY KEY (`id`),
  KEY `object_id` (`object_id`),
  KEY `language_id` (`language_id`)
) ENGINE=MyISAM AUTO_INCREMENT=11 DEFAULT CHARSET=utf8;

LOCK TABLES `StorePaymentMethodTranslate` WRITE;
/*!40000 ALTER TABLE `StorePaymentMethodTranslate` DISABLE KEYS */;
INSERT INTO `StorePaymentMethodTranslate` (`id`,`object_id`,`language_id`,`name`,`description`)
VALUES
	(1,17,1,'WebMoney','WebMoney — это универсальное средство для расчетов в Сети, целая среда финансовых взаимоотношений, которой сегодня пользуются миллионы людей по всему миру.'),
	(2,17,9,'English payment1','russian description'),
	(3,18,1,'Наличная','Наличная оплата осуществляется только в рублях при доставке товара курьером покупателю.'),
	(7,20,1,'Безналичная',' Стоимость товара при безналичной оплате без ПДВ равна розничной цене товара + 2% '),
	(8,20,9,'Безналичная',''),
	(4,18,9,'Наличка','<p>ыла оылдао ылдао ылдоа ылдва<br />ыаол ывла оывалд ыова</p>'),
	(5,19,1,'Robokassa','Многими пользователями электронные платежные системы расцениваются в качестве наиболее удобного средства оплаты товаров и услуг в Интернете.'),
	(6,19,9,'Robokassa','<p>Description goes here</p>'),
	(9,21,1,'Qiwi','Оплата с помощью Qiwi'),
	(10,21,9,'Qiwi','Оплата с помощью Qiwi');

/*!40000 ALTER TABLE `StorePaymentMethodTranslate` ENABLE KEYS */;
UNLOCK TABLES;


# Dump of table StoreProduct
# ------------------------------------------------------------

DROP TABLE IF EXISTS `StoreProduct`;

CREATE TABLE `StoreProduct` (
  `id` int(11) NOT NULL AUTO_INCREMENT,
  `manufacturer_id` int(11) DEFAULT NULL,
  `type_id` int(11) NOT NULL,
  `use_configurations` tinyint(1) NOT NULL DEFAULT '0',
  `url` varchar(255) NOT NULL,
  `price` float(10,2) NOT NULL,
  `max_price` float(10,2) NOT NULL DEFAULT '0.00',
  `is_active` tinyint(1) NOT NULL,
  `layout` varchar(255) DEFAULT NULL,
  `view` varchar(255) DEFAULT NULL,
  `sku` varchar(255) DEFAULT NULL,
  `quantity` int(11) DEFAULT '0',
  `availability` tinyint(2) NOT NULL DEFAULT '1',
  `auto_decrease_quantity` tinyint(2) NOT NULL DEFAULT '1',
  `views_count` int(11) NOT NULL,
  `created` datetime NOT NULL,
  `updated` datetime NOT NULL,
  `added_to_cart_count` int(11) NOT NULL,
  `votes` int(11) NOT NULL,
  `rating` int(11) NOT NULL,
  PRIMARY KEY (`id`),
  KEY `manufacturer_id` (`manufacturer_id`),
  KEY `type_id` (`type_id`),
  KEY `price` (`price`),
  KEY `max_price` (`max_price`),
  KEY `is_active` (`is_active`),
  KEY `sku` (`sku`),
  KEY `created` (`created`),
  KEY `updated` (`updated`),
  KEY `added_to_cart_count` (`added_to_cart_count`),
  KEY `views_count` (`views_count`)
) ENGINE=MyISAM AUTO_INCREMENT=12 DEFAULT CHARSET=utf8;

LOCK TABLES `StoreProduct` WRITE;
/*!40000 ALTER TABLE `StoreProduct` DISABLE KEYS */;
INSERT INTO `StoreProduct` (`id`,`manufacturer_id`,`type_id`,`use_configurations`,`url`,`price`,`max_price`,`is_active`,`layout`,`view`,`sku`,`quantity`,`availability`,`auto_decrease_quantity`,`views_count`,`created`,`updated`,`added_to_cart_count`,`votes`,`rating`)
VALUES
	(2,NULL,1,1,'visitka',0.00,0.00,1,'','',NULL,0,1,1,45,'2013-08-27 04:40:28','2013-08-27 11:53:15',5,1,3),
	(3,NULL,2,1,'shop',0.00,0.00,1,'','',NULL,0,1,1,21,'2013-08-27 08:28:18','2013-08-27 11:52:46',0,0,0),
	(4,NULL,3,0,'poiskovaya-optimizaciya',100.00,0.00,1,'','',NULL,0,1,1,0,'2013-08-27 11:12:13','2013-08-27 11:12:13',0,0,0),
	(5,NULL,4,0,'sozdanie-i-raskrutka-soobshestva-v-soc-seti-vkontakte',100.00,0.00,1,'','',NULL,0,1,1,2,'2013-08-27 11:51:24','2013-09-03 00:55:06',2,0,0),
	(6,NULL,4,0,'sozdanie-i-raskrutka-soobshestva-v-soc-seti-facebook',100.00,0.00,1,'','',NULL,0,1,1,0,'2013-08-27 11:52:07','2013-09-03 00:55:43',1,0,0),
	(7,NULL,5,1,'audit',0.00,0.00,1,'','',NULL,0,1,1,2,'2013-08-28 03:33:18','2013-08-28 03:39:14',0,0,0),
	(8,NULL,6,1,'crm-sistema',0.00,0.00,1,'','',NULL,0,1,1,1,'2013-09-03 01:12:58','2013-09-03 01:12:59',0,0,0),
	(10,NULL,7,0,'amazon-hosting',100.00,0.00,1,'','',NULL,0,1,1,3,'2013-09-03 03:41:40','2013-09-03 03:41:40',2,0,0),
	(11,NULL,8,1,'testing',0.00,0.00,1,'','',NULL,0,1,1,4,'2013-09-03 05:21:39','2013-09-03 05:25:10',0,0,0);

/*!40000 ALTER TABLE `StoreProduct` ENABLE KEYS */;
UNLOCK TABLES;


# Dump of table StoreProductAttributeEAV
# ------------------------------------------------------------

DROP TABLE IF EXISTS `StoreProductAttributeEAV`;

CREATE TABLE `StoreProductAttributeEAV` (
  `entity` int(11) unsigned NOT NULL,
  `attribute` varchar(250) NOT NULL,
  `value` text NOT NULL,
  KEY `ikEntity` (`entity`),
  KEY `attribute` (`attribute`),
  KEY `value` (`value`(50))
) ENGINE=MyISAM DEFAULT CHARSET=utf8;

LOCK TABLES `StoreProductAttributeEAV` WRITE;
/*!40000 ALTER TABLE `StoreProductAttributeEAV` DISABLE KEYS */;
INSERT INTO `StoreProductAttributeEAV` (`entity`,`attribute`,`value`)
VALUES
	(2,'content5','169'),
	(2,'hosting','190'),
	(2,'mindesign','186'),
	(2,'feedback','171'),
	(3,'content5','169'),
	(3,'feedback','171'),
	(3,'mindesign','186'),
	(3,'hosting','190'),
	(3,'int1c','196'),
	(3,'wm','202'),
	(3,'sales','200'),
	(3,'yandexmarket','194'),
	(3,'csv','198'),
	(7,'content_audit','216'),
	(12,'processor_manufacturer','62'),
	(12,'freq','77'),
	(12,'memmory','64'),
	(12,'memmory_type','53'),
	(12,'screen','54'),
	(12,'video','78'),
	(12,'screen_dimension','66'),
	(13,'rms_power','79'),
	(13,'corpus_material','80'),
	(13,'sound_type','81'),
	(15,'rms_power','83'),
	(15,'corpus_material','84'),
	(15,'sound_type','81'),
	(16,'rms_power','85'),
	(16,'corpus_material','80'),
	(16,'sound_type','86'),
	(19,'rms_power','87'),
	(19,'corpus_material','84'),
	(19,'sound_type','86'),
	(20,'rms_power','82'),
	(20,'corpus_material','84'),
	(20,'sound_type','86'),
	(39,'tablet_screen_size','118'),
	(39,'screen_dimension','119'),
	(39,'memmory_size','120'),
	(39,'weight','121'),
	(40,'tablet_screen_size','118'),
	(40,'screen_dimension','119'),
	(40,'memmory_size','122'),
	(40,'weight','121'),
	(41,'tablet_screen_size','123'),
	(41,'screen_dimension','124'),
	(41,'memmory_size','120'),
	(41,'weight','125'),
	(42,'tablet_screen_size','123'),
	(42,'screen_dimension','124'),
	(42,'memmory_size','126'),
	(42,'weight','127'),
	(43,'tablet_screen_size','128'),
	(43,'screen_dimension','129'),
	(43,'memmory_size','122'),
	(43,'weight','130'),
	(44,'tablet_screen_size','128'),
	(44,'screen_dimension','129'),
	(44,'memmory_size','120'),
	(44,'weight','131');

/*!40000 ALTER TABLE `StoreProductAttributeEAV` ENABLE KEYS */;
UNLOCK TABLES;


# Dump of table StoreProductCategoryRef
# ------------------------------------------------------------

DROP TABLE IF EXISTS `StoreProductCategoryRef`;

CREATE TABLE `StoreProductCategoryRef` (
  `id` int(11) NOT NULL AUTO_INCREMENT,
  `product` int(11) NOT NULL,
  `category` int(11) NOT NULL,
  `is_main` tinyint(1) NOT NULL,
  PRIMARY KEY (`id`),
  KEY `category` (`category`),
  KEY `product` (`product`),
  KEY `is_main` (`is_main`)
) ENGINE=MyISAM AUTO_INCREMENT=132 DEFAULT CHARSET=utf8;

LOCK TABLES `StoreProductCategoryRef` WRITE;
/*!40000 ALTER TABLE `StoreProductCategoryRef` DISABLE KEYS */;
INSERT INTO `StoreProductCategoryRef` (`id`,`product`,`category`,`is_main`)
VALUES
	(125,7,220,0),
	(122,4,1,1),
	(121,4,220,0),
	(120,3,1,1),
	(32,3,223,0),
	(33,3,223,0),
	(124,6,1,1),
	(123,5,1,1),
	(36,5,223,0),
	(37,5,223,0),
	(38,6,223,0),
	(39,6,223,0),
	(129,10,1,1),
	(127,8,1,1),
	(42,8,223,0),
	(43,8,223,0),
	(131,11,1,1),
	(130,11,220,0),
	(46,10,223,0),
	(47,10,223,0),
	(48,11,223,0),
	(49,11,223,0),
	(50,12,223,1),
	(51,12,223,0),
	(52,13,223,1),
	(53,13,223,0),
	(56,15,223,1),
	(57,15,223,0),
	(58,16,223,1),
	(59,16,223,0),
	(64,19,223,1),
	(65,19,223,0),
	(66,20,223,1),
	(67,20,223,0),
	(108,48,223,1),
	(126,7,1,1),
	(102,47,223,1),
	(119,2,1,1),
	(107,48,223,0),
	(118,2,220,0),
	(86,39,223,1),
	(87,39,223,0),
	(88,40,223,1),
	(89,40,223,0),
	(90,41,223,1),
	(91,41,223,0),
	(92,42,223,1),
	(93,42,223,0),
	(94,43,223,1),
	(95,43,223,0),
	(96,44,223,1),
	(97,44,223,0),
	(109,49,223,0),
	(110,49,1,1),
	(114,51,1,1),
	(113,51,220,0);

/*!40000 ALTER TABLE `StoreProductCategoryRef` ENABLE KEYS */;
UNLOCK TABLES;


# Dump of table StoreProductConfigurableAttributes
# ------------------------------------------------------------

DROP TABLE IF EXISTS `StoreProductConfigurableAttributes`;

CREATE TABLE `StoreProductConfigurableAttributes` (
  `product_id` int(11) NOT NULL COMMENT 'Attributes available to configure product',
  `attribute_id` int(11) NOT NULL,
  UNIQUE KEY `product_attribute_index` (`product_id`,`attribute_id`)
) ENGINE=MyISAM DEFAULT CHARSET=utf8;

LOCK TABLES `StoreProductConfigurableAttributes` WRITE;
/*!40000 ALTER TABLE `StoreProductConfigurableAttributes` DISABLE KEYS */;
INSERT INTO `StoreProductConfigurableAttributes` (`product_id`,`attribute_id`)
VALUES
	(2,69),
	(2,71),
	(3,69),
	(3,71),
	(3,77),
	(3,79),
	(7,86),
	(7,87),
	(7,88),
	(7,89),
	(7,90),
	(7,91),
	(7,92),
	(7,93),
	(8,78),
	(8,79),
	(8,80),
	(11,94),
	(11,95),
	(11,96),
	(11,97),
	(11,98),
	(11,99),
	(11,100),
	(11,101),
	(47,5),
	(47,15),
	(47,18),
	(47,19),
	(47,20),
	(48,3),
	(48,7),
	(48,13),
	(48,14),
	(48,15),
	(48,16),
	(48,18),
	(48,20),
	(49,3),
	(49,13),
	(49,20),
	(51,4),
	(51,11),
	(51,17);

/*!40000 ALTER TABLE `StoreProductConfigurableAttributes` ENABLE KEYS */;
UNLOCK TABLES;


# Dump of table StoreProductConfigurations
# ------------------------------------------------------------

DROP TABLE IF EXISTS `StoreProductConfigurations`;

CREATE TABLE `StoreProductConfigurations` (
  `product_id` int(11) NOT NULL COMMENT 'Saves relations beetwen product and configurations',
  `configurable_id` int(11) NOT NULL,
  UNIQUE KEY `idsunique` (`product_id`,`configurable_id`)
) ENGINE=MyISAM DEFAULT CHARSET=utf8;

LOCK TABLES `StoreProductConfigurations` WRITE;
/*!40000 ALTER TABLE `StoreProductConfigurations` DISABLE KEYS */;
INSERT INTO `StoreProductConfigurations` (`product_id`,`configurable_id`)
VALUES
	(48,47);

/*!40000 ALTER TABLE `StoreProductConfigurations` ENABLE KEYS */;
UNLOCK TABLES;


# Dump of table StoreProductImage
# ------------------------------------------------------------

DROP TABLE IF EXISTS `StoreProductImage`;

CREATE TABLE `StoreProductImage` (
  `id` int(11) NOT NULL AUTO_INCREMENT,
  `product_id` int(11) NOT NULL,
  `name` varchar(255) NOT NULL,
  `is_main` tinyint(1) DEFAULT '0',
  `uploaded_by` int(11) NOT NULL,
  `date_uploaded` datetime NOT NULL,
  PRIMARY KEY (`id`)
) ENGINE=MyISAM AUTO_INCREMENT=68 DEFAULT CHARSET=utf8;

LOCK TABLES `StoreProductImage` WRITE;
/*!40000 ALTER TABLE `StoreProductImage` DISABLE KEYS */;
INSERT INTO `StoreProductImage` (`id`,`product_id`,`name`,`is_main`,`uploaded_by`,`date_uploaded`)
VALUES
	(19,2,'2_843696244.jpg',1,0,'2013-04-24 08:19:54'),
	(20,3,'3_-863989590.jpg',1,0,'2013-04-24 08:19:54'),
	(21,4,'4_-341435277.jpg',1,0,'2013-04-24 08:19:54'),
	(22,5,'5_186065816.jpg',1,0,'2013-04-24 08:19:55'),
	(23,6,'6_1277882508.jpg',1,0,'2013-04-24 08:19:55'),
	(24,7,'7_94823654.jpg',1,0,'2013-04-24 08:19:55'),
	(25,8,'8_-1595717481.jpg',1,0,'2013-04-24 08:19:55'),
	(27,10,'10_209121666.jpg',1,0,'2013-04-24 08:19:56'),
	(28,11,'11_1786048327.jpg',1,0,'2013-04-24 08:19:56'),
	(29,12,'12_-934603269.jpg',1,0,'2013-04-24 08:19:56'),
	(30,13,'13_281671311.jpg',1,0,'2013-04-24 08:19:56'),
	(32,15,'15_-754233173.jpg',1,0,'2013-04-24 08:19:57'),
	(33,16,'16_-269967758.jpg',1,0,'2013-04-24 08:19:57'),
	(36,19,'19_-978129105.jpg',1,0,'2013-04-24 08:19:58'),
	(37,20,'20_-1870830592.jpg',1,0,'2013-04-24 08:19:58'),
	(65,47,'47_921112306.jpg',1,1,'2013-05-02 06:03:57'),
	(66,47,'47_-778514125.jpg',0,1,'2013-05-02 06:05:05'),
	(67,47,'47_712178286.jpg',1,1,'2013-05-02 06:05:49'),
	(56,39,'39_1305276861.jpg',1,0,'2013-04-24 08:20:02'),
	(57,40,'40_-285179685.jpg',1,0,'2013-04-24 08:20:03'),
	(58,41,'41_31269015.jpg',1,0,'2013-04-24 08:20:03'),
	(59,42,'42_-467671952.jpg',1,0,'2013-04-24 08:20:03'),
	(60,43,'43_-94145321.jpg',1,0,'2013-04-24 08:20:03'),
	(61,44,'44_261816008.jpg',1,0,'2013-04-24 08:20:04');

/*!40000 ALTER TABLE `StoreProductImage` ENABLE KEYS */;
UNLOCK TABLES;


# Dump of table StoreProductTranslate
# ------------------------------------------------------------

DROP TABLE IF EXISTS `StoreProductTranslate`;

CREATE TABLE `StoreProductTranslate` (
  `id` int(11) NOT NULL AUTO_INCREMENT,
  `object_id` int(11) NOT NULL,
  `language_id` int(11) NOT NULL,
  `name` varchar(255) NOT NULL,
  `short_description` text,
  `full_description` text,
  `meta_title` varchar(255) DEFAULT NULL,
  `meta_keywords` varchar(255) DEFAULT NULL,
  `meta_description` varchar(255) DEFAULT NULL,
  PRIMARY KEY (`id`),
  KEY `object_id` (`object_id`),
  KEY `language_id` (`language_id`)
) ENGINE=MyISAM AUTO_INCREMENT=153 DEFAULT CHARSET=utf8;

LOCK TABLES `StoreProductTranslate` WRITE;
/*!40000 ALTER TABLE `StoreProductTranslate` DISABLE KEYS */;
INSERT INTO `StoreProductTranslate` (`id`,`object_id`,`language_id`,`name`,`short_description`,`full_description`,`meta_title`,`meta_keywords`,`meta_description`)
VALUES
	(31,2,1,'Сайт визитка','Набор опций','<ul><li>размещение информации о компании&nbsp;</li><li>информация об услугах компании&nbsp;</li><li>обратная&nbsp;связь&nbsp;с посетителями сайта<br><br>Срок исполнения&nbsp;5 рабочих дней (минимальный&nbsp;набор опций)<br>При выборе дополнительных опций (например уникальный авторский дизайн)<br>сроки согласуются отдельно.</li></ul>','','Представительство в интернет, создание сайтов, разработка сайтов, цена, Петербург, Москва, Россия, заказ сайта, заказать сайт, сайт визитка, сайт бизнес, веб студия',''),
	(32,2,9,'Lenovo G570','Celeron / Pentium, 1500-2200 МГц, 2048-4096 Мб, 320-500 Гб, 15.6 дюйм, ATI Radeon HD 6370M, DVD-RW, Wi-Fi, Bluetooth (опционально), 2.43 кг',NULL,NULL,NULL,NULL),
	(33,3,1,'Интернет магазин','','','','',''),
	(137,4,1,'Поисковая оптимизация','','','','',''),
	(138,4,9,'Поисковая оптимизация','','','','',''),
	(34,3,9,'ASUS K53U','C-60 / E-240 / E-450, 1000-1650 МГц, 2048-4096 Мб, 320-500 Гб, 15.6 дюйм, DVD-RW, Wi-Fi, Bluetooth (опционально), 2.6 кг',NULL,NULL,NULL,NULL),
	(35,4,1,'ASUS X54C','Celeron / Pentium, 1500-2200 МГц, 2048-4096 Мб, 320-500 Гб, 15.6 дюйм, Intel HD Graphics 3000, DVD-RW, Wi-Fi, Bluetooth, 2.6 кг',NULL,NULL,NULL,NULL),
	(36,4,9,'ASUS X54C','Celeron / Pentium, 1500-2200 МГц, 2048-4096 Мб, 320-500 Гб, 15.6 дюйм, Intel HD Graphics 3000, DVD-RW, Wi-Fi, Bluetooth, 2.6 кг',NULL,NULL,NULL,NULL),
	(37,5,1,'Сообществo вКонтакте','','','','',''),
	(141,6,1,'Сообществo в Facebook','','','','',''),
	(38,5,9,'DELL INSPIRON N5050','Celeron, 1500-1700 МГц, 2048 Мб, 320-500 Гб, 15.6 дюйм, Intel HD Graphics 3000, DVD-RW, Wi-Fi, Bluetooth (опционально), 2.37 кг',NULL,NULL,NULL,NULL),
	(39,6,1,'Fujitsu LIFEBOOK AH531','Celeron / Pentium, 1500-2200 МГц, 2048 Мб, 320 Гб, 15.6 дюйм, Intel HD Graphics 3000, DVD-RW, Wi-Fi, Bluetooth, 2.5 кг',NULL,NULL,NULL,NULL),
	(40,6,9,'Fujitsu LIFEBOOK AH531','Celeron / Pentium, 1500-2200 МГц, 2048 Мб, 320 Гб, 15.6 дюйм, Intel HD Graphics 3000, DVD-RW, Wi-Fi, Bluetooth, 2.5 кг',NULL,NULL,NULL,NULL),
	(41,7,1,'Аудит сайта','Проверка и анализ эффективности вашего сайта','<strong>Аудит сайта</strong>&nbsp;(англ. site audit)&nbsp;— это комплекс мероприятий, направленный на поиск причин, мешающих интернет-ресурсу высоко ранжироваться в результатах выдачи поисковых систем. Любая компания, которая собирается продвигать свой бизнес в интернете или имела не очень успешный опыт продвижения, в первую очередь проводит комплексный аудит сайта. Только всесторонний анализ интернет-ресурса, оценка конкурентов и особенностей бизнеса дают полную картину о реальном состоянии дел, необходимом бюджете и стратегии продвижения.','','',''),
	(42,7,9,'HP EliteBook 8560w','Core i7, 2500 МГц, 8192 Мб, 750 Гб, 15.6 дюйм, NVIDIA Quadro 2000M, BD-RE, Wi-Fi, Bluetooth, 3 кг',NULL,NULL,NULL,NULL),
	(43,8,1,'CRM система','Система управления взаимоотношениями с клиентами','(CRM, CRM-система, сокращение от англ. Customer Relationship Management) — прикладное программное обеспечение для организаций, предназначенное для автоматизации стратегий взаимодействия с заказчиками (клиентами), в частности, для повышения уровня продаж, оптимизации маркетинга и улучшения обслуживания клиентов путём сохранения информации о клиентах и истории взаимоотношений с ними, установления и улучшения бизнес-процедур и последующего анализа результатов.','','',''),
	(44,8,9,'DELL ALIENWARE M17x','Core i7, 2200-2400 МГц, 8192-16384 Мб, 750-1500 Гб, 17 дюйм, AMD Radeon HD 6990M, BD-RE / Blu-Ray / DVD-RW, Wi-Fi, Bluetooth, 5.3 кг',NULL,NULL,NULL,NULL),
	(47,10,1,'Amazon хостинг','Настройка выделенного сервера в облачном хостинге Amazon','<strong>Amazon Simple Storage Service</strong>&nbsp;(Amazon S3)&nbsp;— онлайновая&nbsp;веб-служба, предлагаемая&nbsp;Amazon Web Services, предоставляющая возможность для хранения и получения любого объёма данных, в любое время из любой точки сети, так называемый файловый&nbsp;хостинг. С помощью Amazon S3 достигается высокая масштабируемость, надёжность, высокая скорость и недорогая инфраструктура хранения данных. Впервые появилась в марте 2006 года в США&nbsp;и в ноябре 2007 года в Европе.<div> Подробнее об инстансах <a href=\"http://aws.amazon.com/ec2/instance-types/\">amazon</a>&nbsp;</div>','','',''),
	(48,10,9,'Lenovo THINKPAD W520','Core i7 / Core i7 Extreme, 2000-2700 МГц, 4096-8192 Мб, 160-580 Гб, 15.6 дюйм, NVIDIA Quadro 2000M, DVD-RW, Wi-Fi, Bluetooth, 2.45 кг',NULL,NULL,NULL,NULL),
	(49,11,1,'Тестирование','Вы можете выбрать различные виды тестов','<p><a></a><strong>1.&nbsp;&nbsp;&nbsp;\r\n</strong><strong>Ropo-тестирование.</strong></p>\r\n<p>Помогает ответить на вопрос, по каким\r\nкритериям ваши потенциальные клиенты выбирают место для покупки.</p>\r\n<p>&nbsp;</p>\r\n<p><strong>2.&nbsp;&nbsp;&nbsp;&nbsp;\r\n</strong><strong>Бенчмаркинг тестирование.</strong></p>\r\n<p>Проследите\r\nза своими конкурентами, проанализируйте их действия, сопоставьте со своей\r\nработой и возьмите что-то на вооружение.</p>\r\n<p><strong>&nbsp;</strong></p>\r\n<p><strong>3.&nbsp;&nbsp;&nbsp;&nbsp;\r\n</strong><strong>Тестирование игр.</strong></p>\r\n<p>Проверьте\r\nгеймплэй в социальных сетях vkontakte и facebook. Узнайте отношение игроков к\r\nвашему продукту и оцените его перспективу.</p>\r\n<p>&nbsp;&nbsp;</p>\r\n<p><strong>4.&nbsp;&nbsp;&nbsp;&nbsp;\r\n</strong><strong>Классический тест.</strong></p>\r\n<p>Стандартный тест, позволяющий оценить\r\nудобство сайта, логичность интерфейса и меню, доходчивость изложения\r\nинформации.</p>\r\n<p>&nbsp;</p>\r\n<p><strong>5.&nbsp;&nbsp;&nbsp;&nbsp;\r\n</strong><strong>Поисковый\r\n</strong><strong>PPC</strong><strong> тест +\r\nтестирование </strong><strong>Landing</strong><strong></strong><strong>Page</strong><strong>.</strong></p>\r\n<p>Анализируется качество контекстной\r\nрекламы, эффективность ключевых слов, алгоритм действий пользователя, сравнение\r\nс тремя сайтами-конкурентами. </p>\r\n<p>&nbsp;</p>\r\n<p>6.&nbsp;&nbsp;&nbsp;&nbsp;\r\n<strong>Тестирование прототипов</strong>.</p>\r\n<p>Эффективен\r\nпри создании дизайна, помогает собрать информацию и отзывы пользователей,\r\nоценить их впечатления, уровень доверия.</p>\r\n<p>&nbsp;</p>\r\n<p>7.&nbsp;&nbsp;&nbsp;&nbsp;\r\n<strong>Маркетинговый\r\nтест.</strong></p>\r\n<p>Оценивает\r\nкоммерческую перспективу e-mail\r\nрассылки, выявляет возможности для повышения скорости подписки и заполнения\r\nформ.</p>\r\n<p>&nbsp;</p>\r\n<p>8.&nbsp;&nbsp;&nbsp;&nbsp;\r\n<strong>Speed </strong><strong>тест.</strong></p>\r\n<p>Дает\r\nпредставление о скорости действий пользователя: насколько быстро он получает\r\nинформацию, решает другие задачи и т.п.</p>\r\n<p>&nbsp;</p>\r\n<p>9.&nbsp;&nbsp;&nbsp;&nbsp;\r\n<strong>Тест\r\nпервого впечатления.</strong></p>\r\n<p>Направлен\r\nна оценку первой реакции пользователя при посещении целевой страницы: насколько\r\nпонятна концепция, удачен дизайн.</p>\r\n<p>&nbsp;</p>\r\n<p>10.&nbsp;&nbsp;\r\n<strong>Тестирование\r\nгрупп в соцсетях.</strong>\r\n</p>\r\n<p>Анализируются впечатления пользователей\r\nот группы: насколько она понятна, вызывает ли доверие, удобна, информативна.</p>\r\n<p>&nbsp;</p>\r\n<p>11.&nbsp;&nbsp;\r\n<strong>Нейминг-тест.</strong></p>\r\n<p>Собираются отзывы о названиях,\r\nсвязанных с ними ассоциациях, исследуется запоминаемость названий среди\r\nпользователей.</p>','','',''),
	(50,11,9,'Sony VAIO VPC-F13S8R','Core i5, 2660 МГц, 4096 Мб, 640 Гб, 16.4 дюйм, NVIDIA GeForce GT 425M, Blu-Ray, Wi-Fi, Bluetooth, 3.1 кг',NULL,NULL,NULL,NULL),
	(51,12,1,'Acer ASPIRE 5943G-7748G75TWiss','Core i7, 1730 МГц, 8192 Мб, 750 Гб, 15.6 дюйм, ATI Mobility Radeon HD 5850, BD-RE, Wi-Fi, Bluetooth, 3.3 кг',NULL,NULL,NULL,NULL),
	(52,12,9,'Acer ASPIRE 5943G-7748G75TWiss','Core i7, 1730 МГц, 8192 Мб, 750 Гб, 15.6 дюйм, ATI Mobility Radeon HD 5850, BD-RE, Wi-Fi, Bluetooth, 3.3 кг',NULL,NULL,NULL,NULL),
	(53,13,1,'Logitech X-530','число каналов: 5.1, мощность 71.20 Вт, 40-20000 Гц, материал колонок: пластик, материал сабвуфера: MDF, разъем для наушников, магнитное экранирование',NULL,NULL,NULL,NULL),
	(54,13,9,'Logitech X-530','число каналов: 5.1, мощность 71.20 Вт, 40-20000 Гц, материал колонок: пластик, материал сабвуфера: MDF, разъем для наушников, магнитное экранирование',NULL,NULL,NULL,NULL),
	(57,15,1,'Edifier M3700','число каналов: 5.1, мощность 80 Вт, 45-20000 Гц, материал колонок: MDF, материал сабвуфера: MDF, магнитное экранирование, пульт ДУ',NULL,NULL,NULL,NULL),
	(58,15,9,'Edifier M3700','число каналов: 5.1, мощность 80 Вт, 45-20000 Гц, материал колонок: MDF, материал сабвуфера: MDF, магнитное экранирование, пульт ДУ',NULL,NULL,NULL,NULL),
	(59,16,1,'Logitech Z-313','число каналов: 2.1, мощность 25 Вт, 48-20000 Гц, материал колонок: пластик, материал сабвуфера: MDF',NULL,NULL,NULL,NULL),
	(60,16,9,'Logitech Z-313','число каналов: 2.1, мощность 25 Вт, 48-20000 Гц, материал колонок: пластик, материал сабвуфера: MDF',NULL,NULL,NULL,NULL),
	(65,19,1,'Edifier X600','число каналов: 2.1, мощность 30 Вт, 48-20000 Гц, материал колонок: MDF, материал сабвуфера: MDF, магнитное экранирование',NULL,NULL,NULL,NULL),
	(66,19,9,'Edifier X600','число каналов: 2.1, мощность 30 Вт, 48-20000 Гц, материал колонок: MDF, материал сабвуфера: MDF, магнитное экранирование',NULL,NULL,NULL,NULL),
	(67,20,1,'Microlab FC 362','число каналов: 2.1, мощность 54 Вт, 35-20000 Гц, материал сабвуфера: MDF, разъем для наушников',NULL,NULL,NULL,NULL),
	(68,20,9,'Microlab FC 362','число каналов: 2.1, мощность 54 Вт, 35-20000 Гц, материал сабвуфера: MDF, разъем для наушников',NULL,NULL,NULL,NULL),
	(124,48,9,'новый тест','Краткое','Полное описание','','',''),
	(123,48,1,'новый тест','Краткое','Полное описание','','',''),
	(121,47,1,'Тест рекламной игры','Игра с целью рекламы товара','Тест несложной рекламной игры для социальных сетей','','',''),
	(122,47,9,'Крестики нолики','Просто игра','Для соц сетей','','',''),
	(145,8,1,'CRM система','Система управления взаимоотношениями с клиентами','(CRM, CRM-система, сокращение от англ. Customer Relationship Management) — прикладное программное обеспечение для организаций, предназначенное для автоматизации стратегий взаимодействия с заказчиками (клиентами), в частности, для повышения уровня продаж, оптимизации маркетинга и улучшения обслуживания клиентов путём сохранения информации о клиентах и истории взаимоотношений с ними, установления и улучшения бизнес-процедур и последующего анализа результатов.','','',''),
	(142,6,9,'Создание и раскрутка сообщества в соц. сети Facebook','','','','',''),
	(143,7,1,'Аудит сайта','Проверка и анализ эффективности вашего сайта','<strong>Аудит сайта</strong>&nbsp;(англ. site audit)&nbsp;— это комплекс мероприятий, направленный на поиск причин, мешающих интернет-ресурсу высоко ранжироваться в результатах выдачи поисковых систем. Любая компания, которая собирается продвигать свой бизнес в интернете или имела не очень успешный опыт продвижения, в первую очередь проводит комплексный аудит сайта. Только всесторонний анализ интернет-ресурса, оценка конкурентов и особенностей бизнеса дают полную картину о реальном состоянии дел, необходимом бюджете и стратегии продвижения.','','',''),
	(136,3,9,'Интерет магазин','','','','',''),
	(139,5,1,'Создание и раскрутка сообщества в соц. сети вКонтакте','','','','',''),
	(140,5,9,'Создание и раскрутка сообщества в соц. сети вКонтакте','','','','',''),
	(135,3,1,'Интерет магазин','','','','',''),
	(134,2,9,'Сайт визитка - минимальный набор','Минимальный набор опций','','','',''),
	(105,39,1,'Apple iPad 2 16Gb Wi-Fi + 3G','экран 9.7\", 1024x768, емкостный, мультитач, iOS, встроенная память 16 Гб, Wi-Fi, Bluetooth, 3G, GPS, гироскоп, две фотокамеры, вес 613 г',NULL,NULL,NULL,NULL),
	(106,39,9,'Apple iPad 2 16Gb Wi-Fi + 3G','экран 9.7\", 1024x768, емкостный, мультитач, iOS, встроенная память 16 Гб, Wi-Fi, Bluetooth, 3G, GPS, гироскоп, две фотокамеры, вес 613 г',NULL,NULL,NULL,NULL),
	(107,40,1,'Apple iPad 2 64Gb Wi-Fi + 3G','экран 9.7\", 1024x768, емкостный, мультитач, iOS, встроенная память 64 Гб, Wi-Fi, Bluetooth, 3G, GPS, гироскоп, две фотокамеры, вес 613 г',NULL,NULL,NULL,NULL),
	(108,40,9,'Apple iPad 2 64Gb Wi-Fi + 3G','экран 9.7\", 1024x768, емкостный, мультитач, iOS, встроенная память 64 Гб, Wi-Fi, Bluetooth, 3G, GPS, гироскоп, две фотокамеры, вес 613 г',NULL,NULL,NULL,NULL),
	(109,41,1,'Samsung Galaxy Tab 7.0 Plus P6200 16GB','экран 7\", 1024x600, емкостный, мультитач, Android 3.2, встроенная память 16 Гб, microSDHC, Wi-Fi, Bluetooth, 3G, GPS, гироскоп, две фотокамеры, подключение к компьютеру по USB, вес 343 г',NULL,NULL,NULL,NULL),
	(110,41,9,'Samsung Galaxy Tab 7.0 Plus P6200 16GB','экран 7\", 1024x600, емкостный, мультитач, Android 3.2, встроенная память 16 Гб, microSDHC, Wi-Fi, Bluetooth, 3G, GPS, гироскоп, две фотокамеры, подключение к компьютеру по USB, вес 343 г',NULL,NULL,NULL,NULL),
	(111,42,1,'Acer Iconia Tab A100 8Gb','экран 7\", 1024x600, емкостный, мультитач, Android 3.2, встроенная память 8 Гб, microSDHC, Wi-Fi, Bluetooth, GPS, гироскоп, две фотокамеры, HDMI, подключение к компьютеру по USB, вес 410 г',NULL,NULL,NULL,NULL),
	(112,42,9,'Acer Iconia Tab A100 8Gb','экран 7\", 1024x600, емкостный, мультитач, Android 3.2, встроенная память 8 Гб, microSDHC, Wi-Fi, Bluetooth, GPS, гироскоп, две фотокамеры, HDMI, подключение к компьютеру по USB, вес 410 г',NULL,NULL,NULL,NULL),
	(113,43,1,'Asus Transformer Pad Prime 201 64Gb','экран 10.1\", 1280x800, емкостный, мультитач, Android 4.0, встроенная память 64 Гб, microSD, Wi-Fi, Bluetooth, гироскоп, две фотокамеры, micro HDMI, подключение к компьютеру по USB, вес 586 г',NULL,NULL,NULL,NULL),
	(114,43,9,'Asus Transformer Pad Prime 201 64Gb','экран 10.1\", 1280x800, емкостный, мультитач, Android 4.0, встроенная память 64 Гб, microSD, Wi-Fi, Bluetooth, гироскоп, две фотокамеры, micro HDMI, подключение к компьютеру по USB, вес 586 г',NULL,NULL,NULL,NULL),
	(115,44,1,'Samsung Galaxy Tab 10.1 P7500 16Gb','экран 10.1\", 1280x800, емкостный, мультитач, Android 3.1, встроенная память 16 Гб, Wi-Fi, Bluetooth, 3G, GPS, гироскоп, две фотокамеры, подключение к компьютеру по USB, вес 565 г',NULL,NULL,NULL,NULL),
	(116,44,9,'Samsung Galaxy Tab 10.1 P7500 16Gb','экран 10.1\", 1280x800, емкостный, мультитач, Android 3.1, встроенная память 16 Гб, Wi-Fi, Bluetooth, 3G, GPS, гироскоп, две фотокамеры, подключение к компьютеру по USB, вес 565 г',NULL,NULL,NULL,NULL),
	(125,49,1,'Самый новый тест','краткое','полное','','',''),
	(126,49,9,'Самый новый тест','краткое','полное','','',''),
	(133,2,1,'Сайт визитка - минимальный набор','Минимальный набор опций','','','',''),
	(129,51,1,'новый сайт визитка','www','www www','','',''),
	(130,51,9,'новый сайт визитка','www','www www','','',''),
	(144,7,9,'Аудит сайта','Проверка и анализ эффективности вашего сайта','<strong>Аудит сайта</strong>&nbsp;(англ. site audit)&nbsp;— это комплекс мероприятий, направленный на поиск причин, мешающих интернет-ресурсу высоко ранжироваться в результатах выдачи поисковых систем. Любая компания, которая собирается продвигать свой бизнес в интернете или имела не очень успешный опыт продвижения, в первую очередь проводит комплексный аудит сайта. Только всесторонний анализ интернет-ресурса, оценка конкурентов и особенностей бизнеса дают полную картину о реальном состоянии дел, необходимом бюджете и стратегии продвижения.','','',''),
	(146,8,9,'CRM система','Система управления взаимоотношениями с клиентами','(CRM, CRM-система, сокращение от англ. Customer Relationship Management) — прикладное программное обеспечение для организаций, предназначенное для автоматизации стратегий взаимодействия с заказчиками (клиентами), в частности, для повышения уровня продаж, оптимизации маркетинга и улучшения обслуживания клиентов путём сохранения информации о клиентах и истории взаимоотношений с ними, установления и улучшения бизнес-процедур и последующего анализа результатов.','','',''),
	(150,10,9,'Amazon хостинг','Настройка выделенного сервера в облачном хостинге Amazon','<strong>Amazon Simple Storage Service</strong>&nbsp;(Amazon S3)&nbsp;— онлайновая&nbsp;веб-служба, предлагаемая&nbsp;Amazon Web Services, предоставляющая возможность для хранения и получения любого объёма данных, в любое время из любой точки сети, так называемый файловый&nbsp;хостинг. С помощью Amazon S3 достигается высокая масштабируемость, надёжность, высокая скорость и недорогая инфраструктура хранения данных. Впервые появилась в марте 2006 года в США&nbsp;и в ноябре 2007 года в Европе.<div> Подробнее об инстансах <a href=\"http://aws.amazon.com/ec2/instance-types/\">amazon</a>&nbsp;</div>','','',''),
	(149,10,1,'Amazon хостинг','Настройка выделенного сервера в облачном хостинге Amazon','<strong>Amazon Simple Storage Service</strong>&nbsp;(Amazon S3)&nbsp;— онлайновая&nbsp;веб-служба, предлагаемая&nbsp;Amazon Web Services, предоставляющая возможность для хранения и получения любого объёма данных, в любое время из любой точки сети, так называемый файловый&nbsp;хостинг. С помощью Amazon S3 достигается высокая масштабируемость, надёжность, высокая скорость и недорогая инфраструктура хранения данных. Впервые появилась в марте 2006 года в США&nbsp;и в ноябре 2007 года в Европе.<div> Подробнее об инстансах <a href=\"http://aws.amazon.com/ec2/instance-types/\">amazon</a>&nbsp;</div>','','',''),
	(151,11,1,'Тестирование','Вы можете выбрать различные виды тестов','<p><a></a><strong>1.&nbsp;&nbsp;&nbsp;\r\n</strong><strong>Ropo-тестирование.</strong></p>\r\n<p>Помогает ответить на вопрос, по каким\r\nкритериям ваши потенциальные клиенты выбирают место для покупки.</p>\r\n<p>&nbsp;</p>\r\n<p><strong>2.&nbsp;&nbsp;&nbsp;&nbsp;\r\n</strong><strong>Бенчмаркинг тестирование.</strong></p>\r\n<p>Проследите\r\nза своими конкурентами, проанализируйте их действия, сопоставьте со своей\r\nработой и возьмите что-то на вооружение.</p>\r\n<p><strong>&nbsp;</strong></p>\r\n<p><strong>3.&nbsp;&nbsp;&nbsp;&nbsp;\r\n</strong><strong>Тестирование игр.</strong></p>\r\n<p>Проверьте\r\nгеймплэй в социальных сетях vkontakte и facebook. Узнайте отношение игроков к\r\nвашему продукту и оцените его перспективу.</p>\r\n<p>&nbsp;&nbsp;</p>\r\n<p><strong>4.&nbsp;&nbsp;&nbsp;&nbsp;\r\n</strong><strong>Классический тест.</strong></p>\r\n<p>Стандартный тест, позволяющий оценить\r\nудобство сайта, логичность интерфейса и меню, доходчивость изложения\r\nинформации.</p>\r\n<p>&nbsp;</p>\r\n<p><strong>5.&nbsp;&nbsp;&nbsp;&nbsp;\r\n</strong><strong>Поисковый\r\n</strong><strong>PPC</strong><strong> тест +\r\nтестирование </strong><strong>Landing</strong><strong></strong><strong>Page</strong><strong>.</strong></p>\r\n<p>Анализируется качество контекстной\r\nрекламы, эффективность ключевых слов, алгоритм действий пользователя, сравнение\r\nс тремя сайтами-конкурентами. </p>\r\n<p>&nbsp;</p>\r\n<p>6.&nbsp;&nbsp;&nbsp;&nbsp;\r\n<strong>Тестирование прототипов</strong>.</p>\r\n<p>Эффективен\r\nпри создании дизайна, помогает собрать информацию и отзывы пользователей,\r\nоценить их впечатления, уровень доверия.</p>\r\n<p>&nbsp;</p>\r\n<p>7.&nbsp;&nbsp;&nbsp;&nbsp;\r\n<strong>Маркетинговый\r\nтест.</strong></p>\r\n<p>Оценивает\r\nкоммерческую перспективу e-mail\r\nрассылки, выявляет возможности для повышения скорости подписки и заполнения\r\nформ.</p>\r\n<p>&nbsp;</p>\r\n<p>8.&nbsp;&nbsp;&nbsp;&nbsp;\r\n<strong>Speed </strong><strong>тест.</strong></p>\r\n<p>Дает\r\nпредставление о скорости действий пользователя: насколько быстро он получает\r\nинформацию, решает другие задачи и т.п.</p>\r\n<p>&nbsp;</p>\r\n<p>9.&nbsp;&nbsp;&nbsp;&nbsp;\r\n<strong>Тест\r\nпервого впечатления.</strong></p>\r\n<p>Направлен\r\nна оценку первой реакции пользователя при посещении целевой страницы: насколько\r\nпонятна концепция, удачен дизайн.</p>\r\n<p>&nbsp;</p>\r\n<p>10.&nbsp;&nbsp;\r\n<strong>Тестирование\r\nгрупп в соцсетях.</strong>\r\n</p>\r\n<p>Анализируются впечатления пользователей\r\nот группы: насколько она понятна, вызывает ли доверие, удобна, информативна.</p>\r\n<p>&nbsp;</p>\r\n<p>11.&nbsp;&nbsp;\r\n<strong>Нейминг-тест.</strong></p>\r\n<p>Собираются отзывы о названиях,\r\nсвязанных с ними ассоциациях, исследуется запоминаемость названий среди\r\nпользователей.</p>','','',''),
	(152,11,9,'Тестирование','Вы можете выбрать различные виды тестов','<p><a></a><strong>1.&nbsp;&nbsp;&nbsp;\r\n</strong><strong>Ropo-тестирование.</strong></p>\r\n<p>Помогает ответить на вопрос, по каким\r\nкритериям ваши потенциальные клиенты выбирают место для покупки.</p>\r\n<p>&nbsp;</p>\r\n<p><strong>2.&nbsp;&nbsp;&nbsp;&nbsp;\r\n</strong><strong>Бенчмаркинг тестирование.</strong></p>\r\n<p>Проследите\r\nза своими конкурентами, проанализируйте их действия, сопоставьте со своей\r\nработой и возьмите что-то на вооружение.</p>\r\n<p><strong>&nbsp;</strong></p>\r\n<p><strong>3.&nbsp;&nbsp;&nbsp;&nbsp;\r\n</strong><strong>Тестирование игр.</strong></p>\r\n<p>Проверьте\r\nгеймплэй в социальных сетях vkontakte и facebook. Узнайте отношение игроков к\r\nвашему продукту и оцените его перспективу.</p>\r\n<p>&nbsp;&nbsp;</p>\r\n<p><strong>4.&nbsp;&nbsp;&nbsp;&nbsp;\r\n</strong><strong>Классический тест.</strong></p>\r\n<p>Стандартный тест, позволяющий оценить\r\nудобство сайта, логичность интерфейса и меню, доходчивость изложения\r\nинформации.</p>\r\n<p>&nbsp;</p>\r\n<p><strong>5.&nbsp;&nbsp;&nbsp;&nbsp;\r\n</strong><strong>Поисковый\r\n</strong><strong>PPC</strong><strong> тест +\r\nтестирование </strong><strong>Landing</strong><strong></strong><strong>Page</strong><strong>.</strong></p>\r\n<p>Анализируется качество контекстной\r\nрекламы, эффективность ключевых слов, алгоритм действий пользователя, сравнение\r\nс тремя сайтами-конкурентами. </p>\r\n<p>&nbsp;</p>\r\n<p>6.&nbsp;&nbsp;&nbsp;&nbsp;\r\n<strong>Тестирование прототипов</strong>.</p>\r\n<p>Эффективен\r\nпри создании дизайна, помогает собрать информацию и отзывы пользователей,\r\nоценить их впечатления, уровень доверия.</p>\r\n<p>&nbsp;</p>\r\n<p>7.&nbsp;&nbsp;&nbsp;&nbsp;\r\n<strong>Маркетинговый\r\nтест.</strong></p>\r\n<p>Оценивает\r\nкоммерческую перспективу e-mail\r\nрассылки, выявляет возможности для повышения скорости подписки и заполнения\r\nформ.</p>\r\n<p>&nbsp;</p>\r\n<p>8.&nbsp;&nbsp;&nbsp;&nbsp;\r\n<strong>Speed </strong><strong>тест.</strong></p>\r\n<p>Дает\r\nпредставление о скорости действий пользователя: насколько быстро он получает\r\nинформацию, решает другие задачи и т.п.</p>\r\n<p>&nbsp;</p>\r\n<p>9.&nbsp;&nbsp;&nbsp;&nbsp;\r\n<strong>Тест\r\nпервого впечатления.</strong></p>\r\n<p>Направлен\r\nна оценку первой реакции пользователя при посещении целевой страницы: насколько\r\nпонятна концепция, удачен дизайн.</p>\r\n<p>&nbsp;</p>\r\n<p>10.&nbsp;&nbsp;\r\n<strong>Тестирование\r\nгрупп в соцсетях.</strong>\r\n</p>\r\n<p>Анализируются впечатления пользователей\r\nот группы: насколько она понятна, вызывает ли доверие, удобна, информативна.</p>\r\n<p>&nbsp;</p>\r\n<p>11.&nbsp;&nbsp;\r\n<strong>Нейминг-тест.</strong></p>\r\n<p>Собираются отзывы о названиях,\r\nсвязанных с ними ассоциациях, исследуется запоминаемость названий среди\r\nпользователей.</p>','','','');

/*!40000 ALTER TABLE `StoreProductTranslate` ENABLE KEYS */;
UNLOCK TABLES;


# Dump of table StoreProductType
# ------------------------------------------------------------

DROP TABLE IF EXISTS `StoreProductType`;

CREATE TABLE `StoreProductType` (
  `id` int(11) NOT NULL AUTO_INCREMENT,
  `name` varchar(255) NOT NULL,
  `categories_preset` text NOT NULL,
  `main_category` int(11) NOT NULL DEFAULT '0',
  PRIMARY KEY (`id`)
) ENGINE=MyISAM AUTO_INCREMENT=13 DEFAULT CHARSET=utf8;

LOCK TABLES `StoreProductType` WRITE;
/*!40000 ALTER TABLE `StoreProductType` DISABLE KEYS */;
INSERT INTO `StoreProductType` (`id`,`name`,`categories_preset`,`main_category`)
VALUES
	(1,'Сайт визитка','a:2:{i:0;s:3:\"220\";i:1;s:3:\"223\";}',0),
	(2,'Интернет магазин','a:1:{i:0;s:3:\"223\";}',0),
	(3,'Поисковая оптимизация','a:1:{i:0;s:3:\"220\";}',0),
	(4,'Социальные сети','a:1:{i:0;s:3:\"223\";}',0),
	(5,'Аудит','a:1:{i:0;s:3:\"220\";}',0),
	(6,'CRM системы','a:1:{i:0;s:3:\"223\";}',0),
	(7,'Хостинг','a:1:{i:0;s:3:\"223\";}',0),
	(8,'Тестирование','a:2:{i:0;s:3:\"220\";i:1;s:3:\"223\";}',0);

/*!40000 ALTER TABLE `StoreProductType` ENABLE KEYS */;
UNLOCK TABLES;


# Dump of table StoreProductTypeTester
# ------------------------------------------------------------

DROP TABLE IF EXISTS `StoreProductTypeTester`;

CREATE TABLE `StoreProductTypeTester` (
  `type_id` int(11) NOT NULL,
  `user_id` int(11) NOT NULL,
  KEY `user_id` (`user_id`),
  KEY `type_id` (`type_id`)
) ENGINE=MyISAM DEFAULT CHARSET=latin1;

LOCK TABLES `StoreProductTypeTester` WRITE;
/*!40000 ALTER TABLE `StoreProductTypeTester` DISABLE KEYS */;
INSERT INTO `StoreProductTypeTester` (`type_id`,`user_id`)
VALUES
	(1,62),
	(2,62),
	(4,62),
	(9,62),
	(1,62);

/*!40000 ALTER TABLE `StoreProductTypeTester` ENABLE KEYS */;
UNLOCK TABLES;


# Dump of table StoreProductVariant
# ------------------------------------------------------------

DROP TABLE IF EXISTS `StoreProductVariant`;

CREATE TABLE `StoreProductVariant` (
  `id` int(11) NOT NULL AUTO_INCREMENT,
  `attribute_id` int(11) NOT NULL,
  `option_id` int(11) NOT NULL,
  `product_id` int(11) NOT NULL,
  `price` float(10,2) NOT NULL DEFAULT '0.00',
  `price_type` tinyint(1) NOT NULL,
  `sku` varchar(255) NOT NULL,
  PRIMARY KEY (`id`),
  KEY `attribute_id` (`attribute_id`),
  KEY `option_id` (`option_id`),
  KEY `product_id` (`product_id`)
) ENGINE=MyISAM AUTO_INCREMENT=35 DEFAULT CHARSET=utf8;

LOCK TABLES `StoreProductVariant` WRITE;
/*!40000 ALTER TABLE `StoreProductVariant` DISABLE KEYS */;
INSERT INTO `StoreProductVariant` (`id`,`attribute_id`,`option_id`,`product_id`,`price`,`price_type`,`sku`)
VALUES
	(11,73,180,2,50.00,0,''),
	(12,75,182,2,100.00,0,''),
	(9,72,173,2,100.00,0,''),
	(13,76,184,2,100.00,0,''),
	(14,78,188,2,600.00,0,''),
	(15,80,192,2,100.00,0,''),
	(16,80,192,3,100.00,0,''),
	(17,78,188,3,600.00,0,''),
	(18,76,184,3,100.00,0,''),
	(19,72,173,3,100.00,0,''),
	(20,86,204,7,100.00,0,''),
	(21,87,206,7,100.00,0,''),
	(22,88,208,7,100.00,0,''),
	(23,89,210,7,100.00,0,''),
	(24,90,212,7,100.00,0,''),
	(25,91,214,7,100.00,0,''),
	(26,93,218,7,100.00,0,''),
	(27,94,220,11,200.00,0,''),
	(28,95,222,11,200.00,0,''),
	(29,96,224,11,200.00,0,''),
	(30,97,226,11,200.00,0,''),
	(31,98,228,11,270.00,0,''),
	(32,99,230,11,200.00,0,''),
	(33,100,232,11,200.00,0,''),
	(34,101,234,11,180.00,0,'');

/*!40000 ALTER TABLE `StoreProductVariant` ENABLE KEYS */;
UNLOCK TABLES;


# Dump of table StoreRelatedProduct
# ------------------------------------------------------------

DROP TABLE IF EXISTS `StoreRelatedProduct`;

CREATE TABLE `StoreRelatedProduct` (
  `id` int(11) NOT NULL AUTO_INCREMENT,
  `product_id` int(11) NOT NULL,
  `related_id` int(11) NOT NULL,
  PRIMARY KEY (`id`),
  KEY `product_id` (`product_id`)
) ENGINE=MyISAM AUTO_INCREMENT=91 DEFAULT CHARSET=utf8 COMMENT='Handle related products';

LOCK TABLES `StoreRelatedProduct` WRITE;
/*!40000 ALTER TABLE `StoreRelatedProduct` DISABLE KEYS */;
INSERT INTO `StoreRelatedProduct` (`id`,`product_id`,`related_id`)
VALUES
	(32,48,47),
	(68,51,44),
	(67,51,48),
	(66,51,49),
	(90,2,5),
	(84,3,5),
	(83,3,6),
	(82,3,4),
	(81,3,2),
	(89,2,6),
	(88,2,4);

/*!40000 ALTER TABLE `StoreRelatedProduct` ENABLE KEYS */;
UNLOCK TABLES;


# Dump of table StoreTypeAttribute
# ------------------------------------------------------------

DROP TABLE IF EXISTS `StoreTypeAttribute`;

CREATE TABLE `StoreTypeAttribute` (
  `type_id` int(11) NOT NULL,
  `attribute_id` int(11) NOT NULL,
  PRIMARY KEY (`type_id`,`attribute_id`)
) ENGINE=MyISAM DEFAULT CHARSET=utf8;

LOCK TABLES `StoreTypeAttribute` WRITE;
/*!40000 ALTER TABLE `StoreTypeAttribute` DISABLE KEYS */;
INSERT INTO `StoreTypeAttribute` (`type_id`,`attribute_id`)
VALUES
	(1,69),
	(1,70),
	(1,71),
	(1,72),
	(1,73),
	(1,74),
	(1,75),
	(1,76),
	(1,77),
	(1,78),
	(1,79),
	(1,80),
	(2,69),
	(2,71),
	(2,72),
	(2,76),
	(2,77),
	(2,78),
	(2,79),
	(2,80),
	(2,81),
	(2,82),
	(2,83),
	(2,84),
	(2,85),
	(5,86),
	(5,87),
	(5,88),
	(5,89),
	(5,90),
	(5,91),
	(5,92),
	(5,93),
	(6,78),
	(6,79),
	(6,80),
	(8,94),
	(8,95),
	(8,96),
	(8,97),
	(8,98),
	(8,99),
	(8,100),
	(8,101);

/*!40000 ALTER TABLE `StoreTypeAttribute` ENABLE KEYS */;
UNLOCK TABLES;


# Dump of table StoreWishlist
# ------------------------------------------------------------

DROP TABLE IF EXISTS `StoreWishlist`;

CREATE TABLE `StoreWishlist` (
  `id` int(11) NOT NULL AUTO_INCREMENT,
  `key` varchar(10) NOT NULL,
  `user_id` int(11) NOT NULL,
  PRIMARY KEY (`id`),
  KEY `key` (`key`),
  KEY `user_id` (`user_id`)
) ENGINE=MyISAM AUTO_INCREMENT=2 DEFAULT CHARSET=utf8;

LOCK TABLES `StoreWishlist` WRITE;
/*!40000 ALTER TABLE `StoreWishlist` DISABLE KEYS */;
INSERT INTO `StoreWishlist` (`id`,`key`,`user_id`)
VALUES
	(1,'74dt2hwlgu',1);

/*!40000 ALTER TABLE `StoreWishlist` ENABLE KEYS */;
UNLOCK TABLES;


# Dump of table StoreWishlistProducts
# ------------------------------------------------------------

DROP TABLE IF EXISTS `StoreWishlistProducts`;

CREATE TABLE `StoreWishlistProducts` (
  `id` int(11) NOT NULL AUTO_INCREMENT,
  `wishlist_id` int(11) NOT NULL,
  `product_id` int(11) NOT NULL,
  `user_id` int(11) NOT NULL,
  PRIMARY KEY (`id`),
  KEY `wishlist_id` (`wishlist_id`),
  KEY `product_id` (`product_id`),
  KEY `user_id` (`user_id`)
) ENGINE=MyISAM AUTO_INCREMENT=10 DEFAULT CHARSET=utf8;

LOCK TABLES `StoreWishlistProducts` WRITE;
/*!40000 ALTER TABLE `StoreWishlistProducts` DISABLE KEYS */;
INSERT INTO `StoreWishlistProducts` (`id`,`wishlist_id`,`product_id`,`user_id`)
VALUES
	(9,1,39,1);

/*!40000 ALTER TABLE `StoreWishlistProducts` ENABLE KEYS */;
UNLOCK TABLES;


# Dump of table SystemLanguage
# ------------------------------------------------------------

DROP TABLE IF EXISTS `SystemLanguage`;

CREATE TABLE `SystemLanguage` (
  `id` int(11) NOT NULL AUTO_INCREMENT,
  `name` varchar(100) NOT NULL,
  `code` varchar(25) NOT NULL,
  `locale` varchar(100) NOT NULL,
  `default` tinyint(1) NOT NULL,
  `flag_name` varchar(255) DEFAULT NULL,
  PRIMARY KEY (`id`),
  KEY `code` (`code`)
) ENGINE=MyISAM AUTO_INCREMENT=10 DEFAULT CHARSET=utf8;

LOCK TABLES `SystemLanguage` WRITE;
/*!40000 ALTER TABLE `SystemLanguage` DISABLE KEYS */;
INSERT INTO `SystemLanguage` (`id`,`name`,`code`,`locale`,`default`,`flag_name`)
VALUES
	(1,'Русский','ru','ru',1,'ru.png'),
	(9,'English','en','en',0,'us.png');

/*!40000 ALTER TABLE `SystemLanguage` ENABLE KEYS */;
UNLOCK TABLES;


# Dump of table SystemModules
# ------------------------------------------------------------

DROP TABLE IF EXISTS `SystemModules`;

CREATE TABLE `SystemModules` (
  `id` int(11) NOT NULL AUTO_INCREMENT,
  `name` varchar(255) NOT NULL,
  `enabled` tinyint(1) NOT NULL,
  PRIMARY KEY (`id`),
  UNIQUE KEY `name` (`name`)
) ENGINE=MyISAM AUTO_INCREMENT=56 DEFAULT CHARSET=utf8;

LOCK TABLES `SystemModules` WRITE;
/*!40000 ALTER TABLE `SystemModules` DISABLE KEYS */;
INSERT INTO `SystemModules` (`id`,`name`,`enabled`)
VALUES
	(7,'users',1),
	(9,'pages',1),
	(11,'core',1),
	(12,'rights',1),
	(16,'orders',1),
	(15,'store',1),
	(17,'comments',1),
	(37,'feedback',1),
	(38,'discounts',1),
	(39,'newsletter',1),
	(40,'csv',1),
	(41,'logger',1),
	(52,'accounting1c',1),
	(53,'yandexMarket',1),
	(54,'notifier',1),
	(55,'statistics',1);

/*!40000 ALTER TABLE `SystemModules` ENABLE KEYS */;
UNLOCK TABLES;


# Dump of table SystemSettings
# ------------------------------------------------------------

DROP TABLE IF EXISTS `SystemSettings`;

CREATE TABLE `SystemSettings` (
  `id` int(11) NOT NULL AUTO_INCREMENT,
  `category` varchar(255) NOT NULL,
  `key` varchar(255) NOT NULL,
  `value` text NOT NULL,
  PRIMARY KEY (`id`),
  KEY `category` (`category`),
  KEY `key` (`key`)
) ENGINE=MyISAM AUTO_INCREMENT=39 DEFAULT CHARSET=utf8;

LOCK TABLES `SystemSettings` WRITE;
/*!40000 ALTER TABLE `SystemSettings` DISABLE KEYS */;
INSERT INTO `SystemSettings` (`id`,`category`,`key`,`value`)
VALUES
	(9,'feedback','max_message_length','1000'),
	(8,'feedback','enable_captcha','1'),
	(7,'feedback','admin_email','alexeybokarev@gmail.com'),
	(10,'17_WebMoneyPaymentSystem','LMI_PAYEE_PURSE','Z1234565788'),
	(11,'17_WebMoneyPaymentSystem','LMI_SECRET_KEY','theSercretPassword'),
	(12,'18_WebMoneyPaymentSystem','LMI_PAYEE_PURSE','1'),
	(13,'18_WebMoneyPaymentSystem','LMI_SECRET_KEY','2'),
	(14,'19_RobokassaPaymentSystem','login','login'),
	(15,'19_RobokassaPaymentSystem','password1','password1value'),
	(16,'19_RobokassaPaymentSystem','password2','password2value'),
	(22,'accounting1c','password','f880fefe2aff8130bb31d480f08e47c03e655b60'),
	(21,'accounting1c','ip','127.0.0.1'),
	(23,'accounting1c','tempdir','application.runtime'),
	(24,'yandexMarket','name','Демо магазин'),
	(25,'yandexMarket','company','Демо кампания'),
	(26,'yandexMarket','url','http://demo-company.loc/'),
	(27,'yandexMarket','currency_id','2'),
	(28,'core','siteName','testmenow'),
	(29,'core','productsPerPage','12,18,24'),
	(30,'core','productsPerPageAdmin','30'),
	(31,'core','theme','default'),
	(32,'20_QiwiPaymentSystem','shop_id',''),
	(33,'20_QiwiPaymentSystem','password',''),
	(34,'21_QiwiPaymentSystem','shop_id','211182'),
	(35,'21_QiwiPaymentSystem','password','xsi100500'),
	(36,'core','editorTheme','maxi'),
	(37,'core','editorHeight','300'),
	(38,'core','editorAutoload','0');

/*!40000 ALTER TABLE `SystemSettings` ENABLE KEYS */;
UNLOCK TABLES;


# Dump of table tbl_comment
# ------------------------------------------------------------

DROP TABLE IF EXISTS `tbl_comment`;

CREATE TABLE `tbl_comment` (
  `id` int(11) NOT NULL AUTO_INCREMENT,
  `content` text COLLATE utf8_unicode_ci NOT NULL,
  `status` int(11) NOT NULL,
  `create_time` int(11) DEFAULT NULL,
  `author` varchar(128) COLLATE utf8_unicode_ci NOT NULL,
  `email` varchar(128) COLLATE utf8_unicode_ci NOT NULL,
  `url` varchar(128) COLLATE utf8_unicode_ci DEFAULT NULL,
  `post_id` int(11) NOT NULL,
  `order_id` int(11) NOT NULL,
  `task_id` int(11) NOT NULL,
  PRIMARY KEY (`id`),
  KEY `FK_comment_post` (`post_id`),
  CONSTRAINT `FK_comment_post` FOREIGN KEY (`post_id`) REFERENCES `tbl_post` (`id`) ON DELETE CASCADE
) ENGINE=InnoDB AUTO_INCREMENT=29 DEFAULT CHARSET=utf8 COLLATE=utf8_unicode_ci;

LOCK TABLES `tbl_comment` WRITE;
/*!40000 ALTER TABLE `tbl_comment` DISABLE KEYS */;
INSERT INTO `tbl_comment` (`id`,`content`,`status`,`create_time`,`author`,`email`,`url`,`post_id`,`order_id`,`task_id`)
VALUES
	(8,'http://www.youtube.com/watch?v=dmWOFnfllms',2,1373606334,'client1','client1@gmail.com',NULL,1146,11,0),
	(9,'5555',2,1373606346,'client1','client1@gmail.com',NULL,1146,11,2),
	(10,'привет)',2,1374226456,'admin','alexeybokarev@gmail.com',NULL,1146,11,1),
	(11,'123',2,1374296460,'admin','alexeybokarev@gmail.com',NULL,1146,11,1),
	(12,'222',2,1374394587,'tester1','tester1@gmail.com',NULL,48,4,1),
	(13,'http://www.youtube.com/watch?v=dmWOFnfllms',2,1374489341,'tester1','tester1@gmail.com',NULL,1146,11,2),
	(14,'222',2,1374489387,'tester1','tester1@gmail.com',NULL,1146,11,1),
	(15,'!!!',2,1374489415,'tester1','tester1@gmail.com',NULL,1146,11,3),
	(16,'http://www.youtube.com/watch?v=dmWOFnfllms',2,1374562481,'tester1','tester1@gmail.com',NULL,1146,11,0),
	(17,'temp',2,1374733601,'tester1','tester1@gmail.com',NULL,1046,10,0),
	(18,'www',2,1374733694,'tester1','tester1@gmail.com',NULL,1046,10,0),
	(19,'eee',2,1374733950,'tester1','tester1@gmail.com',NULL,1046,10,0),
	(20,'yyy',2,1374734358,'tester1','tester1@gmail.com',NULL,1046,10,0),
	(21,'5555',2,1374734737,'tester1','tester1@gmail.com',NULL,1046,10,0),
	(22,'ссс',1,1374735381,'tester1','tester1@gmail.com',NULL,1046,10,0),
	(23,'111',1,1374736773,'tester1','tester1@gmail.com',NULL,1046,10,0),
	(24,'333',1,1374736795,'tester1','tester1@gmail.com',NULL,1046,10,1),
	(25,'а',1,1374738074,'tester1','tester1@gmail.com',NULL,1046,10,0),
	(26,'5555',1,1374738208,'tester1','tester1@gmail.com',NULL,1046,10,0),
	(27,'ууууууууу',1,1374738462,'tester1','tester1@gmail.com',NULL,1046,10,0),
	(28,'4545445454',2,1374746901,'admin','alexeybokarev@gmail.com',NULL,1046,10,0);

/*!40000 ALTER TABLE `tbl_comment` ENABLE KEYS */;
UNLOCK TABLES;


# Dump of table tbl_commentStatus
# ------------------------------------------------------------

DROP TABLE IF EXISTS `tbl_commentStatus`;

CREATE TABLE `tbl_commentStatus` (
  `id` int(11) NOT NULL AUTO_INCREMENT,
  `title` varchar(255) NOT NULL,
  PRIMARY KEY (`id`)
) ENGINE=MyISAM AUTO_INCREMENT=7 DEFAULT CHARSET=utf8;

LOCK TABLES `tbl_commentStatus` WRITE;
/*!40000 ALTER TABLE `tbl_commentStatus` DISABLE KEYS */;
INSERT INTO `tbl_commentStatus` (`id`,`title`)
VALUES
	(1,'??????? ????????????'),
	(2,'????????'),
	(3,'???????? ? ???????????? ?????????????'),
	(4,'?????????'),
	(5,'?????????? ?? ?????????'),
	(6,'?? ?????????');

/*!40000 ALTER TABLE `tbl_commentStatus` ENABLE KEYS */;
UNLOCK TABLES;


# Dump of table tbl_lookup
# ------------------------------------------------------------

DROP TABLE IF EXISTS `tbl_lookup`;

CREATE TABLE `tbl_lookup` (
  `id` int(11) NOT NULL AUTO_INCREMENT,
  `name` varchar(128) COLLATE utf8_unicode_ci NOT NULL,
  `code` int(11) NOT NULL,
  `type` varchar(128) COLLATE utf8_unicode_ci NOT NULL,
  `position` int(11) NOT NULL,
  PRIMARY KEY (`id`)
) ENGINE=InnoDB AUTO_INCREMENT=6 DEFAULT CHARSET=utf8 COLLATE=utf8_unicode_ci;

LOCK TABLES `tbl_lookup` WRITE;
/*!40000 ALTER TABLE `tbl_lookup` DISABLE KEYS */;
INSERT INTO `tbl_lookup` (`id`,`name`,`code`,`type`,`position`)
VALUES
	(1,'Draft',1,'PostStatus',1),
	(2,'Published',2,'PostStatus',2),
	(3,'Archived',3,'PostStatus',3),
	(4,'Pending Approval',1,'CommentStatus',1),
	(5,'Approved',2,'CommentStatus',2);

/*!40000 ALTER TABLE `tbl_lookup` ENABLE KEYS */;
UNLOCK TABLES;


# Dump of table tbl_mailbox_conversation
# ------------------------------------------------------------

DROP TABLE IF EXISTS `tbl_mailbox_conversation`;

CREATE TABLE `tbl_mailbox_conversation` (
  `conversation_id` int(10) unsigned NOT NULL AUTO_INCREMENT,
  `initiator_id` int(10) NOT NULL,
  `interlocutor_id` int(10) NOT NULL,
  `subject` varchar(100) NOT NULL DEFAULT '',
  `bm_read` tinyint(3) NOT NULL DEFAULT '0',
  `bm_deleted` tinyint(3) NOT NULL DEFAULT '0',
  `modified` int(10) unsigned NOT NULL,
  `is_system` enum('yes','no') NOT NULL DEFAULT 'no',
  `initiator_del` tinyint(1) unsigned DEFAULT '0',
  `interlocutor_del` tinyint(1) unsigned DEFAULT '0',
  PRIMARY KEY (`conversation_id`),
  KEY `initiator_id` (`initiator_id`),
  KEY `interlocutor_id` (`interlocutor_id`),
  KEY `conversation_ts` (`modified`),
  KEY `subject` (`subject`)
) ENGINE=MyISAM DEFAULT CHARSET=utf8;



# Dump of table tbl_mailbox_message
# ------------------------------------------------------------

DROP TABLE IF EXISTS `tbl_mailbox_message`;

CREATE TABLE `tbl_mailbox_message` (
  `message_id` int(11) unsigned NOT NULL AUTO_INCREMENT,
  `conversation_id` int(10) unsigned NOT NULL,
  `created` int(10) unsigned NOT NULL DEFAULT '0',
  `sender_id` int(10) unsigned NOT NULL DEFAULT '0',
  `recipient_id` int(10) unsigned NOT NULL DEFAULT '0',
  `text` mediumtext NOT NULL,
  `crc64` bigint(20) NOT NULL,
  PRIMARY KEY (`message_id`),
  KEY `sender_profile_id` (`sender_id`),
  KEY `recipient_profile_id` (`recipient_id`),
  KEY `conversation_id` (`conversation_id`),
  KEY `timestamp` (`created`),
  KEY `crc64` (`crc64`),
  FULLTEXT KEY `text` (`text`)
) ENGINE=MyISAM DEFAULT CHARSET=utf8;



# Dump of table tbl_migration
# ------------------------------------------------------------

DROP TABLE IF EXISTS `tbl_migration`;

CREATE TABLE `tbl_migration` (
  `version` varchar(255) NOT NULL,
  `apply_time` int(11) DEFAULT NULL,
  PRIMARY KEY (`version`)
) ENGINE=InnoDB DEFAULT CHARSET=utf8;

LOCK TABLES `tbl_migration` WRITE;
/*!40000 ALTER TABLE `tbl_migration` DISABLE KEYS */;
INSERT INTO `tbl_migration` (`version`,`apply_time`)
VALUES
	('m000000_000000_base',1361214193),
	('m130218_190341_add_description_to_store_category',1361214373),
	('m130218_190818_add_description_to_store_category_translate',1361214547);

/*!40000 ALTER TABLE `tbl_migration` ENABLE KEYS */;
UNLOCK TABLES;


# Dump of table tbl_post
# ------------------------------------------------------------

DROP TABLE IF EXISTS `tbl_post`;

CREATE TABLE `tbl_post` (
  `id` int(11) NOT NULL AUTO_INCREMENT,
  `title` varchar(128) COLLATE utf8_unicode_ci NOT NULL,
  `content` text COLLATE utf8_unicode_ci NOT NULL,
  `tags` text COLLATE utf8_unicode_ci,
  `status` int(11) NOT NULL,
  `create_time` int(11) DEFAULT NULL,
  `update_time` int(11) DEFAULT NULL,
  `author_id` int(11) NOT NULL,
  PRIMARY KEY (`id`),
  KEY `FK_post_author` (`author_id`),
  CONSTRAINT `FK_post_author` FOREIGN KEY (`author_id`) REFERENCES `user` (`id`) ON DELETE CASCADE ON UPDATE CASCADE
) ENGINE=InnoDB AUTO_INCREMENT=101047 DEFAULT CHARSET=utf8 COLLATE=utf8_unicode_ci;

LOCK TABLES `tbl_post` WRITE;
/*!40000 ALTER TABLE `tbl_post` DISABLE KEYS */;
INSERT INTO `tbl_post` (`id`,`title`,`content`,`tags`,`status`,`create_time`,`update_time`,`author_id`)
VALUES
	(1,'Welcome!','This blog system is developed using Yii. It is meant to demonstrate how to use Yii to build a complete real-world application. Complete source code may be found in the Yii releases.\n\nFeel free to try this system by writing new posts and posting comments.','yii, blog',2,1230952187,1230952187,1),
	(2,'A Test Post','Lorem ipsum dolor sit amet, consectetur adipisicing elit, sed do eiusmod tempor incididunt ut labore et dolore magna aliqua. Ut enim ad minim veniam, quis nostrud exercitation ullamco laboris nisi ut aliquip ex ea commodo consequat. Duis aute irure dolor in reprehenderit in voluptate velit esse cillum dolore eu fugiat nulla pariatur. Excepteur sint occaecat cupidatat non proident, sunt in culpa qui officia deserunt mollit anim id est laborum.','test',2,1230952187,1230952187,1),
	(3,'first post','www','first',2,1370703380,1370703380,1),
	(10,'11111111','1111111','11111111',2,1372664614,1372664614,1),
	(16,'22','22',NULL,0,1371195048,1371195048,1),
	(22,'11111111','1111111','11111111',2,1372664592,1372664592,1),
	(46,'2212','1222','',2,1370703513,1370703513,1),
	(48,'temp','temp','temp',1,1374730307,1374730307,62),
	(51,'11111111','1111111','11111111',2,1373549210,1373549210,61),
	(71,'11111111','1111111','11111111',2,1372676966,1372676966,1),
	(84,'11111111','21111111','11111111',2,1372757647,1372757647,1),
	(100,'11111111','1111111','11111111',2,1372664504,1372664504,1),
	(121,'11111111','1111111','11111111',2,1373630019,1373630019,62),
	(151,'temp','temp','temp',1,1374728502,1374728502,62),
	(161,'temp','temp','temp',1,1374728509,1374728509,62),
	(210,'11111111','1111111','11111111',2,1372665083,1372665083,1),
	(246,'11111111','1111111','11111111',2,1372666873,1372666873,1),
	(247,'11111111','1111111','11111111',2,1372665338,1372665338,1),
	(483,'12312','12312','12312',2,1371195047,1371195047,1),
	(546,'11111111','1111111','11111111',2,1373974230,1373974230,61),
	(1046,'temp','temp','temp',1,1374731066,1374731066,62),
	(1052,'11111111','1111111','11111111',2,1372755519,1372755519,1),
	(1146,'11111111','1111111','11111111',2,1373602089,1373602089,61),
	(1346,'11111111','1111111','11111111',2,1373630128,1373630128,62),
	(101046,'temp','temp','temp',1,1374733610,1374733610,62);

/*!40000 ALTER TABLE `tbl_post` ENABLE KEYS */;
UNLOCK TABLES;


# Dump of table tbl_profiles
# ------------------------------------------------------------

DROP TABLE IF EXISTS `tbl_profiles`;

CREATE TABLE `tbl_profiles` (
  `user_id` int(11) NOT NULL,
  `lastname` varchar(50) NOT NULL DEFAULT '',
  `firstname` varchar(50) NOT NULL DEFAULT '',
  `Role` tinyint(1) NOT NULL DEFAULT '0',
  `skype` varchar(255) NOT NULL DEFAULT '',
  `tel` varchar(255) NOT NULL DEFAULT '',
  `info` text NOT NULL,
  `is_free` tinyint(1) NOT NULL DEFAULT '1' COMMENT 'tester is free',
  PRIMARY KEY (`user_id`)
) ENGINE=InnoDB DEFAULT CHARSET=utf8;

LOCK TABLES `tbl_profiles` WRITE;
/*!40000 ALTER TABLE `tbl_profiles` DISABLE KEYS */;
INSERT INTO `tbl_profiles` (`user_id`,`lastname`,`firstname`,`Role`,`skype`,`tel`,`info`,`is_free`)
VALUES
	(1,'Administrator','Administrator',0,'bokal_','1234567',' информация',1),
	(2,'Demo','Demo',0,'','12312312','',1),
	(3,'test','test',1,'','','',1),
	(4,'meme','meme',0,'3333','2222','22',1),
	(13,'wwww','wwww',0,'','','',1),
	(14,'Bokarev','Alexey',0,'','','',1);

/*!40000 ALTER TABLE `tbl_profiles` ENABLE KEYS */;
UNLOCK TABLES;


# Dump of table tbl_profiles_fields
# ------------------------------------------------------------

DROP TABLE IF EXISTS `tbl_profiles_fields`;

CREATE TABLE `tbl_profiles_fields` (
  `id` int(10) NOT NULL AUTO_INCREMENT,
  `varname` varchar(50) NOT NULL,
  `title` varchar(255) NOT NULL,
  `field_type` varchar(50) NOT NULL,
  `field_size` int(3) NOT NULL DEFAULT '0',
  `field_size_min` int(3) NOT NULL DEFAULT '0',
  `required` int(1) NOT NULL DEFAULT '0',
  `match` varchar(255) NOT NULL DEFAULT '',
  `range` varchar(255) NOT NULL DEFAULT '',
  `error_message` varchar(255) NOT NULL DEFAULT '',
  `other_validator` varchar(5000) NOT NULL DEFAULT '',
  `default` varchar(255) NOT NULL DEFAULT '',
  `widget` varchar(255) NOT NULL DEFAULT '',
  `widgetparams` varchar(5000) NOT NULL DEFAULT '',
  `position` int(3) NOT NULL DEFAULT '0',
  `visible` int(1) NOT NULL DEFAULT '0',
  PRIMARY KEY (`id`),
  KEY `varname` (`varname`,`widget`,`visible`)
) ENGINE=InnoDB AUTO_INCREMENT=10 DEFAULT CHARSET=utf8;

LOCK TABLES `tbl_profiles_fields` WRITE;
/*!40000 ALTER TABLE `tbl_profiles_fields` DISABLE KEYS */;
INSERT INTO `tbl_profiles_fields` (`id`,`varname`,`title`,`field_type`,`field_size`,`field_size_min`,`required`,`match`,`range`,`error_message`,`other_validator`,`default`,`widget`,`widgetparams`,`position`,`visible`)
VALUES
	(1,'lastname','Фамилия','VARCHAR',50,3,1,'','','Incorrect Last Name (length between 3 and 50 characters).','','','','',2,3),
	(2,'firstname','Имя','VARCHAR',50,3,1,'','','Incorrect First Name (length between 3 and 50 characters).','','','','',1,3),
	(4,'Role','Роль','BOOL',0,0,1,'','1==клиент;0==тестер','','','0','','',0,3),
	(6,'skype','Skype','VARCHAR',255,0,0,'','','','','','','',4,2),
	(8,'tel','Телефон','VARCHAR',255,0,0,'','','','','','','',3,2),
	(9,'info','Дополнительная информация','TEXT',2000,0,0,'','','','','','','',5,2);

/*!40000 ALTER TABLE `tbl_profiles_fields` ENABLE KEYS */;
UNLOCK TABLES;


# Dump of table tbl_tag
# ------------------------------------------------------------

DROP TABLE IF EXISTS `tbl_tag`;

CREATE TABLE `tbl_tag` (
  `id` int(11) NOT NULL AUTO_INCREMENT,
  `name` varchar(128) COLLATE utf8_unicode_ci NOT NULL,
  `frequency` int(11) DEFAULT '1',
  PRIMARY KEY (`id`)
) ENGINE=InnoDB AUTO_INCREMENT=8 DEFAULT CHARSET=utf8 COLLATE=utf8_unicode_ci;

LOCK TABLES `tbl_tag` WRITE;
/*!40000 ALTER TABLE `tbl_tag` DISABLE KEYS */;
INSERT INTO `tbl_tag` (`id`,`name`,`frequency`)
VALUES
	(1,'yii',1),
	(2,'blog',1),
	(3,'test',1),
	(4,'first',1),
	(5,'12312',1),
	(6,'11111111',15),
	(7,'temp',6);

/*!40000 ALTER TABLE `tbl_tag` ENABLE KEYS */;
UNLOCK TABLES;


# Dump of table tbl_users
# ------------------------------------------------------------

DROP TABLE IF EXISTS `tbl_users`;

CREATE TABLE `tbl_users` (
  `id` int(11) NOT NULL AUTO_INCREMENT,
  `name` varchar(20) NOT NULL,
  `pass` varchar(128) NOT NULL,
  `email` varchar(128) NOT NULL,
  `activkey` varchar(128) NOT NULL DEFAULT '',
  `createtime` int(10) NOT NULL DEFAULT '0',
  `lastvisit` int(10) NOT NULL DEFAULT '0',
  `superuser` int(1) NOT NULL DEFAULT '0',
  `status` int(1) NOT NULL DEFAULT '0',
  PRIMARY KEY (`id`),
  UNIQUE KEY `username` (`name`),
  UNIQUE KEY `email` (`email`),
  KEY `status` (`status`),
  KEY `superuser` (`superuser`)
) ENGINE=InnoDB AUTO_INCREMENT=5 DEFAULT CHARSET=utf8;

LOCK TABLES `tbl_users` WRITE;
/*!40000 ALTER TABLE `tbl_users` DISABLE KEYS */;
INSERT INTO `tbl_users` (`id`,`name`,`pass`,`email`,`activkey`,`createtime`,`lastvisit`,`superuser`,`status`)
VALUES
	(1,'admin','fe01ce2a7fbac8fafaed7c982a04e229','alexeybokarev@gmail.com','74bc3eddc484b67a6e706a3eb85b7e78',1261146094,1361439280,1,1),
	(2,'demo','fe01ce2a7fbac8fafaed7c982a04e229','demo@example.com','099f825543f7850cc038b90aaff39fac',1261146096,1361535623,0,1),
	(3,'test','5a105e8b9d40e1329780d62ea2265d8a','alesha.bokarev@gmail.com','72e67efe871eade533033738896767fc',1361490462,1361490634,0,1),
	(4,'meme','9c2f924fb2f7004e7979ab2027ca1d65','me@me.me','e3e88d973286bc20c0fd7bf367d54410',1361535756,1361535882,0,1);

/*!40000 ALTER TABLE `tbl_users` ENABLE KEYS */;
UNLOCK TABLES;


# Dump of table test_group
# ------------------------------------------------------------

DROP TABLE IF EXISTS `test_group`;

CREATE TABLE `test_group` (
  `id` int(10) unsigned NOT NULL AUTO_INCREMENT,
  `grp` int(10) unsigned NOT NULL,
  `user` int(10) unsigned NOT NULL,
  PRIMARY KEY (`id`),
  KEY `id` (`id`)
) ENGINE=InnoDB AUTO_INCREMENT=5 DEFAULT CHARSET=utf8;

LOCK TABLES `test_group` WRITE;
/*!40000 ALTER TABLE `test_group` DISABLE KEYS */;
INSERT INTO `test_group` (`id`,`grp`,`user`)
VALUES
	(1,1,13),
	(2,1,3),
	(3,2,14),
	(4,2,13);

/*!40000 ALTER TABLE `test_group` ENABLE KEYS */;
UNLOCK TABLES;


# Dump of table test_message
# ------------------------------------------------------------

DROP TABLE IF EXISTS `test_message`;

CREATE TABLE `test_message` (
  `id` int(10) unsigned NOT NULL AUTO_INCREMENT,
  `grp` int(10) unsigned NOT NULL,
  `content` text NOT NULL,
  `created` int(10) unsigned NOT NULL,
  `author_id` int(10) unsigned NOT NULL,
  PRIMARY KEY (`id`)
) ENGINE=InnoDB AUTO_INCREMENT=3 DEFAULT CHARSET=utf8;

LOCK TABLES `test_message` WRITE;
/*!40000 ALTER TABLE `test_message` DISABLE KEYS */;
INSERT INTO `test_message` (`id`,`grp`,`content`,`created`,`author_id`)
VALUES
	(1,1,'привет',1362328444,13),
	(2,2,'hi',1362328745,14);

/*!40000 ALTER TABLE `test_message` ENABLE KEYS */;
UNLOCK TABLES;


# Dump of table test_messages_updated_group
# ------------------------------------------------------------

DROP TABLE IF EXISTS `test_messages_updated_group`;

CREATE TABLE `test_messages_updated_group` (
  `id` int(10) unsigned NOT NULL AUTO_INCREMENT,
  `user` int(10) unsigned NOT NULL,
  `grp` int(10) unsigned NOT NULL,
  `updated` enum('0','1') NOT NULL,
  PRIMARY KEY (`id`)
) ENGINE=InnoDB AUTO_INCREMENT=3 DEFAULT CHARSET=utf8;

LOCK TABLES `test_messages_updated_group` WRITE;
/*!40000 ALTER TABLE `test_messages_updated_group` DISABLE KEYS */;
INSERT INTO `test_messages_updated_group` (`id`,`user`,`grp`,`updated`)
VALUES
	(1,3,1,'1'),
	(2,13,2,'1');

/*!40000 ALTER TABLE `test_messages_updated_group` ENABLE KEYS */;
UNLOCK TABLES;


# Dump of table test_messages_updated_user
# ------------------------------------------------------------

DROP TABLE IF EXISTS `test_messages_updated_user`;

CREATE TABLE `test_messages_updated_user` (
  `user` int(10) unsigned NOT NULL,
  `updated` enum('0','1') NOT NULL,
  PRIMARY KEY (`user`)
) ENGINE=InnoDB DEFAULT CHARSET=utf8;

LOCK TABLES `test_messages_updated_user` WRITE;
/*!40000 ALTER TABLE `test_messages_updated_user` DISABLE KEYS */;
INSERT INTO `test_messages_updated_user` (`user`,`updated`)
VALUES
	(3,'1'),
	(13,'1');

/*!40000 ALTER TABLE `test_messages_updated_user` ENABLE KEYS */;
UNLOCK TABLES;


# Dump of table test_user
# ------------------------------------------------------------

DROP TABLE IF EXISTS `test_user`;

CREATE TABLE `test_user` (
  `id` int(10) unsigned NOT NULL AUTO_INCREMENT,
  `name` varchar(20) NOT NULL,
  `online` smallint(1) NOT NULL,
  PRIMARY KEY (`id`),
  UNIQUE KEY `id` (`id`)
) ENGINE=InnoDB DEFAULT CHARSET=utf8;



# Dump of table user
# ------------------------------------------------------------

DROP TABLE IF EXISTS `user`;

CREATE TABLE `user` (
  `id` int(11) NOT NULL AUTO_INCREMENT,
  `username` varchar(255) NOT NULL,
  `password` varchar(255) NOT NULL,
  `email` varchar(255) NOT NULL,
  `created_at` datetime NOT NULL,
  `last_login` datetime NOT NULL,
  `login_ip` varchar(255) NOT NULL,
  `recovery_key` varchar(20) NOT NULL,
  `recovery_password` varchar(100) NOT NULL,
  `superuser` int(11) NOT NULL DEFAULT '0',
  `role` enum('1','2','3','4') NOT NULL,
  PRIMARY KEY (`id`)
) ENGINE=InnoDB AUTO_INCREMENT=63 DEFAULT CHARSET=utf8 COMMENT='Saves user accounts';

LOCK TABLES `user` WRITE;
/*!40000 ALTER TABLE `user` DISABLE KEYS */;
INSERT INTO `user` (`id`,`username`,`password`,`email`,`created_at`,`last_login`,`login_ip`,`recovery_key`,`recovery_password`,`superuser`,`role`)
VALUES
	(1,'admin','10a07cdb61a9a8b27b7104cf5ec97eb5fa5b4d20','alexeybokarev@gmail.com','2013-04-24 08:21:20','2013-09-07 14:39:24','127.0.0.1','PXKMUEHFNK','01A2QOPJE1KIYRP',1,'1'),
	(56,'moderator','7b21848ac9af35be0ddb2d6b9fc3851934db8420','wwww@www.ru','2013-04-29 08:50:41','2013-08-23 09:25:07','127.0.0.1','','',0,'1'),
	(57,'AlexledovichA','05cc5979bb6c73260586beabe22c8c705492340e','alexledovicha@yandex.ru','2013-06-04 15:54:45','2013-06-04 15:54:45','95.158.215.108','','',0,'1'),
	(58,'heatuitless','9ce7faae87bb172bb9dca1f9f1c7cc7e8e0cb930','clieplaps@hotmail.com','2013-06-07 23:27:15','2013-06-07 23:27:15','95.158.207.115','','',0,'1'),
	(59,'excilkcew','f79893dd4c4a83deb779b19fc9196517ed1d75e7','weestotly@hotmail.com','2013-06-09 04:08:05','2013-06-09 04:08:05','95.158.224.242','','',0,'1'),
	(60,'user1','7b21848ac9af35be0ddb2d6b9fc3851934db8420','asasa@aada.ru','2013-06-20 07:36:45','2013-06-20 07:36:45','127.0.0.1','','',0,'3'),
	(61,'client1','7b21848ac9af35be0ddb2d6b9fc3851934db8420','client1@gmail.com','2013-06-20 09:47:59','2013-08-27 06:48:16','127.0.0.1','','',0,'4'),
	(62,'tester1','7b21848ac9af35be0ddb2d6b9fc3851934db8420','tester1@gmail.com','2013-06-24 08:24:58','2013-08-27 14:03:59','127.0.0.1','','',0,'3');

/*!40000 ALTER TABLE `user` ENABLE KEYS */;
UNLOCK TABLES;


# Dump of table user_profile
# ------------------------------------------------------------

DROP TABLE IF EXISTS `user_profile`;

CREATE TABLE `user_profile` (
  `id` int(11) NOT NULL AUTO_INCREMENT,
  `user_id` int(11) NOT NULL,
  `full_name` varchar(255) NOT NULL,
  `phone` varchar(20) DEFAULT NULL,
  `skype` varchar(50) DEFAULT NULL,
  `delivery_address` varchar(255) DEFAULT NULL,
  `district_home` varchar(255) NOT NULL,
  `district_work` varchar(255) NOT NULL,
  `region` varchar(255) NOT NULL,
  `foreign` varchar(255) NOT NULL,
  `known_computer` varchar(255) NOT NULL,
  `sport` varchar(255) NOT NULL,
  `food` varchar(255) NOT NULL,
  `travel` varchar(255) NOT NULL,
  `hobby` varchar(255) NOT NULL,
  `have_children` varchar(25) NOT NULL,
  `have_auto` tinyint(1) NOT NULL,
  `have_estate` tinyint(1) NOT NULL,
  `sex` tinyint(1) NOT NULL,
  `age` varchar(3) NOT NULL,
  `income` varchar(25) NOT NULL,
  `marital` varchar(25) NOT NULL,
  `education` varchar(25) NOT NULL,
  `profession` varchar(25) NOT NULL,
  `occupation` varchar(25) NOT NULL,
  `country` varchar(25) NOT NULL,
  `city` varchar(50) DEFAULT NULL,
  `image` varchar(255) NOT NULL,
  `country_id` int(11) NOT NULL,
  `city_id` int(11) NOT NULL,
  PRIMARY KEY (`id`),
  KEY `user_id` (`user_id`)
) ENGINE=MyISAM AUTO_INCREMENT=12 DEFAULT CHARSET=utf8;

LOCK TABLES `user_profile` WRITE;
/*!40000 ALTER TABLE `user_profile` DISABLE KEYS */;
INSERT INTO `user_profile` (`id`,`user_id`,`full_name`,`phone`,`skype`,`delivery_address`,`district_home`,`district_work`,`region`,`foreign`,`known_computer`,`sport`,`food`,`travel`,`hobby`,`have_children`,`have_auto`,`have_estate`,`sex`,`age`,`income`,`marital`,`education`,`profession`,`occupation`,`country`,`city`,`image`,`country_id`,`city_id`)
VALUES
	(1,1,'Administrator','000-000-00-00','','where to delivery','','','','','','','','','','',0,0,0,'','','','','','','','','1_454125611.jpg',0,0),
	(5,56,'Alexey Bokarev','123','bokal_','CondoShain','','','','','','','','','','',0,0,0,'','','','','','','',NULL,'',0,0),
	(6,57,'AlexledovichA','123456',NULL,NULL,'','','','','','182','','','Литература, кино','',0,1,2,'38','','','','Engineering, architecture','Engineering, architecture','',NULL,'',0,0),
	(7,58,'heatuitless','123456',NULL,NULL,'','','','','','169','','','Авто, музыка','',0,1,2,'','','','','Real','Real','',NULL,'',0,0),
	(8,59,'excilkcew','123456',NULL,NULL,'','','','','','162','','','Вело, music','',0,1,2,'13','','','','Education, training','Education, training','',NULL,'',0,0),
	(9,60,'tester1','','',NULL,'','','','','','','','','','',0,0,0,'','','','','','','',NULL,'',0,0),
	(10,61,'client1','','',NULL,'','','','','','','','','','',0,0,0,'','','','','','','',NULL,'',0,0),
	(11,62,'tester1 full name','','',NULL,'','','','','','','','','','',0,0,0,'','','','','','','',NULL,'',0,0);

/*!40000 ALTER TABLE `user_profile` ENABLE KEYS */;
UNLOCK TABLES;


# Dump of table wiki_link
# ------------------------------------------------------------

DROP TABLE IF EXISTS `wiki_link`;

CREATE TABLE `wiki_link` (
  `id` int(11) NOT NULL AUTO_INCREMENT,
  `page_from_id` int(11) NOT NULL,
  `page_to_id` int(11) DEFAULT NULL,
  `wiki_uid` varchar(255) CHARACTER SET utf8 DEFAULT NULL,
  `title` varchar(255) CHARACTER SET utf8 DEFAULT NULL,
  PRIMARY KEY (`id`),
  KEY `wiki_fk_link_page_from` (`page_from_id`),
  KEY `wiki_fk_link_page_to` (`page_to_id`),
  CONSTRAINT `wiki_fk_link_page_from` FOREIGN KEY (`page_from_id`) REFERENCES `wiki_page` (`id`) ON DELETE CASCADE,
  CONSTRAINT `wiki_fk_link_page_to` FOREIGN KEY (`page_to_id`) REFERENCES `wiki_page` (`id`) ON DELETE SET NULL
) ENGINE=InnoDB AUTO_INCREMENT=6 DEFAULT CHARSET=latin1;

LOCK TABLES `wiki_link` WRITE;
/*!40000 ALTER TABLE `wiki_link` DISABLE KEYS */;
INSERT INTO `wiki_link` (`id`,`page_from_id`,`page_to_id`,`wiki_uid`,`title`)
VALUES
	(4,2,NULL,'http://testmenow.ru','http://testmenow.ru'),
	(5,2,NULL,'http://youtube.com','http://youtube.com');

/*!40000 ALTER TABLE `wiki_link` ENABLE KEYS */;
UNLOCK TABLES;


# Dump of table wiki_migration
# ------------------------------------------------------------

DROP TABLE IF EXISTS `wiki_migration`;

CREATE TABLE `wiki_migration` (
  `version` varchar(255) CHARACTER SET utf8 NOT NULL,
  `apply_time` int(11) DEFAULT NULL,
  PRIMARY KEY (`version`)
) ENGINE=MyISAM DEFAULT CHARSET=latin1;

LOCK TABLES `wiki_migration` WRITE;
/*!40000 ALTER TABLE `wiki_migration` DISABLE KEYS */;
INSERT INTO `wiki_migration` (`version`,`apply_time`)
VALUES
	('m000000_000000_base',1369110826),
	('m120213_183419_init',1369110836),
	('m120222_000430_add_user_tracking_to_pages_and_revisions',1369110836),
	('m120222_004351_add_timestamps',1369110836),
	('m120430_173246_allow_same_named_pages_under_diff_namespaces',1369110836);

/*!40000 ALTER TABLE `wiki_migration` ENABLE KEYS */;
UNLOCK TABLES;


# Dump of table wiki_page
# ------------------------------------------------------------

DROP TABLE IF EXISTS `wiki_page`;

CREATE TABLE `wiki_page` (
  `id` int(11) NOT NULL AUTO_INCREMENT,
  `is_redirect` tinyint(1) DEFAULT '0',
  `page_uid` varchar(255) CHARACTER SET utf8 DEFAULT NULL,
  `namespace` varchar(255) CHARACTER SET utf8 DEFAULT NULL,
  `content` text CHARACTER SET utf8,
  `revision_id` int(11) DEFAULT NULL,
  `user_id` varchar(255) CHARACTER SET utf8 DEFAULT NULL,
  `created_at` int(11) DEFAULT NULL,
  `updated_at` int(11) DEFAULT NULL,
  PRIMARY KEY (`id`),
  UNIQUE KEY `wiki_idx_page_revision_id` (`revision_id`),
  UNIQUE KEY `wiki_idx_page_page_uid` (`page_uid`,`namespace`),
  KEY `wiki_idx_page_namespace` (`namespace`)
) ENGINE=InnoDB AUTO_INCREMENT=8 DEFAULT CHARSET=latin1;

LOCK TABLES `wiki_page` WRITE;
/*!40000 ALTER TABLE `wiki_page` DISABLE KEYS */;
INSERT INTO `wiki_page` (`id`,`is_redirect`,`page_uid`,`namespace`,`content`,`revision_id`,`user_id`,`created_at`,`updated_at`)
VALUES
	(1,0,'index',NULL,'Первая запись',1,'1',1369132331,1369398480),
	(2,0,'Youtube',NULL,'?????????? ?????? ?? YouTube\r\n\r\n1. ?? ?????? ????????? ????? ????? ?????? ???????  [[http://testmenow.ru]]\r\n? ??????? - ??? ????? ?? YouTube \r\n\r\n2. ??????? ?? ???? [[http://youtube.com]] ? ????????? ?????? ???',9,'1',1369398763,1374542460),
	(4,0,'Администратор',NULL,'Особенности интерфейса\r\n------------------\r\n\r\n##### Личный кабинет\r\n\r\n- **Новые видео и комментарии** - просмотр и редактирование всех комментариев с возможностью фильтрации\r\n- **Мои заказы** - можно покупать тесты как клиент\r\n- **Мои открытые тесты** - тесты в работе\r\n- **Мои завершенные тесты** - история с закрытыми тестами\r\n- **Мои видео из YouTube** - интерфейс загрузки и сортировки роликов на YouTube\r\n- **Мои сообщения** - обмен сообщениями с другими пользователями системы\r\n- **Персональная информация** - редактирование личной информации\r\n\r\n#####Верхнее меню \r\nдобавлена кнопка в верхней навигации\r\n- **Администрирование** - для быстрого перехода в [административный раздел](http://testmenow.ru/admin \"административный раздел\")\r\n\r\n\r\nДобавление новой задачи  \r\n------------------\r\n- Перейти в Каталог->[Задачи](http://testmenow.ru/admin/store/attribute \"Задачи\")\r\n- Нажать кнопку в верхней части- Создать атрибут\r\n- В открывшейся форме выберите Тип DropDown  (выкидной список)\r\n\r\nв появившейся вкладке Опции\r\n\r\n\'Да [Текст]\' \'Да [Видео]\' \'Нет\' и англ. перевод \r\n\'Yes [Text]\' \'Yes [Video]\' \'No\'\r\n\r\nЭто значит что Задача у нас может быть двух типов \r\n\r\nс текстовым ответом и ответом с видео. \r\n\r\n- [пример заполнения](http://testmenow.ru/admin/store/attribute/update?id=1)\r\n\r\n\r\nДобавление нового теста \r\n------------------\r\n- Перейти в Каталог->[Тесты](http://testmenow.ru/admin/store/products)\r\n- Нажать кнопку в верхней части- Создать продукт\r\n- Выбрать Тип теста и Использовать конфигурации - да     \r\n- Отметить необходимые задачи из выбранного шаблона конфигурации типа\r\n\r\nПоследовательность действий при работе с заказом\r\n------------------\r\n- Получить деньги с помощью [доступных\r\nплатежных систем](http://testmenow.ru/admin/store/paymentMethod)\r\n- [Найти заказ](http://testmenow.ru/admin/orders/orders/index) и указать что заказ оплачен\r\n- проверить правильность заполнения полей\r\n- Назначить тестера на каждый тест\r\n\r\nНазначение тестеров на определенный тест\r\n------------------\r\n\r\nНужно перейти в административный раздел и [выбрать заказ](http://testmenow.ru/admin/orders/orders/index)\r\n\r\nПотом перейти на страницу заказа и в списке заказанных тестов в колонке Тестеры назначить или поменять тестера.  \r\nТестер получает письмо оповещение о приглашении на тест.  \r\nОн также может видеть новый тест у себя в кабинете в разделе Назначенные тесты\r\n\r\n\r\n',93,'1',1374543043,1374556165),
	(5,0,'Модератор',NULL,'Особенности интерфейса\r\n------------------\r\n\r\n\r\n##### Личный кабинет\r\n\r\n- **Новые видео и комментарии** - просмотр и редактирование всех комментариев с возможностью фильтрации\r\n- **Мои видео из YouTube** - интерфейс загрузки и сортировки роликов на YouTube\r\n- **Мои сообщения** - обмен сообщениями с другими пользователями системы\r\n- **Персональная информация** - редактирование личной информации\r\n',41,'1',1374545530,1374545728),
	(6,0,'Тестер',NULL,'~~~\r\nтестовый логин tester1 пароль 11111\r\n~~~\r\n<br /><br />\r\nОсобенности интерфейса\r\n------------------\r\n\r\n##### Личный кабинет\r\n\r\n- **Заявки на тесты** - укзать или изменить типы тестов в которых может учавствовать тестер\r\n- **Назначенные тесты** - тесты в работе\r\n- **Мои видео из YouTube** - интерфейс загрузки и сортировки роликов на YouTube\r\n- **Мои сообщения** - обмен сообщениями с другими пользователями системы\r\n- **Персональная информация** - редактирование личной информации\r\n\r\n<br /><br />\r\nДобавление роликов в комментарии\r\n------------------\r\n\r\nПри нахождении на странице теста, тестер может оставлять видео комментарии\r\n\r\nЭта возможность есть только у роли тестер\r\n\r\nМожно оставить комментарий в виде отдельного ролика или указать ссылку на плейлист\r\n',51,'1',1374548252,1374548953),
	(7,0,'Клиент',NULL,'~~~\r\nтестовый логин client1 пароль 11111\r\n~~~\r\nОсобенности интерфейса\r\n------------------\r\n\r\n##### Личный кабинет\r\n\r\n- **Мои заказы** - можно покупать тесты как клиент\r\n- **Мои открытые тесты** - тесты в работе\r\n- **Мои завершенные тесты** - история с закрытыми тестами\r\n- **Мои видео из YouTube** - интерфейс загрузки и сортировки роликов на YouTube\r\n- **Мои сообщения** - обмен сообщениями с другими пользователями системы\r\n- **Персональная информация** - редактирование личной информации\r\n',70,'1',1374549085,1374551307);

/*!40000 ALTER TABLE `wiki_page` ENABLE KEYS */;
UNLOCK TABLES;


# Dump of table wiki_page_revision
# ------------------------------------------------------------

DROP TABLE IF EXISTS `wiki_page_revision`;

CREATE TABLE `wiki_page_revision` (
  `id` int(11) NOT NULL AUTO_INCREMENT,
  `page_id` int(11) NOT NULL,
  `comment` varchar(255) CHARACTER SET utf8 DEFAULT NULL,
  `is_minor` tinyint(1) DEFAULT NULL,
  `content` text CHARACTER SET utf8,
  `user_id` varchar(255) CHARACTER SET utf8 DEFAULT NULL,
  `created_at` int(11) DEFAULT NULL,
  PRIMARY KEY (`id`),
  KEY `wiki_fk_page_revision_page` (`page_id`),
  CONSTRAINT `wiki_fk_page_revision_page` FOREIGN KEY (`page_id`) REFERENCES `wiki_page` (`id`) ON DELETE CASCADE
) ENGINE=InnoDB AUTO_INCREMENT=94 DEFAULT CHARSET=latin1;

LOCK TABLES `wiki_page_revision` WRITE;
/*!40000 ALTER TABLE `wiki_page_revision` DISABLE KEYS */;
INSERT INTO `wiki_page_revision` (`id`,`page_id`,`comment`,`is_minor`,`content`,`user_id`,`created_at`)
VALUES
	(1,1,'проверка',NULL,'Первая запись','1',1369398480),
	(2,2,'Created new page',NULL,'123','1',1369398763),
	(3,2,'222',NULL,'123222','1',1369398828),
	(4,2,'',NULL,'123222555','1',1369398846),
	(5,2,'youtube',NULL,'Добавление ролика на YouTube\r\n\r\n1. Вы можете загрузить ролик через личный кабинет  testmenow.ru\r\nв разделе - Мои видео из YouTube \r\n\r\n2. Перейти на сайт http://youtube.com и загрузить ролики там\r\n','1',1374542142),
	(6,2,'wiki link',NULL,'Добавление ролика на YouTube\r\n\r\n1. Вы можете загрузить ролик через личный кабинет  [http://testmenow.ru]\r\nв разделе - Мои видео из YouTube \r\n\r\n2. Перейти на сайт [http://youtube.com] и загрузить ролики там\r\n','1',1374542355),
	(7,2,'',NULL,'Добавление ролика на YouTube\r\n\r\n1. Вы можете загрузить ролик через личный кабинет  [http://testmenow.ru]\r\nв разделе - Мои видео из YouTube \r\n\r\n2. Перейти на сайт [[http://youtube.com]] и загрузить ролики там','1',1374542396),
	(8,2,'',NULL,'Добавление ролика на YouTube\r\n\r\n1. Вы можете загрузить ролик через личный кабинет  [[http://testmenow.ru]]\r\nв разделе - Мои видео из YouTube \r\n\r\n2. Перейти на сайт [[http://youtube.com]] и загрузить ролики там','1',1374542416),
	(9,2,'',NULL,'Добавление ролика на YouTube\r\n\r\n1. Вы можете загрузить ролик через личный кабинет  [[http://testmenow.ru]]\r\nв разделе - Мои видео из YouTube \r\n\r\n2. Перейти на сайт [[http://youtube.com]] и загрузить ролики там','1',1374542460),
	(10,4,'Created new page',NULL,'++ Особенности личного кабинета\r\n++ Работа с заказаом\r\n++ Назначение тестеров на определенный тест','1',1374543043),
	(11,4,'',NULL,'== Особенности личного кабинета ==\r\n== Работа с заказаом\r\n++ Назначение тестеров на определенный тест','1',1374543108),
	(12,4,'',NULL,'== Особенности личного кабинета\r\n---------------------------- Your title here...\r\n------------------==\r\n\r\n\r\nОсобенности личного кабинета...\r\n------------------\r\n#### Your title here...\r\nYour title here...\r\n------------------\r\n\r\n###### Your title here...\r\n\r\n== Работа с заказаом\r\n++ Назначение тестеров на определенный тест','1',1374543191),
	(13,4,'',NULL,'\r\nОсобенности личного кабинета...\r\n------------------\r\n\r\nРабота с заказаом\r\n------------------\r\nПросмотр заказов\r\n\r\nНазначение тестеров на определенный тест\r\n------------------','1',1374543295),
	(14,4,'',NULL,'Особенности личного кабинета\r\n\r\nРасширенные возможности\r\n------------------\r\n\r\nРабота с заказаом\r\n------------------\r\nПросмотр заказов\r\n\r\nНазначение тестеров на определенный тест\r\n------------------','1',1374543337),
	(15,4,'',NULL,'Особенности личного кабинета\r\n------------------\r\nРасширенные возможности\r\n\r\nРабота с заказаом\r\n------------------\r\nПросмотр заказов\r\n\r\nНазначение тестеров на определенный тест\r\n------------------','1',1374543366),
	(16,4,'',NULL,'Особенности личного кабинета\r\n------------------\r\n\r\n*Новые видео и комментарии - просмотр и редактирование всех комментариев с возможностью фильтрации\r\nМои заказы\r\nМои открытые тесты\r\nМои завершенные тесты\r\nМои видео из YouTube\r\nМои сообщения\r\nПерсональная информация\r\nРасширенные возможности\r\n\r\nРабота с заказаом\r\n------------------\r\nПросмотр заказов\r\n\r\nНазначение тестеров на определенный тест\r\n------------------','1',1374543532),
	(17,4,'',NULL,'Особенности личного кабинета\r\n------------------\r\n\r\n** Новые видео и комментарии - просмотр и редактирование всех комментариев с возможностью фильтрации\r\nМои заказы\r\nМои открытые тесты\r\nМои завершенные тесты\r\nМои видео из YouTube\r\nМои сообщения\r\nПерсональная информация\r\nРасширенные возможности\r\n\r\nРабота с заказаом\r\n------------------\r\nПросмотр заказов\r\n\r\nНазначение тестеров на определенный тест\r\n------------------','1',1374543562),
	(18,4,'',NULL,'Особенности личного кабинета\r\n------------------\r\n\r\n- Новые видео и комментарии - просмотр и редактирование всех комментариев с возможностью фильтрации\r\n- Мои заказы\r\n- Мои открытые тесты\r\n- Мои завершенные тесты\r\n- Мои видео из YouTube\r\n- Мои сообщения\r\n- Персональная информация\r\n- Расширенные возможности\r\n\r\nРабота с заказаом\r\n------------------\r\nПросмотр заказов\r\n\r\nНазначение тестеров на определенный тест\r\n------------------','1',1374543586),
	(19,4,'',NULL,'Особенности личного кабинета\r\n------------------\r\n\r\n- Новые видео и комментарии - просмотр и редактирование всех комментариев с возможностью фильтрации\r\n- Мои заказы\r\n- **Мои открытые тесты**- Мои завершенные тесты\r\n- Мои видео из YouTube\r\n- Мои сообщения\r\n- Персональная информация\r\n- Расширенные возможности\r\n\r\nРабота с заказаом\r\n------------------\r\nПросмотр заказов\r\n\r\nНазначение тестеров на определенный тест\r\n------------------','1',1374543615),
	(20,4,'',NULL,'Особенности личного кабинета\r\n------------------\r\n\r\n- **Новые видео и комментарии** - просмотр и редактирование всех комментариев с возможностью фильтрации\r\n- Мои заказы\r\n- **Мои открытые тесты**\r\n- Мои завершенные тесты\r\n- Мои видео из YouTube\r\n- Мои сообщения\r\n- Персональная информация\r\n- Расширенные возможности\r\n\r\nРабота с заказаом\r\n------------------\r\nПросмотр заказов\r\n\r\nНазначение тестеров на определенный тест\r\n------------------','1',1374543636),
	(21,4,'',NULL,'Особенности интерфейса кабинета\r\n------------------\r\n##### Личный кабинет\r\n- **Новые видео и комментарии** - просмотр и редактирование всех комментариев с возможностью фильтрации\r\n- **Мои заказы** - можно покупать тесты как клиент\r\n- **Мои открытые тесты** - тесты в работе\r\n- **Мои завершенные тесты** - история с закрытыми тестами\r\n- **Мои видео из YouTube** - интерфейс загрузки и сортировки роликов на YouTube\r\n- **Мои сообщения** - обмен сообщениями с другими пользователями системы\r\n- **Персональная информация** - редактирование личной информации\r\n\r\n\r\nРабота с заказаом\r\n------------------\r\nПросмотр заказов\r\n\r\nНазначение тестеров на определенный тест\r\n------------------','1',1374543885),
	(22,4,'',NULL,'Особенности интерфейса\r\n------------------\r\n##### Личный кабинет\r\n- **Новые видео и комментарии** - просмотр и редактирование всех комментариев с возможностью фильтрации\r\n- **Мои заказы** - можно покупать тесты как клиент\r\n- **Мои открытые тесты** - тесты в работе\r\n- **Мои завершенные тесты** - история с закрытыми тестами\r\n- **Мои видео из YouTube** - интерфейс загрузки и сортировки роликов на YouTube\r\n- **Мои сообщения** - обмен сообщениями с другими пользователями системы\r\n- **Персональная информация** - редактирование личной информации\r\n\r\n##### Верхнее меню\r\n\r\nКнопка - Администрирование - для быстрого перехода в административный раздел\r\n\r\n\r\n\r\nРабота с заказаом\r\n------------------\r\nПросмотр заказов\r\n\r\nНазначение тестеров на определенный тест\r\n------------------','1',1374544016),
	(23,4,'',NULL,'Особенности интерфейса\r\n------------------\r\n\r\n##### Личный кабинет\r\n\r\n- **Новые видео и комментарии** - просмотр и редактирование всех комментариев с возможностью фильтрации\r\n- **Мои заказы** - можно покупать тесты как клиент\r\n- **Мои открытые тесты** - тесты в работе\r\n- **Мои завершенные тесты** - история с закрытыми тестами\r\n- **Мои видео из YouTube** - интерфейс загрузки и сортировки роликов на YouTube\r\n- **Мои сообщения** - обмен сообщениями с другими пользователями системы\r\n- **Персональная информация** - редактирование личной информации\r\n\r\n##### Верхнее меню\r\n\r\nКнопка - Администрирование - для быстрого перехода в административный раздел\r\n\r\n\r\nРабота с заказаом\r\n------------------\r\nПросмотр заказов\r\n\r\nНазначение тестеров на определенный тест\r\n------------------','1',1374544034),
	(24,4,'',NULL,'Особенности интерфейса\r\n------------------\r\n\r\n#### Личный кабинет\r\n\r\n- **Новые видео и комментарии** - просмотр и редактирование всех комментариев с возможностью фильтрации\r\n- **Мои заказы** - можно покупать тесты как клиент\r\n- **Мои открытые тесты** - тесты в работе\r\n- **Мои завершенные тесты** - история с закрытыми тестами\r\n- **Мои видео из YouTube** - интерфейс загрузки и сортировки роликов на YouTube\r\n- **Мои сообщения** - обмен сообщениями с другими пользователями системы\r\n- **Персональная информация** - редактирование личной информации\r\n\r\n\r\n#### Верхнее меню\r\n\r\nКнопка - Администрирование - для быстрого перехода в административный раздел\r\n\r\n\r\nРабота с заказаом\r\n------------------\r\nПросмотр заказов\r\n\r\nНазначение тестеров на определенный тест\r\n------------------','1',1374544053),
	(25,4,'',NULL,'Особенности интерфейса\r\n------------------\r\n\r\n##### Личный кабинет\r\n\r\n- **Новые видео и комментарии** - просмотр и редактирование всех комментариев с возможностью фильтрации\r\n- **Мои заказы** - можно покупать тесты как клиент\r\n- **Мои открытые тесты** - тесты в работе\r\n- **Мои завершенные тесты** - история с закрытыми тестами\r\n- **Мои видео из YouTube** - интерфейс загрузки и сортировки роликов на YouTube\r\n- **Мои сообщения** - обмен сообщениями с другими пользователями системы\r\n- **Персональная информация** - редактирование личной информации\r\n\r\n\r\n##### Верхнее меню\r\n\r\nКнопка - Администрирование - для быстрого перехода в административный раздел\r\n\r\n\r\nРабота с заказаом\r\n------------------\r\nПросмотр заказов\r\n\r\nНазначение тестеров на определенный тест\r\n------------------','1',1374544080),
	(26,4,'',NULL,'Особенности интерфейса\r\n------------------\r\n\r\n##### Личный кабинет\r\n\r\n- **Новые видео и комментарии** - просмотр и редактирование всех комментариев с возможностью фильтрации\r\n- **Мои заказы** - можно покупать тесты как клиент\r\n- **Мои открытые тесты** - тесты в работе\r\n- **Мои завершенные тесты** - история с закрытыми тестами\r\n- **Мои видео из YouTube** - интерфейс загрузки и сортировки роликов на YouTube\r\n- **Мои сообщения** - обмен сообщениями с другими пользователями системы\r\n> возможно\r\n- **Персональная информация** - редактирование личной информации\r\n\r\n\r\n##### Верхнее меню\r\n\r\nКнопка - Администрирование - для быстрого перехода в административный раздел\r\n\r\n\r\nРабота с заказаом\r\n------------------\r\nПросмотр заказов\r\n\r\nНазначение тестеров на определенный тест\r\n------------------','1',1374544111),
	(27,4,'',NULL,'Особенности интерфейса\r\n------------------\r\n\r\n##### Личный кабинет\r\n\r\n- **Новые видео и комментарии** - просмотр и редактирование всех комментариев с возможностью фильтрации\r\n- **Мои заказы** - можно покупать тесты как клиент\r\n- **Мои открытые тесты** - тесты в работе\r\n- **Мои завершенные тесты** - история с закрытыми тестами\r\n- **Мои видео из YouTube** - интерфейс загрузки и сортировки роликов на YouTube\r\n- **Мои сообщения** - обмен сообщениями с другими пользователями системы\r\n- **Персональная информация** - редактирование личной информации\r\n\r\n> возможно\r\n~~~\r\nwww да \r\n~~~\r\n##### Верхнее меню\r\n\r\nКнопка - Администрирование - для быстрого перехода в административный раздел\r\n\r\n\r\nРабота с заказаом\r\n------------------\r\nПросмотр заказов\r\n\r\nНазначение тестеров на определенный тест\r\n------------------','1',1374544145),
	(28,4,'',NULL,'Особенности интерфейса\r\n------------------\r\n\r\n##### Личный кабинет\r\n\r\n- **Новые видео и комментарии** - просмотр и редактирование всех комментариев с возможностью фильтрации\r\n- **Мои заказы** - можно покупать тесты как клиент\r\n- **Мои открытые тесты** - тесты в работе\r\n- **Мои завершенные тесты** - история с закрытыми тестами\r\n- **Мои видео из YouTube** - интерфейс загрузки и сортировки роликов на YouTube\r\n- **Мои сообщения** - обмен сообщениями с другими пользователями системы\r\n- **Персональная информация** - редактирование личной информации\r\n\r\n#####\r\nВерхнее меню добавлена кнопка \r\n- **Администрирование** - для быстрого перехода в [http://testmenow.ru/admin](http://testmenow.ru/admin \"административный раздел\")\r\n\r\n\r\nРабота с заказаом\r\n------------------\r\nПросмотр заказов\r\n\r\nНазначение тестеров на определенный тест\r\n------------------','1',1374544298),
	(29,4,'',NULL,'Особенности интерфейса\r\n------------------\r\n\r\n##### Личный кабинет\r\n\r\n- **Новые видео и комментарии** - просмотр и редактирование всех комментариев с возможностью фильтрации\r\n- **Мои заказы** - можно покупать тесты как клиент\r\n- **Мои открытые тесты** - тесты в работе\r\n- **Мои завершенные тесты** - история с закрытыми тестами\r\n- **Мои видео из YouTube** - интерфейс загрузки и сортировки роликов на YouTube\r\n- **Мои сообщения** - обмен сообщениями с другими пользователями системы\r\n- **Персональная информация** - редактирование личной информации\r\n\r\n#####\r\nВерхнее меню добавлена кнопка \r\n- **Администрирование** - для быстрого перехода в [Администрирование](http://testmenow.ru/admin \"административный раздел\")\r\n\r\n\r\nРабота с заказаом\r\n------------------\r\nПросмотр заказов\r\n\r\nНазначение тестеров на определенный тест\r\n------------------','1',1374544343),
	(30,4,'',NULL,'Особенности интерфейса\r\n------------------\r\n\r\n##### Личный кабинет\r\n\r\n- **Новые видео и комментарии** - просмотр и редактирование всех комментариев с возможностью фильтрации\r\n- **Мои заказы** - можно покупать тесты как клиент\r\n- **Мои открытые тесты** - тесты в работе\r\n- **Мои завершенные тесты** - история с закрытыми тестами\r\n- **Мои видео из YouTube** - интерфейс загрузки и сортировки роликов на YouTube\r\n- **Мои сообщения** - обмен сообщениями с другими пользователями системы\r\n- **Персональная информация** - редактирование личной информации\r\n\r\n#####Верхнее меню \r\nдобавлена кнопка \r\n- **Администрирование** - для быстрого перехода в [Административный раздел](http://testmenow.ru/admin \"административный раздел\")\r\n\r\n\r\nРабота с заказаом\r\n------------------\r\nПросмотр заказов\r\n\r\nНазначение тестеров на определенный тест\r\n------------------','1',1374544410),
	(31,4,'',NULL,'Особенности интерфейса\r\n------------------\r\n\r\n##### Личный кабинет\r\n\r\n- **Новые видео и комментарии** - просмотр и редактирование всех комментариев с возможностью фильтрации\r\n- **Мои заказы** - можно покупать тесты как клиент\r\n- **Мои открытые тесты** - тесты в работе\r\n- **Мои завершенные тесты** - история с закрытыми тестами\r\n- **Мои видео из YouTube** - интерфейс загрузки и сортировки роликов на YouTube\r\n- **Мои сообщения** - обмен сообщениями с другими пользователями системы\r\n- **Персональная информация** - редактирование личной информации\r\n\r\n#####Верхнее меню \r\nдобавлена кнопка \r\n- **Администрирование** - для быстрого перехода в [административный раздел](http://testmenow.ru/admin \"административный раздел\")\r\n\r\n\r\nРабота с заказаом\r\n------------------\r\nПросмотр заказов\r\n\r\nНазначение тестеров на определенный тест\r\n------------------','1',1374544436),
	(32,4,'',NULL,'Особенности интерфейса\r\n------------------\r\n\r\n##### Личный кабинет\r\n\r\n- **Новые видео и комментарии** - просмотр и редактирование всех комментариев с возможностью фильтрации\r\n- **Мои заказы** - можно покупать тесты как клиент\r\n- **Мои открытые тесты** - тесты в работе\r\n- **Мои завершенные тесты** - история с закрытыми тестами\r\n- **Мои видео из YouTube** - интерфейс загрузки и сортировки роликов на YouTube\r\n- **Мои сообщения** - обмен сообщениями с другими пользователями системы\r\n- **Персональная информация** - редактирование личной информации\r\n\r\n#####Верхнее меню \r\nдобавлена кнопка в верхней навигации\r\n- **Администрирование** - для быстрого перехода в [административный раздел](http://testmenow.ru/admin \"административный раздел\")\r\n\r\n\r\nРабота с заказаом\r\n------------------\r\nПросмотр заказов\r\n\r\nНазначение тестеров на определенный тест\r\n------------------','1',1374544481),
	(33,4,'',NULL,'Особенности интерфейса\r\n------------------\r\n\r\n##### Личный кабинет\r\n\r\n- **Новые видео и комментарии** - просмотр и редактирование всех комментариев с возможностью фильтрации\r\n- **Мои заказы** - можно покупать тесты как клиент\r\n- **Мои открытые тесты** - тесты в работе\r\n- **Мои завершенные тесты** - история с закрытыми тестами\r\n- **Мои видео из YouTube** - интерфейс загрузки и сортировки роликов на YouTube\r\n- **Мои сообщения** - обмен сообщениями с другими пользователями системы\r\n- **Персональная информация** - редактирование личной информации\r\n\r\n#####Верхнее меню \r\nдобавлена кнопка в верхней навигации\r\n- **Администрирование** - для быстрого перехода в [административный раздел](http://testmenow.ru/admin \"административный раздел\")\r\n\r\n\r\nРабота с заказаом\r\n------------------\r\nПросмотр заказов\r\n\r\nНазначение тестеров на определенный тест\r\n------------------','1',1374544812),
	(34,5,'Created new page',NULL,'Особенности интерфейса\r\n------------------\r\n\r\n##### Личный кабинет\r\n\r\n- **Новые видео и комментарии** - просмотр и редактирование всех комментариев с возможностью фильтрации\r\n- **Мои видео из YouTube** - интерфейс загрузки и сортировки роликов на YouTube\r\n- **Мои сообщения** - обмен сообщениями с другими пользователями системы\r\n- **Персональная информация** - редактирование личной информации\r\n','1',1374545530),
	(35,5,'',NULL,'Особенности интерфейса\r\n------------------\r\n\r\n##### Личный кабинет\r\n\r\n\r\n\r\n- **Новые видео и комментарии** - просмотр и редактирование всех комментариев с возможностью фильтрации\r\n- **Мои видео из YouTube** - интерфейс загрузки и сортировки роликов на YouTube\r\n- **Мои сообщения** - обмен сообщениями с другими пользователями системы\r\n- **Персональная информация** - редактирование личной информации\r\n','1',1374545551),
	(36,5,'',NULL,'Особенности интерфейса\r\n------------------\r\n\r\n~~~\r\nЛичный кабинет\r\n~~~\r\n~~~\r\n\r\n~~~\r\n- **Новые видео и комментарии** - просмотр и редактирование всех комментариев с возможностью фильтрации\r\n- **Мои видео из YouTube** - интерфейс загрузки и сортировки роликов на YouTube\r\n- **Мои сообщения** - обмен сообщениями с другими пользователями системы\r\n- **Персональная информация** - редактирование личной информации\r\n','1',1374545580),
	(37,5,'',NULL,'Особенности интерфейса\r\n------------------\r\n\r\n~~~\r\nЛичный кабинет\r\n~~~\r\n~~~\r\n\r\n~~~\r\n- **Новые видео и комментарии** - просмотр и редактирование всех комментариев с возможностью фильтрации\r\n- **Мои видео из YouTube** - интерфейс загрузки и сортировки роликов на YouTube\r\n- **Мои сообщения** - обмен сообщениями с другими пользователями системы\r\n- **Персональная информация** - редактирование личной информации\r\n','1',1374545597),
	(38,5,'',NULL,'Особенности интерфейса\r\n------------------\r\n\r\n\r\n##### Личный кабинет\r\n##### \r\n\r\n~~~\r\n- **Новые видео и комментарии** - просмотр и редактирование всех комментариев с возможностью фильтрации\r\n- **Мои видео из YouTube** - интерфейс загрузки и сортировки роликов на YouTube\r\n- **Мои сообщения** - обмен сообщениями с другими пользователями системы\r\n- **Персональная информация** - редактирование личной информации\r\n','1',1374545657),
	(39,5,'',NULL,'Особенности интерфейса\r\n------------------\r\n\r\n\r\n##### Личный кабинет\r\n\r\n\r\n~~~\r\n- **Новые видео и комментарии** - просмотр и редактирование всех комментариев с возможностью фильтрации\r\n- **Мои видео из YouTube** - интерфейс загрузки и сортировки роликов на YouTube\r\n- **Мои сообщения** - обмен сообщениями с другими пользователями системы\r\n- **Персональная информация** - редактирование личной информации\r\n','1',1374545668),
	(40,5,'',NULL,'Особенности интерфейса\r\n------------------\r\n\r\n\r\n##### Личный кабинет\r\n\r\n- **Новые видео и комментарии** - просмотр и редактирование всех комментариев с возможностью фильтрации\r\n- **Мои видео из YouTube** - интерфейс загрузки и сортировки роликов на YouTube\r\n- **Мои сообщения** - обмен сообщениями с другими пользователями системы\r\n- **Персональная информация** - редактирование личной информации\r\n','1',1374545679),
	(41,5,'',NULL,'Особенности интерфейса\r\n------------------\r\n\r\n\r\n##### Личный кабинет\r\n\r\n- **Новые видео и комментарии** - просмотр и редактирование всех комментариев с возможностью фильтрации\r\n- **Мои видео из YouTube** - интерфейс загрузки и сортировки роликов на YouTube\r\n- **Мои сообщения** - обмен сообщениями с другими пользователями системы\r\n- **Персональная информация** - редактирование личной информации\r\n','1',1374545728),
	(42,6,'Created new page',NULL,'Особенности интерфейса\r\n------------------\r\n\r\n##### Личный кабинет\r\n\r\n- **Заявки на тесты** - нужно укзать типы тестов в которых может учавствовать тестер\r\n- **Назначенные тесты** - тесты в работе\r\n- **Мои видео из YouTube** - интерфейс загрузки и сортировки роликов на YouTube\r\n- **Мои сообщения** - обмен сообщениями с другими пользователями системы\r\n- **Персональная информация** - редактирование личной информации\r\n\r\n','1',1374548252),
	(43,6,'',NULL,'Особенности интерфейса\r\n------------------\r\n\r\n##### Личный кабинет\r\n\r\n- **Заявки на тесты** - укзать или изменить типы тестов в которых может учавствовать тестер\r\n- **Назначенные тесты** - тесты в работе\r\n- **Мои видео из YouTube** - интерфейс загрузки и сортировки роликов на YouTube\r\n- **Мои сообщения** - обмен сообщениями с другими пользователями системы\r\n- **Персональная информация** - редактирование личной информации\r\n\r\n','1',1374548304),
	(44,6,'',NULL,'Особенности интерфейса\r\n------------------\r\n\r\n##### Личный кабинет\r\n\r\n- **Заявки на тесты** - укзать или изменить типы тестов в которых может учавствовать тестер\r\n- **Назначенные тесты** - тесты в работе\r\n- **Мои видео из YouTube** - интерфейс загрузки и сортировки роликов на YouTube\r\n- **Мои сообщения** - обмен сообщениями с другими пользователями системы\r\n- **Персональная информация** - редактирование личной информации\r\n\r\n~~~\r\nтестовый логин tester1 пароль 11111\r\n~~~','1',1374548462),
	(45,6,'',NULL,'Особенности интерфейса\r\n------------------\r\n\r\n##### Личный кабинет\r\n\r\n- **Заявки на тесты** - укзать или изменить типы тестов в которых может учавствовать тестер\r\n- **Назначенные тесты** - тесты в работе\r\n- **Мои видео из YouTube** - интерфейс загрузки и сортировки роликов на YouTube\r\n- **Мои сообщения** - обмен сообщениями с другими пользователями системы\r\n- **Персональная информация** - редактирование личной информации\r\n\r\n\r\n##### Добавление роликов в комментарии\r\n\r\nПри нахождении на странице теста, тестер может оставлять видео комментарии\r\nЭта возможность есть только у роли тестер\r\n\r\nМожно оставить комментарий отдельного ролика или указать ссылку на плейлист\r\n~~~\r\nтестовый логин tester1 пароль 11111\r\n~~~','1',1374548727),
	(46,6,'',NULL,'Особенности интерфейса\r\n------------------\r\n\r\n##### Личный кабинет\r\n\r\n- **Заявки на тесты** - укзать или изменить типы тестов в которых может учавствовать тестер\r\n- **Назначенные тесты** - тесты в работе\r\n- **Мои видео из YouTube** - интерфейс загрузки и сортировки роликов на YouTube\r\n- **Мои сообщения** - обмен сообщениями с другими пользователями системы\r\n- **Персональная информация** - редактирование личной информации\r\n\r\n\r\nДобавление роликов в комментарии\r\n------------------\r\n\r\nПри нахождении на странице теста, тестер может оставлять видео комментарии\r\nЭта возможность есть только у роли тестер\r\n\r\nМожно оставить комментарий отдельного ролика или указать ссылку на плейлист\r\n~~~\r\nтестовый логин tester1 пароль 11111\r\n~~~','1',1374548771),
	(47,6,'',NULL,'~~~\r\nтестовый логин tester1 пароль 11111\r\n~~~\r\n\r\nОсобенности интерфейса\r\n------------------\r\n\r\n##### Личный кабинет\r\n\r\n- **Заявки на тесты** - укзать или изменить типы тестов в которых может учавствовать тестер\r\n- **Назначенные тесты** - тесты в работе\r\n- **Мои видео из YouTube** - интерфейс загрузки и сортировки роликов на YouTube\r\n- **Мои сообщения** - обмен сообщениями с другими пользователями системы\r\n- **Персональная информация** - редактирование личной информации\r\n\r\n\r\nДобавление роликов в комментарии\r\n------------------\r\n\r\nПри нахождении на странице теста, тестер может оставлять видео комментарии\r\nЭта возможность есть только у роли тестер\r\n\r\nМожно оставить комментарий отдельного ролика или указать ссылку на плейлист\r\n','1',1374548797),
	(48,6,'',NULL,'~~~\r\nтестовый логин tester1 пароль 11111\r\n~~~\r\n\r\nОсобенности интерфейса\r\n------------------\r\n\r\n##### Личный кабинет\r\n\r\n- **Заявки на тесты** - укзать или изменить типы тестов в которых может учавствовать тестер\r\n- **Назначенные тесты** - тесты в работе\r\n- **Мои видео из YouTube** - интерфейс загрузки и сортировки роликов на YouTube\r\n- **Мои сообщения** - обмен сообщениями с другими пользователями системы\r\n- **Персональная информация** - редактирование личной информации\r\n\r\n\r\nДобавление роликов в комментарии\r\n------------------\r\n\r\nПри нахождении на странице теста, тестер может оставлять видео комментарии\r\n\r\nЭта возможность есть только у роли тестер\r\n\r\nМожно оставить комментарий отдельного ролика или указать ссылку на плейлист\r\n','1',1374548833),
	(49,6,'',NULL,'~~~\r\nтестовый логин tester1 пароль 11111\r\n~~~\r\n\r\nОсобенности интерфейса\r\n------------------\r\n\r\n##### Личный кабинет\r\n\r\n- **Заявки на тесты** - укзать или изменить типы тестов в которых может учавствовать тестер\r\n- **Назначенные тесты** - тесты в работе\r\n- **Мои видео из YouTube** - интерфейс загрузки и сортировки роликов на YouTube\r\n- **Мои сообщения** - обмен сообщениями с другими пользователями системы\r\n- **Персональная информация** - редактирование личной информации\r\n\r\n\r\nДобавление роликов в комментарии\r\n------------------\r\n\r\nПри нахождении на странице теста, тестер может оставлять видео комментарии\r\n\r\nЭта возможность есть только у роли тестер\r\n\r\nМожно оставить комментарий в виде отдельного ролика или указать ссылку на плейлист\r\n','1',1374548855),
	(50,6,'',NULL,'~~~\r\nтестовый логин tester1 пароль 11111\r\n~~~\r\n<br /><br /><br /><br />\r\nОсобенности интерфейса\r\n------------------\r\n\r\n##### Личный кабинет\r\n\r\n- **Заявки на тесты** - укзать или изменить типы тестов в которых может учавствовать тестер\r\n- **Назначенные тесты** - тесты в работе\r\n- **Мои видео из YouTube** - интерфейс загрузки и сортировки роликов на YouTube\r\n- **Мои сообщения** - обмен сообщениями с другими пользователями системы\r\n- **Персональная информация** - редактирование личной информации\r\n\r\n\r\nДобавление роликов в комментарии\r\n------------------\r\n\r\nПри нахождении на странице теста, тестер может оставлять видео комментарии\r\n\r\nЭта возможность есть только у роли тестер\r\n\r\nМожно оставить комментарий в виде отдельного ролика или указать ссылку на плейлист\r\n','1',1374548931),
	(51,6,'',NULL,'~~~\r\nтестовый логин tester1 пароль 11111\r\n~~~\r\n<br /><br />\r\nОсобенности интерфейса\r\n------------------\r\n\r\n##### Личный кабинет\r\n\r\n- **Заявки на тесты** - укзать или изменить типы тестов в которых может учавствовать тестер\r\n- **Назначенные тесты** - тесты в работе\r\n- **Мои видео из YouTube** - интерфейс загрузки и сортировки роликов на YouTube\r\n- **Мои сообщения** - обмен сообщениями с другими пользователями системы\r\n- **Персональная информация** - редактирование личной информации\r\n\r\n<br /><br />\r\nДобавление роликов в комментарии\r\n------------------\r\n\r\nПри нахождении на странице теста, тестер может оставлять видео комментарии\r\n\r\nЭта возможность есть только у роли тестер\r\n\r\nМожно оставить комментарий в виде отдельного ролика или указать ссылку на плейлист\r\n','1',1374548953),
	(52,7,'Created new page',NULL,'Особенности интерфейса\r\n------------------\r\n<br /><br />\r\n##### Личный кабинет\r\n\r\n- **Новые видео и комментарии** - просмотр и редактирование всех комментариев с возможностью фильтрации\r\n- **Мои заказы** - можно покупать тесты как клиент\r\n- **Мои открытые тесты** - тесты в работе\r\n- **Мои завершенные тесты** - история с закрытыми тестами\r\n- **Мои видео из YouTube** - интерфейс загрузки и сортировки роликов на YouTube\r\n- **Мои сообщения** - обмен сообщениями с другими пользователями системы\r\n- **Персональная информация** - редактирование личной информации\r\n','1',1374549085),
	(53,7,'',NULL,'<br /><br />\r\nОсобенности интерфейса\r\n------------------\r\n\r\n##### Личный кабинет\r\n\r\n- **Мои заказы** - можно покупать тесты как клиент\r\n- **Мои открытые тесты** - тесты в работе\r\n- **Мои завершенные тесты** - история с закрытыми тестами\r\n- **Мои видео из YouTube** - интерфейс загрузки и сортировки роликов на YouTube\r\n- **Мои сообщения** - обмен сообщениями с другими пользователями системы\r\n- **Персональная информация** - редактирование личной информации\r\n','1',1374549116),
	(54,4,'',NULL,'Особенности интерфейса\r\n------------------\r\n\r\n##### Личный кабинет\r\n\r\n- **Новые видео и комментарии** - просмотр и редактирование всех комментариев с возможностью фильтрации\r\n- **Мои заказы** - можно покупать тесты как клиент\r\n- **Мои открытые тесты** - тесты в работе\r\n- **Мои завершенные тесты** - история с закрытыми тестами\r\n- **Мои видео из YouTube** - интерфейс загрузки и сортировки роликов на YouTube\r\n- **Мои сообщения** - обмен сообщениями с другими пользователями системы\r\n- **Персональная информация** - редактирование личной информации\r\n\r\n#####Верхнее меню \r\nдобавлена кнопка в верхней навигации\r\n- **Администрирование** - для быстрого перехода в [административный раздел](http://testmenow.ru/admin \"административный раздел\")\r\n\r\n\r\nРабота с заказаом\r\n------------------\r\nПросмотр заказов\r\n\r\nНазначение тестеров на определенный тест\r\n------------------\r\n\r\nНужно перейти в административный раздел и выбрать заказ\r\n\r\n[[http://testmenow.ru/admin/orders/orders/index]]\r\n\r\nПотом перейти на страницу заказа и в списке заказанных тестов в колонке Тестеры назначить или поменять тестера','1',1374549855),
	(55,4,'',NULL,'Особенности интерфейса\r\n------------------\r\n\r\n##### Личный кабинет\r\n\r\n- **Новые видео и комментарии** - просмотр и редактирование всех комментариев с возможностью фильтрации\r\n- **Мои заказы** - можно покупать тесты как клиент\r\n- **Мои открытые тесты** - тесты в работе\r\n- **Мои завершенные тесты** - история с закрытыми тестами\r\n- **Мои видео из YouTube** - интерфейс загрузки и сортировки роликов на YouTube\r\n- **Мои сообщения** - обмен сообщениями с другими пользователями системы\r\n- **Персональная информация** - редактирование личной информации\r\n\r\n#####Верхнее меню \r\nдобавлена кнопка в верхней навигации\r\n- **Администрирование** - для быстрого перехода в [административный раздел](http://testmenow.ru/admin \"административный раздел\")\r\n\r\n\r\nРабота с заказом\r\n------------------\r\nНужно перейти в административный раздел и выбрать заказ\r\n\r\n[[http://testmenow.ru/admin/orders/orders/index]]\r\n\r\n\r\nПосле получения денег с помощью доступных\r\nплатежных систем\r\n\r\n\r\nНазначение тестеров на определенный тест\r\n------------------\r\n\r\nНужно перейти в административный раздел и выбрать заказ\r\n\r\n[[http://testmenow.ru/admin/orders/orders/index]]\r\n\r\nПотом перейти на страницу заказа и в списке заказанных тестов в колонке Тестеры назначить или поменять тестера','1',1374550001),
	(56,4,'',NULL,'Особенности интерфейса\r\n------------------\r\n\r\n##### Личный кабинет\r\n\r\n- **Новые видео и комментарии** - просмотр и редактирование всех комментариев с возможностью фильтрации\r\n- **Мои заказы** - можно покупать тесты как клиент\r\n- **Мои открытые тесты** - тесты в работе\r\n- **Мои завершенные тесты** - история с закрытыми тестами\r\n- **Мои видео из YouTube** - интерфейс загрузки и сортировки роликов на YouTube\r\n- **Мои сообщения** - обмен сообщениями с другими пользователями системы\r\n- **Персональная информация** - редактирование личной информации\r\n\r\n#####Верхнее меню \r\nдобавлена кнопка в верхней навигации\r\n- **Администрирование** - для быстрого перехода в [административный раздел](http://testmenow.ru/admin \"административный раздел\")\r\n\r\n\r\nРабота с заказом\r\n------------------\r\nНужно перейти в административный раздел и выбрать заказ\r\n\r\n[[http://testmenow.ru/admin/orders/orders/index]]\r\n\r\n\r\nПосле получения денег с помощью доступных\r\nплатежных систем\r\n\r\n[[http://testmenow.ru/admin/store/paymentMethod]]\r\n\r\n\r\n- Нужно перейти в административный раздел и выбрать заказ\r\n- \r\n- [[http://testmenow.ru/admin/orders/orders/index]]\r\n- \r\n- \r\n- указать что заказ оплачен\r\n- \r\n- проверить правильность заполнения полей\r\n- \r\n- выбрать тестера для каждого теста\r\n- \r\n\r\nНазначение тестеров на определенный тест\r\n------------------\r\n\r\nНужно перейти в административный раздел и выбрать заказ\r\n\r\n[[http://testmenow.ru/admin/orders/orders/index]]\r\n\r\nПотом перейти на страницу заказа и в списке заказанных тестов в колонке Тестеры назначить или поменять тестера','1',1374550321),
	(57,4,'',NULL,'Особенности интерфейса\r\n------------------\r\n\r\n##### Личный кабинет\r\n\r\n- **Новые видео и комментарии** - просмотр и редактирование всех комментариев с возможностью фильтрации\r\n- **Мои заказы** - можно покупать тесты как клиент\r\n- **Мои открытые тесты** - тесты в работе\r\n- **Мои завершенные тесты** - история с закрытыми тестами\r\n- **Мои видео из YouTube** - интерфейс загрузки и сортировки роликов на YouTube\r\n- **Мои сообщения** - обмен сообщениями с другими пользователями системы\r\n- **Персональная информация** - редактирование личной информации\r\n\r\n#####Верхнее меню \r\nдобавлена кнопка в верхней навигации\r\n- **Администрирование** - для быстрого перехода в [административный раздел](http://testmenow.ru/admin \"административный раздел\")\r\n\r\n\r\nРабота с заказом\r\n------------------\r\n- Нужно перейти в административный раздел и выбрать заказ\r\n\r\n[[http://testmenow.ru/admin/orders/orders/index]]\r\n\r\n\r\n- После получения денег с помощью доступных\r\nплатежных систем\r\n\r\n[[http://testmenow.ru/admin/store/paymentMethod]]\r\n\r\n\r\n- Нужно перейти в административный раздел и выбрать заказ\r\n\r\n[[http://testmenow.ru/admin/orders/orders/index]]\r\n- указать что заказ оплачен\r\n- проверить правильность заполнения полей\r\n- выбрать тестера для каждого теста\r\n- сохранить\r\n\r\nНазначение тестеров на определенный тест\r\n------------------\r\n\r\nНужно перейти в административный раздел и выбрать заказ\r\n\r\n[[http://testmenow.ru/admin/orders/orders/index]]\r\n\r\nПотом перейти на страницу заказа и в списке заказанных тестов в колонке Тестеры назначить или поменять тестера','1',1374550407),
	(58,4,'',NULL,'Особенности интерфейса\r\n------------------\r\n\r\n##### Личный кабинет\r\n\r\n- **Новые видео и комментарии** - просмотр и редактирование всех комментариев с возможностью фильтрации\r\n- **Мои заказы** - можно покупать тесты как клиент\r\n- **Мои открытые тесты** - тесты в работе\r\n- **Мои завершенные тесты** - история с закрытыми тестами\r\n- **Мои видео из YouTube** - интерфейс загрузки и сортировки роликов на YouTube\r\n- **Мои сообщения** - обмен сообщениями с другими пользователями системы\r\n- **Персональная информация** - редактирование личной информации\r\n\r\n#####Верхнее меню \r\nдобавлена кнопка в верхней навигации\r\n- **Администрирование** - для быстрого перехода в [административный раздел](http://testmenow.ru/admin \"административный раздел\")\r\n\r\n\r\nРабота с заказом\r\n------------------\r\n- После получения денег с помощью доступных\r\nплатежных систем\r\n[[http://testmenow.ru/admin/store/paymentMethod]]\r\n- Нужно перейти в административный раздел и выбрать заказ\r\n[[http://testmenow.ru/admin/orders/orders/index]]\r\n- указать что заказ оплачен\r\n- проверить правильность заполнения полей\r\n- выбрать тестера для каждого теста\r\n- сохранить\r\n\r\nНазначение тестеров на определенный тест\r\n------------------\r\n\r\nНужно перейти в административный раздел и выбрать заказ\r\n\r\n[[http://testmenow.ru/admin/orders/orders/index]]\r\n\r\nПотом перейти на страницу заказа и в списке заказанных тестов в колонке Тестеры назначить или поменять тестера','1',1374550468),
	(59,4,'',NULL,'Особенности интерфейса\r\n------------------\r\n\r\n##### Личный кабинет\r\n\r\n- **Новые видео и комментарии** - просмотр и редактирование всех комментариев с возможностью фильтрации\r\n- **Мои заказы** - можно покупать тесты как клиент\r\n- **Мои открытые тесты** - тесты в работе\r\n- **Мои завершенные тесты** - история с закрытыми тестами\r\n- **Мои видео из YouTube** - интерфейс загрузки и сортировки роликов на YouTube\r\n- **Мои сообщения** - обмен сообщениями с другими пользователями системы\r\n- **Персональная информация** - редактирование личной информации\r\n\r\n#####Верхнее меню \r\nдобавлена кнопка в верхней навигации\r\n- **Администрирование** - для быстрого перехода в [административный раздел](http://testmenow.ru/admin \"административный раздел\")\r\n\r\n\r\nПоследовательность действий при работе с заказом\r\n------------------\r\n- ПОлучить деньги с помощью доступных\r\nплатежных систем\r\n[[http://testmenow.ru/admin/store/paymentMethod]]\r\n- Найти заказ [[http://testmenow.ru/admin/orders/orders/index]] иуказать что заказ оплачен\r\n- проверить правильность заполнения полей\r\n- выбрать тестера для каждого теста\r\n\r\n\r\nНазначение тестеров на определенный тест\r\n------------------\r\n\r\nНужно перейти в административный раздел и выбрать заказ\r\n\r\n[[http://testmenow.ru/admin/orders/orders/index]]\r\n\r\nПотом перейти на страницу заказа и в списке заказанных тестов в колонке Тестеры назначить или поменять тестера','1',1374550671),
	(60,4,'',NULL,'Особенности интерфейса\r\n------------------\r\n\r\n##### Личный кабинет\r\n\r\n- **Новые видео и комментарии** - просмотр и редактирование всех комментариев с возможностью фильтрации\r\n- **Мои заказы** - можно покупать тесты как клиент\r\n- **Мои открытые тесты** - тесты в работе\r\n- **Мои завершенные тесты** - история с закрытыми тестами\r\n- **Мои видео из YouTube** - интерфейс загрузки и сортировки роликов на YouTube\r\n- **Мои сообщения** - обмен сообщениями с другими пользователями системы\r\n- **Персональная информация** - редактирование личной информации\r\n\r\n#####Верхнее меню \r\nдобавлена кнопка в верхней навигации\r\n- **Администрирование** - для быстрого перехода в [административный раздел](http://testmenow.ru/admin \"административный раздел\")\r\n\r\n\r\nПоследовательность действий при работе с заказом\r\n------------------\r\n- Получить деньги с помощью доступных\r\nплатежных систем\r\n[[http://testmenow.ru/admin/store/paymentMethod]]\r\n- Найти заказ [[http://testmenow.ru/admin/orders/orders/index]] иуказать что заказ оплачен\r\n- проверить правильность заполнения полей\r\n- выбрать тестера для каждого теста\r\n\r\n\r\nНазначение тестеров на определенный тест\r\n------------------\r\n\r\nНужно перейти в административный раздел и выбрать заказ\r\n\r\n[[http://testmenow.ru/admin/orders/orders/index]]\r\n\r\nПотом перейти на страницу заказа и в списке заказанных тестов в колонке Тестеры назначить или поменять тестера','1',1374550690),
	(61,4,'',NULL,'Особенности интерфейса\r\n------------------\r\n\r\n##### Личный кабинет\r\n\r\n- **Новые видео и комментарии** - просмотр и редактирование всех комментариев с возможностью фильтрации\r\n- **Мои заказы** - можно покупать тесты как клиент\r\n- **Мои открытые тесты** - тесты в работе\r\n- **Мои завершенные тесты** - история с закрытыми тестами\r\n- **Мои видео из YouTube** - интерфейс загрузки и сортировки роликов на YouTube\r\n- **Мои сообщения** - обмен сообщениями с другими пользователями системы\r\n- **Персональная информация** - редактирование личной информации\r\n\r\n#####Верхнее меню \r\nдобавлена кнопка в верхней навигации\r\n- **Администрирование** - для быстрого перехода в [административный раздел](http://testmenow.ru/admin \"административный раздел\")\r\n\r\n\r\nПоследовательность действий при работе с заказом\r\n------------------\r\n- Получить деньги с помощью доступных\r\nплатежных систем\r\n[[http://testmenow.ru/admin/store/paymentMethod]]\r\n- Найти заказ [[http://testmenow.ru/admin/orders/orders/index]] и указать что заказ оплачен\r\n- проверить правильность заполнения полей\r\n- выбрать тестера для каждого теста\r\n\r\n\r\nНазначение тестеров на определенный тест\r\n------------------\r\n\r\nНужно перейти в административный раздел и выбрать заказ\r\n\r\n[[http://testmenow.ru/admin/orders/orders/index]]\r\n\r\nПотом перейти на страницу заказа и в списке заказанных тестов в колонке Тестеры назначить или поменять тестера','1',1374550718),
	(62,4,'',NULL,'Особенности интерфейса\r\n------------------\r\n\r\n##### Личный кабинет\r\n\r\n- **Новые видео и комментарии** - просмотр и редактирование всех комментариев с возможностью фильтрации\r\n- **Мои заказы** - можно покупать тесты как клиент\r\n- **Мои открытые тесты** - тесты в работе\r\n- **Мои завершенные тесты** - история с закрытыми тестами\r\n- **Мои видео из YouTube** - интерфейс загрузки и сортировки роликов на YouTube\r\n- **Мои сообщения** - обмен сообщениями с другими пользователями системы\r\n- **Персональная информация** - редактирование личной информации\r\n\r\n#####Верхнее меню \r\nдобавлена кнопка в верхней навигации\r\n- **Администрирование** - для быстрого перехода в [административный раздел](http://testmenow.ru/admin \"административный раздел\")\r\n\r\n\r\nПоследовательность действий при работе с заказом\r\n------------------\r\n- Получить деньги с помощью доступных\r\nплатежных систем\r\n[[http://testmenow.ru/admin/store/paymentMethod]]\r\n- Найти заказ [[http://testmenow.ru/admin/orders/orders/index]] и указать что заказ оплачен\r\n- проверить правильность заполнения полей\r\n- Назначить тестера на каждый тест\r\n\r\n\r\nНазначение тестеров на определенный тест\r\n------------------\r\n\r\nНужно перейти в административный раздел и выбрать заказ\r\n\r\n[[http://testmenow.ru/admin/orders/orders/index]]\r\n\r\nПотом перейти на страницу заказа и в списке заказанных тестов в колонке Тестеры назначить или поменять тестера\r\nпри этом Тестер получает письмо оповещение о приглашении на тест и может видеть новый тест у себя в кабинете в разделе Назначенные тесты\r\n\r\n\r\n\r\n\r\n','1',1374550926),
	(63,4,'',NULL,'Особенности интерфейса\r\n------------------\r\n\r\n##### Личный кабинет\r\n\r\n- **Новые видео и комментарии** - просмотр и редактирование всех комментариев с возможностью фильтрации\r\n- **Мои заказы** - можно покупать тесты как клиент\r\n- **Мои открытые тесты** - тесты в работе\r\n- **Мои завершенные тесты** - история с закрытыми тестами\r\n- **Мои видео из YouTube** - интерфейс загрузки и сортировки роликов на YouTube\r\n- **Мои сообщения** - обмен сообщениями с другими пользователями системы\r\n- **Персональная информация** - редактирование личной информации\r\n\r\n#####Верхнее меню \r\nдобавлена кнопка в верхней навигации\r\n- **Администрирование** - для быстрого перехода в [административный раздел](http://testmenow.ru/admin \"административный раздел\")\r\n\r\n\r\nПоследовательность действий при работе с заказом\r\n------------------\r\n- Получить деньги с помощью доступных\r\nплатежных систем\r\n[[http://testmenow.ru/admin/store/paymentMethod]]\r\n- Найти заказ [[http://testmenow.ru/admin/orders/orders/index]] и указать что заказ оплачен\r\n- проверить правильность заполнения полей\r\n- Назначить тестера на каждый тест\r\n\r\n\r\nНазначение тестеров на определенный тест\r\n------------------\r\n\r\nНужно перейти в административный раздел и выбрать заказ\r\n\r\n[[http://testmenow.ru/admin/orders/orders/index]]\r\n\r\nПотом перейти на страницу заказа и в списке заказанных тестов в колонке Тестеры назначить или поменять тестера.\r\nТестер получает письмо оповещение о приглашении на тест.  \r\nОн также может видеть новый тест у себя в кабинете в разделе Назначенные тесты\r\n\r\n\r\n\r\n\r\n','1',1374551010),
	(64,4,'',NULL,'Особенности интерфейса\r\n------------------\r\n\r\n##### Личный кабинет\r\n\r\n- **Новые видео и комментарии** - просмотр и редактирование всех комментариев с возможностью фильтрации\r\n- **Мои заказы** - можно покупать тесты как клиент\r\n- **Мои открытые тесты** - тесты в работе\r\n- **Мои завершенные тесты** - история с закрытыми тестами\r\n- **Мои видео из YouTube** - интерфейс загрузки и сортировки роликов на YouTube\r\n- **Мои сообщения** - обмен сообщениями с другими пользователями системы\r\n- **Персональная информация** - редактирование личной информации\r\n\r\n#####Верхнее меню \r\nдобавлена кнопка в верхней навигации\r\n- **Администрирование** - для быстрого перехода в [административный раздел](http://testmenow.ru/admin \"административный раздел\")\r\n\r\n\r\nПоследовательность действий при работе с заказом\r\n------------------\r\n- Получить деньги с помощью доступных\r\nплатежных систем\r\n[[http://testmenow.ru/admin/store/paymentMethod]]\r\n- Найти заказ [[http://testmenow.ru/admin/orders/orders/index]] и указать что заказ оплачен\r\n- проверить правильность заполнения полей\r\n- Назначить тестера на каждый тест\r\n\r\n\r\nНазначение тестеров на определенный тест\r\n------------------\r\n\r\nНужно перейти в административный раздел и выбрать заказ\r\n\r\n[[http://testmenow.ru/admin/orders/orders/index]]\r\n\r\nПотом перейти на страницу заказа и в списке заказанных тестов в колонке Тестеры назначить или поменять тестера.\r\n\r\nТестер получает письмо оповещение о приглашении на тест.  \r\nОн также может видеть новый тест у себя в кабинете в разделе Назначенные тесты\r\n\r\n\r\n\r\n\r\n','1',1374551046),
	(65,4,'',NULL,'Особенности интерфейса\r\n------------------\r\n\r\n##### Личный кабинет\r\n\r\n- **Новые видео и комментарии** - просмотр и редактирование всех комментариев с возможностью фильтрации\r\n- **Мои заказы** - можно покупать тесты как клиент\r\n- **Мои открытые тесты** - тесты в работе\r\n- **Мои завершенные тесты** - история с закрытыми тестами\r\n- **Мои видео из YouTube** - интерфейс загрузки и сортировки роликов на YouTube\r\n- **Мои сообщения** - обмен сообщениями с другими пользователями системы\r\n- **Персональная информация** - редактирование личной информации\r\n\r\n#####Верхнее меню \r\nдобавлена кнопка в верхней навигации\r\n- **Администрирование** - для быстрого перехода в [административный раздел](http://testmenow.ru/admin \"административный раздел\")\r\n\r\n\r\nПоследовательность действий при работе с заказом\r\n------------------\r\n- Получить деньги с помощью доступных\r\nплатежных систем\r\n[[http://testmenow.ru/admin/store/paymentMethod]]\r\n- Найти заказ [[http://testmenow.ru/admin/orders/orders/index]] и указать что заказ оплачен\r\n- проверить правильность заполнения полей\r\n- Назначить тестера на каждый тест\r\n\r\n\r\nНазначение тестеров на определенный тест\r\n------------------\r\n\r\nНужно перейти в административный раздел и выбрать заказ\r\n\r\n[[http://testmenow.ru/admin/orders/orders/index]]\r\n\r\nПотом перейти на страницу заказа и в списке заказанных тестов в колонке Тестеры назначить или поменять тестера.\r\n\r\n\r\n\r\n\r\nТестер получает письмо оповещение о приглашении на тест.  \r\nОн также может видеть новый тест у себя в кабинете в разделе Назначенные тесты\r\n\r\n\r\n\r\n\r\n','1',1374551068),
	(66,4,'',NULL,'Особенности интерфейса\r\n------------------\r\n\r\n##### Личный кабинет\r\n\r\n- **Новые видео и комментарии** - просмотр и редактирование всех комментариев с возможностью фильтрации\r\n- **Мои заказы** - можно покупать тесты как клиент\r\n- **Мои открытые тесты** - тесты в работе\r\n- **Мои завершенные тесты** - история с закрытыми тестами\r\n- **Мои видео из YouTube** - интерфейс загрузки и сортировки роликов на YouTube\r\n- **Мои сообщения** - обмен сообщениями с другими пользователями системы\r\n- **Персональная информация** - редактирование личной информации\r\n\r\n#####Верхнее меню \r\nдобавлена кнопка в верхней навигации\r\n- **Администрирование** - для быстрого перехода в [административный раздел](http://testmenow.ru/admin \"административный раздел\")\r\n\r\n\r\nПоследовательность действий при работе с заказом\r\n------------------\r\n- Получить деньги с помощью доступных\r\nплатежных систем\r\n[[http://testmenow.ru/admin/store/paymentMethod]]\r\n- Найти заказ [[http://testmenow.ru/admin/orders/orders/index]] и указать что заказ оплачен\r\n- проверить правильность заполнения полей\r\n- Назначить тестера на каждый тест\r\n\r\n\r\nНазначение тестеров на определенный тест\r\n------------------\r\n\r\nНужно перейти в административный раздел и выбрать заказ\r\n\r\n[[http://testmenow.ru/admin/orders/orders/index]]\r\n\r\nПотом перейти на страницу заказа и в списке заказанных тестов в колонке Тестеры назначить или поменять тестера.\r\nТестер получает письмо оповещение о приглашении на тест.  \r\nОн также может видеть новый тест у себя в кабинете в разделе Назначенные тесты\r\n\r\n\r\n\r\n\r\n','1',1374551092),
	(67,4,'',NULL,'Особенности интерфейса\r\n------------------\r\n\r\n##### Личный кабинет\r\n\r\n- **Новые видео и комментарии** - просмотр и редактирование всех комментариев с возможностью фильтрации\r\n- **Мои заказы** - можно покупать тесты как клиент\r\n- **Мои открытые тесты** - тесты в работе\r\n- **Мои завершенные тесты** - история с закрытыми тестами\r\n- **Мои видео из YouTube** - интерфейс загрузки и сортировки роликов на YouTube\r\n- **Мои сообщения** - обмен сообщениями с другими пользователями системы\r\n- **Персональная информация** - редактирование личной информации\r\n\r\n#####Верхнее меню \r\nдобавлена кнопка в верхней навигации\r\n- **Администрирование** - для быстрого перехода в [административный раздел](http://testmenow.ru/admin \"административный раздел\")\r\n\r\n\r\nПоследовательность действий при работе с заказом\r\n------------------\r\n- Получить деньги с помощью доступных\r\nплатежных систем\r\n[[http://testmenow.ru/admin/store/paymentMethod]]\r\n- Найти заказ [[http://testmenow.ru/admin/orders/orders/index]] и указать что заказ оплачен\r\n- проверить правильность заполнения полей\r\n- Назначить тестера на каждый тест\r\n\r\n\r\nНазначение тестеров на определенный тест\r\n------------------\r\n\r\nНужно перейти в административный раздел и выбрать заказ\r\n\r\n[[http://testmenow.ru/admin/orders/orders/index]]\r\n\r\nПотом перейти на страницу заказа и в списке заказанных тестов в колонке Тестеры назначить или поменять тестера. \r\nТестер получает письмо оповещение о приглашении на тест.  \r\nОн также может видеть новый тест у себя в кабинете в разделе Назначенные тесты\r\n\r\n\r\n\r\n\r\n','1',1374551107),
	(68,4,'',NULL,'Особенности интерфейса\r\n------------------\r\n\r\n##### Личный кабинет\r\n\r\n- **Новые видео и комментарии** - просмотр и редактирование всех комментариев с возможностью фильтрации\r\n- **Мои заказы** - можно покупать тесты как клиент\r\n- **Мои открытые тесты** - тесты в работе\r\n- **Мои завершенные тесты** - история с закрытыми тестами\r\n- **Мои видео из YouTube** - интерфейс загрузки и сортировки роликов на YouTube\r\n- **Мои сообщения** - обмен сообщениями с другими пользователями системы\r\n- **Персональная информация** - редактирование личной информации\r\n\r\n#####Верхнее меню \r\nдобавлена кнопка в верхней навигации\r\n- **Администрирование** - для быстрого перехода в [административный раздел](http://testmenow.ru/admin \"административный раздел\")\r\n\r\n\r\nПоследовательность действий при работе с заказом\r\n------------------\r\n- Получить деньги с помощью доступных\r\nплатежных систем\r\n[[http://testmenow.ru/admin/store/paymentMethod]]\r\n- Найти заказ [[http://testmenow.ru/admin/orders/orders/index]] и указать что заказ оплачен\r\n- проверить правильность заполнения полей\r\n- Назначить тестера на каждый тест\r\n\r\n\r\nНазначение тестеров на определенный тест\r\n------------------\r\n\r\nНужно перейти в административный раздел и выбрать заказ\r\n\r\n[[http://testmenow.ru/admin/orders/orders/index]]\r\n\r\nПотом перейти на страницу заказа и в списке заказанных тестов в колонке Тестеры назначить или поменять тестера.  \r\nТестер получает письмо оповещение о приглашении на тест.  \r\nОн также может видеть новый тест у себя в кабинете в разделе Назначенные тесты\r\n\r\n\r\n\r\n\r\n','1',1374551128),
	(69,7,'',NULL,'~~~\r\nтестовый логин client1 пароль 11111\r\n~~~\r\n<br /><br />\r\nОсобенности интерфейса\r\n------------------\r\n\r\n##### Личный кабинет\r\n\r\n- **Мои заказы** - можно покупать тесты как клиент\r\n- **Мои открытые тесты** - тесты в работе\r\n- **Мои завершенные тесты** - история с закрытыми тестами\r\n- **Мои видео из YouTube** - интерфейс загрузки и сортировки роликов на YouTube\r\n- **Мои сообщения** - обмен сообщениями с другими пользователями системы\r\n- **Персональная информация** - редактирование личной информации\r\n','1',1374551292),
	(70,7,'',NULL,'~~~\r\nтестовый логин client1 пароль 11111\r\n~~~\r\nОсобенности интерфейса\r\n------------------\r\n\r\n##### Личный кабинет\r\n\r\n- **Мои заказы** - можно покупать тесты как клиент\r\n- **Мои открытые тесты** - тесты в работе\r\n- **Мои завершенные тесты** - история с закрытыми тестами\r\n- **Мои видео из YouTube** - интерфейс загрузки и сортировки роликов на YouTube\r\n- **Мои сообщения** - обмен сообщениями с другими пользователями системы\r\n- **Персональная информация** - редактирование личной информации\r\n','1',1374551307),
	(71,4,'',NULL,'Особенности интерфейса\r\n------------------\r\n\r\n##### Личный кабинет\r\n\r\n- **Новые видео и комментарии** - просмотр и редактирование всех комментариев с возможностью фильтрации\r\n- **Мои заказы** - можно покупать тесты как клиент\r\n- **Мои открытые тесты** - тесты в работе\r\n- **Мои завершенные тесты** - история с закрытыми тестами\r\n- **Мои видео из YouTube** - интерфейс загрузки и сортировки роликов на YouTube\r\n- **Мои сообщения** - обмен сообщениями с другими пользователями системы\r\n- **Персональная информация** - редактирование личной информации\r\n\r\n#####Верхнее меню \r\nдобавлена кнопка в верхней навигации\r\n- **Администрирование** - для быстрого перехода в [административный раздел](http://testmenow.ru/admin \"административный раздел\")\r\n\r\n\r\nДобавление нового теста \r\n------------------\r\n- Войти в создание теста\r\n[[http://testmenow.ru/admin/store/paymentMethod]]\r\n- Найти заказ [[http://testmenow.ru/admin/orders/orders/index]] и указать что заказ оплачен\r\n- проверить правильность заполнения полей\r\n- Назначить тестера на каждый тест\r\n\r\n\r\nПоследовательность действий при работе с заказом\r\n------------------\r\n- Получить деньги с помощью доступных\r\nплатежных систем\r\n[[http://testmenow.ru/admin/store/paymentMethod]]\r\n- Найти заказ [[http://testmenow.ru/admin/orders/orders/index]] и указать что заказ оплачен\r\n- проверить правильность заполнения полей\r\n- Назначить тестера на каждый тест\r\n\r\nНазначение тестеров на определенный тест\r\n------------------\r\n\r\nНужно перейти в административный раздел и выбрать заказ\r\n\r\n[[http://testmenow.ru/admin/orders/orders/index]]\r\n\r\nПотом перейти на страницу заказа и в списке заказанных тестов в колонке Тестеры назначить или поменять тестера.  \r\nТестер получает письмо оповещение о приглашении на тест.  \r\nОн также может видеть новый тест у себя в кабинете в разделе Назначенные тесты\r\n\r\n\r\n\r\n\r\n','1',1374552322),
	(72,4,'',NULL,'Особенности интерфейса\r\n------------------\r\n\r\n##### Личный кабинет\r\n\r\n- **Новые видео и комментарии** - просмотр и редактирование всех комментариев с возможностью фильтрации\r\n- **Мои заказы** - можно покупать тесты как клиент\r\n- **Мои открытые тесты** - тесты в работе\r\n- **Мои завершенные тесты** - история с закрытыми тестами\r\n- **Мои видео из YouTube** - интерфейс загрузки и сортировки роликов на YouTube\r\n- **Мои сообщения** - обмен сообщениями с другими пользователями системы\r\n- **Персональная информация** - редактирование личной информации\r\n\r\n#####Верхнее меню \r\nдобавлена кнопка в верхней навигации\r\n- **Администрирование** - для быстрого перехода в [административный раздел](http://testmenow.ru/admin \"административный раздел\")\r\n\r\n\r\nДобавление нового теста \r\n------------------\r\n- Перейти в Каталог->Тесты [[http://testmenow.ru/admin/store/products]]\r\n- Найти заказ [[http://testmenow.ru/admin/orders/orders/index]] и указать что заказ оплачен\r\n- проверить правильность заполнения полей\r\n- Назначить тестера на каждый тест\r\n\r\n\r\nПоследовательность действий при работе с заказом\r\n------------------\r\n- Получить деньги с помощью доступных\r\nплатежных систем\r\n[[http://testmenow.ru/admin/store/paymentMethod]]\r\n- Найти заказ [[http://testmenow.ru/admin/orders/orders/index]] и указать что заказ оплачен\r\n- проверить правильность заполнения полей\r\n- Назначить тестера на каждый тест\r\n\r\nНазначение тестеров на определенный тест\r\n------------------\r\n\r\nНужно перейти в административный раздел и выбрать заказ\r\n\r\n[[http://testmenow.ru/admin/orders/orders/index]]\r\n\r\nПотом перейти на страницу заказа и в списке заказанных тестов в колонке Тестеры назначить или поменять тестера.  \r\nТестер получает письмо оповещение о приглашении на тест.  \r\nОн также может видеть новый тест у себя в кабинете в разделе Назначенные тесты\r\n\r\n\r\n\r\n\r\n','1',1374552433),
	(73,4,'',NULL,'Особенности интерфейса\r\n------------------\r\n\r\n##### Личный кабинет\r\n\r\n- **Новые видео и комментарии** - просмотр и редактирование всех комментариев с возможностью фильтрации\r\n- **Мои заказы** - можно покупать тесты как клиент\r\n- **Мои открытые тесты** - тесты в работе\r\n- **Мои завершенные тесты** - история с закрытыми тестами\r\n- **Мои видео из YouTube** - интерфейс загрузки и сортировки роликов на YouTube\r\n- **Мои сообщения** - обмен сообщениями с другими пользователями системы\r\n- **Персональная информация** - редактирование личной информации\r\n\r\n#####Верхнее меню \r\nдобавлена кнопка в верхней навигации\r\n- **Администрирование** - для быстрого перехода в [административный раздел](http://testmenow.ru/admin \"административный раздел\")\r\n\r\n\r\nДобавление нового теста \r\n------------------\r\n- Перейти в Каталог->Тесты [[http://testmenow.ru/admin/store/products]]\r\n- Нажать кнопку в верхней части- Создать продукт\r\n- проверить правильность заполнения полей\r\n- Назначить тестера на каждый тест\r\n\r\n\r\nПоследовательность действий при работе с заказом\r\n------------------\r\n- Получить деньги с помощью доступных\r\nплатежных систем\r\n[[http://testmenow.ru/admin/store/paymentMethod]]\r\n- Найти заказ [[http://testmenow.ru/admin/orders/orders/index]] и указать что заказ оплачен\r\n- проверить правильность заполнения полей\r\n- Назначить тестера на каждый тест\r\n\r\nНазначение тестеров на определенный тест\r\n------------------\r\n\r\nНужно перейти в административный раздел и выбрать заказ\r\n\r\n[[http://testmenow.ru/admin/orders/orders/index]]\r\n\r\nПотом перейти на страницу заказа и в списке заказанных тестов в колонке Тестеры назначить или поменять тестера.  \r\nТестер получает письмо оповещение о приглашении на тест.  \r\nОн также может видеть новый тест у себя в кабинете в разделе Назначенные тесты\r\n\r\n\r\n\r\n\r\n','1',1374552508),
	(74,4,'',NULL,'Особенности интерфейса\r\n------------------\r\n\r\n##### Личный кабинет\r\n\r\n- **Новые видео и комментарии** - просмотр и редактирование всех комментариев с возможностью фильтрации\r\n- **Мои заказы** - можно покупать тесты как клиент\r\n- **Мои открытые тесты** - тесты в работе\r\n- **Мои завершенные тесты** - история с закрытыми тестами\r\n- **Мои видео из YouTube** - интерфейс загрузки и сортировки роликов на YouTube\r\n- **Мои сообщения** - обмен сообщениями с другими пользователями системы\r\n- **Персональная информация** - редактирование личной информации\r\n\r\n#####Верхнее меню \r\nдобавлена кнопка в верхней навигации\r\n- **Администрирование** - для быстрого перехода в [административный раздел](http://testmenow.ru/admin \"административный раздел\")\r\n\r\n\r\nДобавление нового теста \r\n------------------\r\n- Перейти в Каталог->Тесты [[http://testmenow.ru/admin/store/products]]\r\n- Нажать кнопку в верхней части- Создать продукт\r\n- Выбрать Тип теста и Использовать конфигурации - да\r\n  Отметить необходимые задачи из выбранного шаблона конфигурации типа\r\n\r\n\r\nПоследовательность действий при работе с заказом\r\n------------------\r\n- Получить деньги с помощью доступных\r\nплатежных систем\r\n[[http://testmenow.ru/admin/store/paymentMethod]]\r\n- Найти заказ [[http://testmenow.ru/admin/orders/orders/index]] и указать что заказ оплачен\r\n- проверить правильность заполнения полей\r\n- Назначить тестера на каждый тест\r\n\r\nНазначение тестеров на определенный тест\r\n------------------\r\n\r\nНужно перейти в административный раздел и выбрать заказ\r\n\r\n[[http://testmenow.ru/admin/orders/orders/index]]\r\n\r\nПотом перейти на страницу заказа и в списке заказанных тестов в колонке Тестеры назначить или поменять тестера.  \r\nТестер получает письмо оповещение о приглашении на тест.  \r\nОн также может видеть новый тест у себя в кабинете в разделе Назначенные тесты\r\n\r\n\r\n\r\n\r\n','1',1374552805),
	(75,4,'',NULL,'Особенности интерфейса\r\n------------------\r\n\r\n##### Личный кабинет\r\n\r\n- **Новые видео и комментарии** - просмотр и редактирование всех комментариев с возможностью фильтрации\r\n- **Мои заказы** - можно покупать тесты как клиент\r\n- **Мои открытые тесты** - тесты в работе\r\n- **Мои завершенные тесты** - история с закрытыми тестами\r\n- **Мои видео из YouTube** - интерфейс загрузки и сортировки роликов на YouTube\r\n- **Мои сообщения** - обмен сообщениями с другими пользователями системы\r\n- **Персональная информация** - редактирование личной информации\r\n\r\n#####Верхнее меню \r\nдобавлена кнопка в верхней навигации\r\n- **Администрирование** - для быстрого перехода в [административный раздел](http://testmenow.ru/admin \"административный раздел\")\r\n\r\n\r\nДобавление нового теста \r\n------------------\r\n- Перейти в Каталог->Тесты [[http://testmenow.ru/admin/store/products]]\r\n- Нажать кнопку в верхней части- Создать продукт\r\n- Выбрать Тип теста и Использовать конфигурации - да   \r\n  Отметить необходимые задачи из выбранного шаблона конфигурации типа\r\n\r\n\r\nПоследовательность действий при работе с заказом\r\n------------------\r\n- Получить деньги с помощью доступных\r\nплатежных систем\r\n[[http://testmenow.ru/admin/store/paymentMethod]]\r\n- Найти заказ [[http://testmenow.ru/admin/orders/orders/index]] и указать что заказ оплачен\r\n- проверить правильность заполнения полей\r\n- Назначить тестера на каждый тест\r\n\r\nНазначение тестеров на определенный тест\r\n------------------\r\n\r\nНужно перейти в административный раздел и выбрать заказ\r\n\r\n[[http://testmenow.ru/admin/orders/orders/index]]\r\n\r\nПотом перейти на страницу заказа и в списке заказанных тестов в колонке Тестеры назначить или поменять тестера.  \r\nТестер получает письмо оповещение о приглашении на тест.  \r\nОн также может видеть новый тест у себя в кабинете в разделе Назначенные тесты\r\n\r\n\r\n\r\n\r\n','1',1374552843),
	(76,4,'',NULL,'Особенности интерфейса\r\n------------------\r\n\r\n##### Личный кабинет\r\n\r\n- **Новые видео и комментарии** - просмотр и редактирование всех комментариев с возможностью фильтрации\r\n- **Мои заказы** - можно покупать тесты как клиент\r\n- **Мои открытые тесты** - тесты в работе\r\n- **Мои завершенные тесты** - история с закрытыми тестами\r\n- **Мои видео из YouTube** - интерфейс загрузки и сортировки роликов на YouTube\r\n- **Мои сообщения** - обмен сообщениями с другими пользователями системы\r\n- **Персональная информация** - редактирование личной информации\r\n\r\n#####Верхнее меню \r\nдобавлена кнопка в верхней навигации\r\n- **Администрирование** - для быстрого перехода в [административный раздел](http://testmenow.ru/admin \"административный раздел\")\r\n\r\n\r\nДобавление новой задачи  \r\n------------------\r\n- Перейти в Каталог->Задачи [[http://4pr.local/admin/store/attribute]]\r\n- Нажать кнопку в верхней части- Создать атрибут\r\n- Выбрать Тип теста и Использовать конфигурации - да   \r\n  Отметить необходимые задачи из выбранного шаблона конфигурации типа\r\n\r\nДобавление нового теста \r\n------------------\r\n- Перейти в Каталог->Тесты [[http://testmenow.ru/admin/store/products]]\r\n- Нажать кнопку в верхней части- Создать продукт\r\n- Выбрать Тип теста и Использовать конфигурации - да   \r\n  Отметить необходимые задачи из выбранного шаблона конфигурации типа\r\n\r\nПоследовательность действий при работе с заказом\r\n------------------\r\n- Получить деньги с помощью доступных\r\nплатежных систем\r\n[[http://testmenow.ru/admin/store/paymentMethod]]\r\n- Найти заказ [[http://testmenow.ru/admin/orders/orders/index]] и указать что заказ оплачен\r\n- проверить правильность заполнения полей\r\n- Назначить тестера на каждый тест\r\n\r\nНазначение тестеров на определенный тест\r\n------------------\r\n\r\nНужно перейти в административный раздел и выбрать заказ\r\n\r\n[[http://testmenow.ru/admin/orders/orders/index]]\r\n\r\nПотом перейти на страницу заказа и в списке заказанных тестов в колонке Тестеры назначить или поменять тестера.  \r\nТестер получает письмо оповещение о приглашении на тест.  \r\nОн также может видеть новый тест у себя в кабинете в разделе Назначенные тесты\r\n\r\n\r\n\r\n\r\n','1',1374554412),
	(77,4,'',NULL,'Особенности интерфейса\r\n------------------\r\n\r\n##### Личный кабинет\r\n\r\n- **Новые видео и комментарии** - просмотр и редактирование всех комментариев с возможностью фильтрации\r\n- **Мои заказы** - можно покупать тесты как клиент\r\n- **Мои открытые тесты** - тесты в работе\r\n- **Мои завершенные тесты** - история с закрытыми тестами\r\n- **Мои видео из YouTube** - интерфейс загрузки и сортировки роликов на YouTube\r\n- **Мои сообщения** - обмен сообщениями с другими пользователями системы\r\n- **Персональная информация** - редактирование личной информации\r\n\r\n#####Верхнее меню \r\nдобавлена кнопка в верхней навигации\r\n- **Администрирование** - для быстрого перехода в [административный раздел](http://testmenow.ru/admin \"административный раздел\")\r\n\r\n\r\nДобавление новой задачи  \r\n------------------\r\n- Перейти в Каталог->Задачи [[http://4pr.local/admin/store/attribute]]\r\n- Нажать кнопку в верхней части- Создать атрибут\r\n- Тип DropDown  (выкидной список)\r\n\'Да [Текст]\' \'Да [Видео]\' \'Нет\' и англ. перевод \r\n\'Yes [Text]\' \'Yes [Video]\' \'No\'\r\n\r\n\r\nДобавление нового теста \r\n------------------\r\n- Перейти в Каталог->Тесты [[http://testmenow.ru/admin/store/products]]\r\n- Нажать кнопку в верхней части- Создать продукт\r\n- Выбрать Тип теста и Использовать конфигурации - да     \r\n  Отметить необходимые задачи из выбранного шаблона конфигурации типа\r\n\r\nПоследовательность действий при работе с заказом\r\n------------------\r\n- Получить деньги с помощью доступных\r\nплатежных систем\r\n[[http://testmenow.ru/admin/store/paymentMethod]]\r\n- Найти заказ [[http://testmenow.ru/admin/orders/orders/index]] и указать что заказ оплачен\r\n- проверить правильность заполнения полей\r\n- Назначить тестера на каждый тест\r\n\r\nНазначение тестеров на определенный тест\r\n------------------\r\n\r\nНужно перейти в административный раздел и выбрать заказ\r\n\r\n[[http://testmenow.ru/admin/orders/orders/index]]\r\n\r\nПотом перейти на страницу заказа и в списке заказанных тестов в колонке Тестеры назначить или поменять тестера.  \r\nТестер получает письмо оповещение о приглашении на тест.  \r\nОн также может видеть новый тест у себя в кабинете в разделе Назначенные тесты\r\n\r\n\r\n\r\n','1',1374554896),
	(78,4,'',NULL,'Особенности интерфейса\r\n------------------\r\n\r\n##### Личный кабинет\r\n\r\n- **Новые видео и комментарии** - просмотр и редактирование всех комментариев с возможностью фильтрации\r\n- **Мои заказы** - можно покупать тесты как клиент\r\n- **Мои открытые тесты** - тесты в работе\r\n- **Мои завершенные тесты** - история с закрытыми тестами\r\n- **Мои видео из YouTube** - интерфейс загрузки и сортировки роликов на YouTube\r\n- **Мои сообщения** - обмен сообщениями с другими пользователями системы\r\n- **Персональная информация** - редактирование личной информации\r\n\r\n#####Верхнее меню \r\nдобавлена кнопка в верхней навигации\r\n- **Администрирование** - для быстрого перехода в [административный раздел](http://testmenow.ru/admin \"административный раздел\")\r\n\r\n\r\nДобавление новой задачи  \r\n------------------\r\n- Перейти в Каталог->Задачи [[http://4pr.local/admin/store/attribute]]\r\n- Нажать кнопку в верхней части- Создать атрибут\r\n- Тип DropDown  (выкидной список)\r\n\'Да [Текст]\' \'Да [Видео]\' \'Нет\' и англ. перевод \r\n\'Yes [Text]\' \'Yes [Video]\' \'No\'\r\n\r\nпример заполнения [[http://testmenow.ru/admin/store/attribute/update?id=1]]\r\n\r\n\r\nДобавление нового теста \r\n------------------\r\n- Перейти в Каталог->Тесты [[http://testmenow.ru/admin/store/products]]\r\n- Нажать кнопку в верхней части- Создать продукт\r\n- Выбрать Тип теста и Использовать конфигурации - да     \r\n  Отметить необходимые задачи из выбранного шаблона конфигурации типа\r\n\r\nПоследовательность действий при работе с заказом\r\n------------------\r\n- Получить деньги с помощью доступных\r\nплатежных систем\r\n[[http://testmenow.ru/admin/store/paymentMethod]]\r\n- Найти заказ [[http://testmenow.ru/admin/orders/orders/index]] и указать что заказ оплачен\r\n- проверить правильность заполнения полей\r\n- Назначить тестера на каждый тест\r\n\r\nНазначение тестеров на определенный тест\r\n------------------\r\n\r\nНужно перейти в административный раздел и выбрать заказ\r\n\r\n[[http://testmenow.ru/admin/orders/orders/index]]\r\n\r\nПотом перейти на страницу заказа и в списке заказанных тестов в колонке Тестеры назначить или поменять тестера.  \r\nТестер получает письмо оповещение о приглашении на тест.  \r\nОн также может видеть новый тест у себя в кабинете в разделе Назначенные тесты\r\n\r\n\r\n','1',1374555024),
	(79,4,'',NULL,'Особенности интерфейса\r\n------------------\r\n\r\n##### Личный кабинет\r\n\r\n- **Новые видео и комментарии** - просмотр и редактирование всех комментариев с возможностью фильтрации\r\n- **Мои заказы** - можно покупать тесты как клиент\r\n- **Мои открытые тесты** - тесты в работе\r\n- **Мои завершенные тесты** - история с закрытыми тестами\r\n- **Мои видео из YouTube** - интерфейс загрузки и сортировки роликов на YouTube\r\n- **Мои сообщения** - обмен сообщениями с другими пользователями системы\r\n- **Персональная информация** - редактирование личной информации\r\n\r\n#####Верхнее меню \r\nдобавлена кнопка в верхней навигации\r\n- **Администрирование** - для быстрого перехода в [административный раздел](http://testmenow.ru/admin \"административный раздел\")\r\n\r\n\r\nДобавление новой задачи  \r\n------------------\r\n- Перейти в Каталог->Задачи [[http://4pr.local/admin/store/attribute]]\r\n- Нажать кнопку в верхней части- Создать атрибут\r\n- В открывшейся форме выберите Тип DropDown  (выкидной список)\r\n\r\nв появившейся вкладке \r\n#####Опции\r\n\'Да [Текст]\' \'Да [Видео]\' \'Нет\' и англ. перевод \r\n\'Yes [Text]\' \'Yes [Video]\' \'No\'\r\n\r\nпример заполнения [[http://testmenow.ru/admin/store/attribute/update?id=1]]\r\n\r\n\r\nДобавление нового теста \r\n------------------\r\n- Перейти в Каталог->Тесты [[http://testmenow.ru/admin/store/products]]\r\n- Нажать кнопку в верхней части- Создать продукт\r\n- Выбрать Тип теста и Использовать конфигурации - да     \r\n  Отметить необходимые задачи из выбранного шаблона конфигурации типа\r\n\r\nПоследовательность действий при работе с заказом\r\n------------------\r\n- Получить деньги с помощью доступных\r\nплатежных систем\r\n[[http://testmenow.ru/admin/store/paymentMethod]]\r\n- Найти заказ [[http://testmenow.ru/admin/orders/orders/index]] и указать что заказ оплачен\r\n- проверить правильность заполнения полей\r\n- Назначить тестера на каждый тест\r\n\r\nНазначение тестеров на определенный тест\r\n------------------\r\n\r\nНужно перейти в административный раздел и выбрать заказ\r\n\r\n[[http://testmenow.ru/admin/orders/orders/index]]\r\n\r\nПотом перейти на страницу заказа и в списке заказанных тестов в колонке Тестеры назначить или поменять тестера.  \r\nТестер получает письмо оповещение о приглашении на тест.  \r\nОн также может видеть новый тест у себя в кабинете в разделе Назначенные тесты\r\n\r\n\r\n','1',1374555120),
	(80,4,'',NULL,'Особенности интерфейса\r\n------------------\r\n\r\n##### Личный кабинет\r\n\r\n- **Новые видео и комментарии** - просмотр и редактирование всех комментариев с возможностью фильтрации\r\n- **Мои заказы** - можно покупать тесты как клиент\r\n- **Мои открытые тесты** - тесты в работе\r\n- **Мои завершенные тесты** - история с закрытыми тестами\r\n- **Мои видео из YouTube** - интерфейс загрузки и сортировки роликов на YouTube\r\n- **Мои сообщения** - обмен сообщениями с другими пользователями системы\r\n- **Персональная информация** - редактирование личной информации\r\n\r\n#####Верхнее меню \r\nдобавлена кнопка в верхней навигации\r\n- **Администрирование** - для быстрого перехода в [административный раздел](http://testmenow.ru/admin \"административный раздел\")\r\n\r\n\r\nДобавление новой задачи  \r\n------------------\r\n- Перейти в Каталог->Задачи [[http://4pr.local/admin/store/attribute]]\r\n- Нажать кнопку в верхней части- Создать атрибут\r\n- В открывшейся форме выберите Тип DropDown  (выкидной список)\r\n\r\nв появившейся вкладке \r\n#####Опции\r\n\'Да [Текст]\' \'Да [Видео]\' \'Нет\' и англ. перевод \r\n\'Yes [Text]\' \'Yes [Video]\' \'No\'\r\n\r\n- пример заполнения [[http://testmenow.ru/admin/store/attribute/update?id=1]]\r\n\r\n\r\nДобавление нового теста \r\n------------------\r\n- Перейти в Каталог->Тесты [[http://testmenow.ru/admin/store/products]]\r\n- Нажать кнопку в верхней части- Создать продукт\r\n- Выбрать Тип теста и Использовать конфигурации - да     \r\n- Отметить необходимые задачи из выбранного шаблона конфигурации типа\r\n\r\nПоследовательность действий при работе с заказом\r\n------------------\r\n- Получить деньги с помощью доступных\r\nплатежных систем\r\n[[http://testmenow.ru/admin/store/paymentMethod]]\r\n- Найти заказ [[http://testmenow.ru/admin/orders/orders/index]] и указать что заказ оплачен\r\n- проверить правильность заполнения полей\r\n- Назначить тестера на каждый тест\r\n\r\nНазначение тестеров на определенный тест\r\n------------------\r\n\r\nНужно перейти в административный раздел и выбрать заказ\r\n\r\n[[http://testmenow.ru/admin/orders/orders/index]]\r\n\r\nПотом перейти на страницу заказа и в списке заказанных тестов в колонке Тестеры назначить или поменять тестера.  \r\nТестер получает письмо оповещение о приглашении на тест.  \r\nОн также может видеть новый тест у себя в кабинете в разделе Назначенные тесты\r\n\r\n\r\n','1',1374555186),
	(81,4,'',NULL,'Особенности интерфейса\r\n------------------\r\n\r\n##### Личный кабинет\r\n\r\n- **Новые видео и комментарии** - просмотр и редактирование всех комментариев с возможностью фильтрации\r\n- **Мои заказы** - можно покупать тесты как клиент\r\n- **Мои открытые тесты** - тесты в работе\r\n- **Мои завершенные тесты** - история с закрытыми тестами\r\n- **Мои видео из YouTube** - интерфейс загрузки и сортировки роликов на YouTube\r\n- **Мои сообщения** - обмен сообщениями с другими пользователями системы\r\n- **Персональная информация** - редактирование личной информации\r\n\r\n#####Верхнее меню \r\nдобавлена кнопка в верхней навигации\r\n- **Администрирование** - для быстрого перехода в [административный раздел](http://testmenow.ru/admin \"административный раздел\")\r\n\r\n\r\nДобавление новой задачи  \r\n------------------\r\n- Перейти в Каталог->Задачи [[http://4pr.local/admin/store/attribute]]\r\n- Нажать кнопку в верхней части- Создать атрибут\r\n- В открывшейся форме выберите Тип DropDown  (выкидной список)\r\n\r\nв появившейся вкладке #####Опции\r\n\'Да [Текст]\' \'Да [Видео]\' \'Нет\' и англ. перевод \r\n\'Yes [Text]\' \'Yes [Video]\' \'No\'\r\n\r\n- пример заполнения [[http://testmenow.ru/admin/store/attribute/update?id=1]]\r\n\r\n\r\nДобавление нового теста \r\n------------------\r\n- Перейти в Каталог->Тесты [[http://testmenow.ru/admin/store/products]]\r\n- Нажать кнопку в верхней части- Создать продукт\r\n- Выбрать Тип теста и Использовать конфигурации - да     \r\n- Отметить необходимые задачи из выбранного шаблона конфигурации типа\r\n\r\nПоследовательность действий при работе с заказом\r\n------------------\r\n- Получить деньги с помощью доступных\r\nплатежных систем\r\n[[http://testmenow.ru/admin/store/paymentMethod]]\r\n- Найти заказ [[http://testmenow.ru/admin/orders/orders/index]] и указать что заказ оплачен\r\n- проверить правильность заполнения полей\r\n- Назначить тестера на каждый тест\r\n\r\nНазначение тестеров на определенный тест\r\n------------------\r\n\r\nНужно перейти в административный раздел и выбрать заказ\r\n\r\n[[http://testmenow.ru/admin/orders/orders/index]]\r\n\r\nПотом перейти на страницу заказа и в списке заказанных тестов в колонке Тестеры назначить или поменять тестера.  \r\nТестер получает письмо оповещение о приглашении на тест.  \r\nОн также может видеть новый тест у себя в кабинете в разделе Назначенные тесты\r\n\r\n\r\n','1',1374555213),
	(82,4,'',NULL,'Особенности интерфейса\r\n------------------\r\n\r\n##### Личный кабинет\r\n\r\n- **Новые видео и комментарии** - просмотр и редактирование всех комментариев с возможностью фильтрации\r\n- **Мои заказы** - можно покупать тесты как клиент\r\n- **Мои открытые тесты** - тесты в работе\r\n- **Мои завершенные тесты** - история с закрытыми тестами\r\n- **Мои видео из YouTube** - интерфейс загрузки и сортировки роликов на YouTube\r\n- **Мои сообщения** - обмен сообщениями с другими пользователями системы\r\n- **Персональная информация** - редактирование личной информации\r\n\r\n#####Верхнее меню \r\nдобавлена кнопка в верхней навигации\r\n- **Администрирование** - для быстрого перехода в [административный раздел](http://testmenow.ru/admin \"административный раздел\")\r\n\r\n\r\nДобавление новой задачи  \r\n------------------\r\n- Перейти в Каталог->Задачи [[http://4pr.local/admin/store/attribute]]\r\n- Нажать кнопку в верхней части- Создать атрибут\r\n- В открывшейся форме выберите Тип DropDown  (выкидной список)\r\n\r\nв появившейся вкладке Опции\r\n\r\n\'Да [Текст]\' \'Да [Видео]\' \'Нет\' и англ. перевод \r\n\'Yes [Text]\' \'Yes [Video]\' \'No\'\r\n\r\n- пример заполнения [[http://testmenow.ru/admin/store/attribute/update?id=1]]\r\n\r\n\r\nДобавление нового теста \r\n------------------\r\n- Перейти в Каталог->Тесты [[http://testmenow.ru/admin/store/products]]\r\n- Нажать кнопку в верхней части- Создать продукт\r\n- Выбрать Тип теста и Использовать конфигурации - да     \r\n- Отметить необходимые задачи из выбранного шаблона конфигурации типа\r\n\r\nПоследовательность действий при работе с заказом\r\n------------------\r\n- Получить деньги с помощью доступных\r\nплатежных систем\r\n[[http://testmenow.ru/admin/store/paymentMethod]]\r\n- Найти заказ [[http://testmenow.ru/admin/orders/orders/index]] и указать что заказ оплачен\r\n- проверить правильность заполнения полей\r\n- Назначить тестера на каждый тест\r\n\r\nНазначение тестеров на определенный тест\r\n------------------\r\n\r\nНужно перейти в административный раздел и выбрать заказ\r\n\r\n[[http://testmenow.ru/admin/orders/orders/index]]\r\n\r\nПотом перейти на страницу заказа и в списке заказанных тестов в колонке Тестеры назначить или поменять тестера.  \r\nТестер получает письмо оповещение о приглашении на тест.  \r\nОн также может видеть новый тест у себя в кабинете в разделе Назначенные тесты\r\n\r\n\r\n','1',1374555240),
	(83,4,'',NULL,'Особенности интерфейса\r\n------------------\r\n\r\n##### Личный кабинет\r\n\r\n- **Новые видео и комментарии** - просмотр и редактирование всех комментариев с возможностью фильтрации\r\n- **Мои заказы** - можно покупать тесты как клиент\r\n- **Мои открытые тесты** - тесты в работе\r\n- **Мои завершенные тесты** - история с закрытыми тестами\r\n- **Мои видео из YouTube** - интерфейс загрузки и сортировки роликов на YouTube\r\n- **Мои сообщения** - обмен сообщениями с другими пользователями системы\r\n- **Персональная информация** - редактирование личной информации\r\n\r\n#####Верхнее меню \r\nдобавлена кнопка в верхней навигации\r\n- **Администрирование** - для быстрого перехода в [административный раздел](http://testmenow.ru/admin \"административный раздел\")\r\n\r\n\r\nДобавление новой задачи  \r\n------------------\r\n- Перейти в Каталог->Задачи [[http://4pr.local/admin/store/attribute]]\r\n- Нажать кнопку в верхней части- Создать атрибут\r\n- В открывшейся форме выберите Тип DropDown  (выкидной список)\r\n\r\nв появившейся вкладке Опции\r\n\r\n\'Да [Текст]\' \'Да [Видео]\' \'Нет\' и англ. перевод \r\n\'Yes [Text]\' \'Yes [Video]\' \'No\'\r\n\r\nЭто значит что Задача у нас может быть двух типов \r\n\r\nс текстовым ответом и ответом с видео. \r\n\r\n- пример заполнения [[http://testmenow.ru/admin/store/attribute/update?id=1]]\r\n\r\n\r\nДобавление нового теста \r\n------------------\r\n- Перейти в Каталог->Тесты [[http://testmenow.ru/admin/store/products]]\r\n- Нажать кнопку в верхней части- Создать продукт\r\n- Выбрать Тип теста и Использовать конфигурации - да     \r\n- Отметить необходимые задачи из выбранного шаблона конфигурации типа\r\n\r\nПоследовательность действий при работе с заказом\r\n------------------\r\n- Получить деньги с помощью доступных\r\nплатежных систем\r\n[[http://testmenow.ru/admin/store/paymentMethod]]\r\n- Найти заказ [[http://testmenow.ru/admin/orders/orders/index]] и указать что заказ оплачен\r\n- проверить правильность заполнения полей\r\n- Назначить тестера на каждый тест\r\n\r\nНазначение тестеров на определенный тест\r\n------------------\r\n\r\nНужно перейти в административный раздел и выбрать заказ\r\n\r\n[[http://testmenow.ru/admin/orders/orders/index]]\r\n\r\nПотом перейти на страницу заказа и в списке заказанных тестов в колонке Тестеры назначить или поменять тестера.  \r\nТестер получает письмо оповещение о приглашении на тест.  \r\nОн также может видеть новый тест у себя в кабинете в разделе Назначенные тесты\r\n\r\n\r\n','1',1374555485),
	(84,4,'',NULL,'Особенности интерфейса\r\n------------------\r\n\r\n##### Личный кабинет\r\n\r\n- **Новые видео и комментарии** - просмотр и редактирование всех комментариев с возможностью фильтрации\r\n- **Мои заказы** - можно покупать тесты как клиент\r\n- **Мои открытые тесты** - тесты в работе\r\n- **Мои завершенные тесты** - история с закрытыми тестами\r\n- **Мои видео из YouTube** - интерфейс загрузки и сортировки роликов на YouTube\r\n- **Мои сообщения** - обмен сообщениями с другими пользователями системы\r\n- **Персональная информация** - редактирование личной информации\r\n\r\n#####Верхнее меню \r\nдобавлена кнопка в верхней навигации\r\n- **Администрирование** - для быстрого перехода в [административный раздел](http://testmenow.ru/admin \"административный раздел\")\r\n\r\n\r\nДобавление новой задачи  \r\n------------------\r\n- Перейти в Каталог->Задачи [[http://testmenow.ru/admin/store/attribute]]\r\n- Нажать кнопку в верхней части- Создать атрибут\r\n- В открывшейся форме выберите Тип DropDown  (выкидной список)\r\n\r\nв появившейся вкладке Опции\r\n\r\n\'Да [Текст]\' \'Да [Видео]\' \'Нет\' и англ. перевод \r\n\'Yes [Text]\' \'Yes [Video]\' \'No\'\r\n\r\nЭто значит что Задача у нас может быть двух типов \r\n\r\nс текстовым ответом и ответом с видео. \r\n\r\n- пример заполнения [[http://testmenow.ru/admin/store/attribute/update?id=1]]\r\n\r\n\r\nДобавление нового теста \r\n------------------\r\n- Перейти в Каталог->Тесты [[http://testmenow.ru/admin/store/products]]\r\n- Нажать кнопку в верхней части- Создать продукт\r\n- Выбрать Тип теста и Использовать конфигурации - да     \r\n- Отметить необходимые задачи из выбранного шаблона конфигурации типа\r\n\r\nПоследовательность действий при работе с заказом\r\n------------------\r\n- Получить деньги с помощью доступных\r\nплатежных систем\r\n[[http://testmenow.ru/admin/store/paymentMethod]]\r\n- Найти заказ [[http://testmenow.ru/admin/orders/orders/index]] и указать что заказ оплачен\r\n- проверить правильность заполнения полей\r\n- Назначить тестера на каждый тест\r\n\r\nНазначение тестеров на определенный тест\r\n------------------\r\n\r\nНужно перейти в административный раздел и выбрать заказ\r\n\r\n[[http://testmenow.ru/admin/orders/orders/index]]\r\n\r\nПотом перейти на страницу заказа и в списке заказанных тестов в колонке Тестеры назначить или поменять тестера.  \r\nТестер получает письмо оповещение о приглашении на тест.  \r\nОн также может видеть новый тест у себя в кабинете в разделе Назначенные тесты\r\n\r\n\r\n','1',1374555569),
	(85,4,'',NULL,'Особенности интерфейса\r\n------------------\r\n\r\n##### Личный кабинет\r\n\r\n- **Новые видео и комментарии** - просмотр и редактирование всех комментариев с возможностью фильтрации\r\n- **Мои заказы** - можно покупать тесты как клиент\r\n- **Мои открытые тесты** - тесты в работе\r\n- **Мои завершенные тесты** - история с закрытыми тестами\r\n- **Мои видео из YouTube** - интерфейс загрузки и сортировки роликов на YouTube\r\n- **Мои сообщения** - обмен сообщениями с другими пользователями системы\r\n- **Персональная информация** - редактирование личной информации\r\n\r\n#####Верхнее меню \r\nдобавлена кнопка в верхней навигации\r\n- **Администрирование** - для быстрого перехода в [административный раздел](http://testmenow.ru/admin \"административный раздел\")\r\n\r\n\r\nДобавление новой задачи  \r\n------------------\r\n- Перейти в Каталог->Задачи [[http://testmenow.ru/admin/store/attribute]]\r\n- Нажать кнопку в верхней части- Создать атрибут\r\n- В открывшейся форме выберите Тип DropDown  (выкидной список)\r\n\r\nв появившейся вкладке Опции\r\n\r\n\'Да [Текст]\' \'Да [Видео]\' \'Нет\' и англ. перевод \r\n\'Yes [Text]\' \'Yes [Video]\' \'No\'\r\n\r\nЭто значит что Задача у нас может быть двух типов \r\n\r\nс текстовым ответом и ответом с видео. \r\n\r\n- пример заполнения [[http://testmenow.ru/admin/store/attribute/update?id=1]]\r\n\r\n\r\nДобавление нового теста \r\n------------------\r\n- Перейти в Каталог->Тесты [[http://testmenow.ru/admin/store/products]]\r\n- Нажать кнопку в верхней части- Создать продукт\r\n- Выбрать Тип теста и Использовать конфигурации - да     \r\n- Отметить необходимые задачи из выбранного шаблона конфигурации типа\r\n\r\nПоследовательность действий при работе с заказом\r\n------------------\r\n- Получить деньги с помощью доступных\r\nплатежных систем\r\n[[http://testmenow.ru/admin/store/paymentMethod]]\r\n- Найти заказ [[http://testmenow.ru/admin/orders/orders/index]] и указать что заказ оплачен\r\n- проверить правильность заполнения полей\r\n- Назначить тестера на каждый тест\r\n\r\nНазначение тестеров на определенный тест\r\n------------------\r\n\r\nНужно перейти в административный раздел и выбрать заказ\r\n\r\n[[http://testmenow.ru/admin/orders/orders/index]]\r\n\r\nПотом перейти на страницу заказа и в списке заказанных тестов в колонке Тестеры назначить или поменять тестера.  \r\nТестер получает письмо оповещение о приглашении на тест.  \r\nОн также может видеть новый тест у себя в кабинете в разделе Назначенные тесты\r\n\r\n\r\n','1',1374555585),
	(86,4,'',NULL,'Особенности интерфейса\r\n------------------\r\n\r\n##### Личный кабинет\r\n\r\n- **Новые видео и комментарии** - просмотр и редактирование всех комментариев с возможностью фильтрации\r\n- **Мои заказы** - можно покупать тесты как клиент\r\n- **Мои открытые тесты** - тесты в работе\r\n- **Мои завершенные тесты** - история с закрытыми тестами\r\n- **Мои видео из YouTube** - интерфейс загрузки и сортировки роликов на YouTube\r\n- **Мои сообщения** - обмен сообщениями с другими пользователями системы\r\n- **Персональная информация** - редактирование личной информации\r\n\r\n#####Верхнее меню \r\nдобавлена кнопка в верхней навигации\r\n- **Администрирование** - для быстрого перехода в [административный раздел](http://testmenow.ru/admin \"административный раздел\")\r\n\r\n\r\nДобавление новой задачи  \r\n------------------\r\n- Перейти в Каталог->Задачи [http://testmenow.ru/admin/store/attribute](http://testmenow.ru/admin/store/attribute http://testmenow.ru/admin/store/attribute)\r\n- Нажать кнопку в верхней части- Создать атрибут\r\n- В открывшейся форме выберите Тип DropDown  (выкидной список)\r\n\r\nв появившейся вкладке Опции\r\n\r\n\'Да [Текст]\' \'Да [Видео]\' \'Нет\' и англ. перевод \r\n\'Yes [Text]\' \'Yes [Video]\' \'No\'\r\n\r\nЭто значит что Задача у нас может быть двух типов \r\n\r\nс текстовым ответом и ответом с видео. \r\n\r\n- пример заполнения [[http://testmenow.ru/admin/store/attribute/update?id=1]]\r\n\r\n\r\nДобавление нового теста \r\n------------------\r\n- Перейти в Каталог->Тесты [[http://testmenow.ru/admin/store/products]]\r\n- Нажать кнопку в верхней части- Создать продукт\r\n- Выбрать Тип теста и Использовать конфигурации - да     \r\n- Отметить необходимые задачи из выбранного шаблона конфигурации типа\r\n\r\nПоследовательность действий при работе с заказом\r\n------------------\r\n- Получить деньги с помощью доступных\r\nплатежных систем\r\n[[http://testmenow.ru/admin/store/paymentMethod]]\r\n- Найти заказ [[http://testmenow.ru/admin/orders/orders/index]] и указать что заказ оплачен\r\n- проверить правильность заполнения полей\r\n- Назначить тестера на каждый тест\r\n\r\nНазначение тестеров на определенный тест\r\n------------------\r\n\r\nНужно перейти в административный раздел и выбрать заказ\r\n\r\n[[http://testmenow.ru/admin/orders/orders/index]]\r\n\r\nПотом перейти на страницу заказа и в списке заказанных тестов в колонке Тестеры назначить или поменять тестера.  \r\nТестер получает письмо оповещение о приглашении на тест.  \r\nОн также может видеть новый тест у себя в кабинете в разделе Назначенные тесты\r\n\r\n\r\n','1',1374555670),
	(87,4,'',NULL,'Особенности интерфейса\r\n------------------\r\n\r\n##### Личный кабинет\r\n\r\n- **Новые видео и комментарии** - просмотр и редактирование всех комментариев с возможностью фильтрации\r\n- **Мои заказы** - можно покупать тесты как клиент\r\n- **Мои открытые тесты** - тесты в работе\r\n- **Мои завершенные тесты** - история с закрытыми тестами\r\n- **Мои видео из YouTube** - интерфейс загрузки и сортировки роликов на YouTube\r\n- **Мои сообщения** - обмен сообщениями с другими пользователями системы\r\n- **Персональная информация** - редактирование личной информации\r\n\r\n#####Верхнее меню \r\nдобавлена кнопка в верхней навигации\r\n- **Администрирование** - для быстрого перехода в [административный раздел](http://testmenow.ru/admin \"административный раздел\")\r\n\r\n\r\nДобавление новой задачи  \r\n------------------\r\n- Перейти в Каталог->[http://testmenow.ru/admin/store/attribute](http://testmenow.ru/admin/store/attribute \"Задачи\")\r\n- Нажать кнопку в верхней части- Создать атрибут\r\n- В открывшейся форме выберите Тип DropDown  (выкидной список)\r\n\r\nв появившейся вкладке Опции\r\n\r\n\'Да [Текст]\' \'Да [Видео]\' \'Нет\' и англ. перевод \r\n\'Yes [Text]\' \'Yes [Video]\' \'No\'\r\n\r\nЭто значит что Задача у нас может быть двух типов \r\n\r\nс текстовым ответом и ответом с видео. \r\n\r\n- пример заполнения [[http://testmenow.ru/admin/store/attribute/update?id=1]]\r\n\r\n\r\nДобавление нового теста \r\n------------------\r\n- Перейти в Каталог->Тесты [[http://testmenow.ru/admin/store/products]]\r\n- Нажать кнопку в верхней части- Создать продукт\r\n- Выбрать Тип теста и Использовать конфигурации - да     \r\n- Отметить необходимые задачи из выбранного шаблона конфигурации типа\r\n\r\nПоследовательность действий при работе с заказом\r\n------------------\r\n- Получить деньги с помощью доступных\r\nплатежных систем\r\n[[http://testmenow.ru/admin/store/paymentMethod]]\r\n- Найти заказ [[http://testmenow.ru/admin/orders/orders/index]] и указать что заказ оплачен\r\n- проверить правильность заполнения полей\r\n- Назначить тестера на каждый тест\r\n\r\nНазначение тестеров на определенный тест\r\n------------------\r\n\r\nНужно перейти в административный раздел и выбрать заказ\r\n\r\n[[http://testmenow.ru/admin/orders/orders/index]]\r\n\r\nПотом перейти на страницу заказа и в списке заказанных тестов в колонке Тестеры назначить или поменять тестера.  \r\nТестер получает письмо оповещение о приглашении на тест.  \r\nОн также может видеть новый тест у себя в кабинете в разделе Назначенные тесты\r\n\r\n\r\n','1',1374555723),
	(88,4,'',NULL,'Особенности интерфейса\r\n------------------\r\n\r\n##### Личный кабинет\r\n\r\n- **Новые видео и комментарии** - просмотр и редактирование всех комментариев с возможностью фильтрации\r\n- **Мои заказы** - можно покупать тесты как клиент\r\n- **Мои открытые тесты** - тесты в работе\r\n- **Мои завершенные тесты** - история с закрытыми тестами\r\n- **Мои видео из YouTube** - интерфейс загрузки и сортировки роликов на YouTube\r\n- **Мои сообщения** - обмен сообщениями с другими пользователями системы\r\n- **Персональная информация** - редактирование личной информации\r\n\r\n#####Верхнее меню \r\nдобавлена кнопка в верхней навигации\r\n- **Администрирование** - для быстрого перехода в [административный раздел](http://testmenow.ru/admin \"административный раздел\")\r\n\r\n\r\nДобавление новой задачи  \r\n------------------\r\n- Перейти в Каталог->[Задачи](http://testmenow.ru/admin/store/attribute \"Задачи\")\r\n- Нажать кнопку в верхней части- Создать атрибут\r\n- В открывшейся форме выберите Тип DropDown  (выкидной список)\r\n\r\nв появившейся вкладке Опции\r\n\r\n\'Да [Текст]\' \'Да [Видео]\' \'Нет\' и англ. перевод \r\n\'Yes [Text]\' \'Yes [Video]\' \'No\'\r\n\r\nЭто значит что Задача у нас может быть двух типов \r\n\r\nс текстовым ответом и ответом с видео. \r\n\r\n- пример заполнения [[http://testmenow.ru/admin/store/attribute/update?id=1]]\r\n\r\n\r\nДобавление нового теста \r\n------------------\r\n- Перейти в Каталог->Тесты [[http://testmenow.ru/admin/store/products]]\r\n- Нажать кнопку в верхней части- Создать продукт\r\n- Выбрать Тип теста и Использовать конфигурации - да     \r\n- Отметить необходимые задачи из выбранного шаблона конфигурации типа\r\n\r\nПоследовательность действий при работе с заказом\r\n------------------\r\n- Получить деньги с помощью доступных\r\nплатежных систем\r\n[[http://testmenow.ru/admin/store/paymentMethod]]\r\n- Найти заказ [[http://testmenow.ru/admin/orders/orders/index]] и указать что заказ оплачен\r\n- проверить правильность заполнения полей\r\n- Назначить тестера на каждый тест\r\n\r\nНазначение тестеров на определенный тест\r\n------------------\r\n\r\nНужно перейти в административный раздел и выбрать заказ\r\n\r\n[[http://testmenow.ru/admin/orders/orders/index]]\r\n\r\nПотом перейти на страницу заказа и в списке заказанных тестов в колонке Тестеры назначить или поменять тестера.  \r\nТестер получает письмо оповещение о приглашении на тест.  \r\nОн также может видеть новый тест у себя в кабинете в разделе Назначенные тесты\r\n\r\n\r\n','1',1374555757),
	(89,4,'',NULL,'Особенности интерфейса\r\n------------------\r\n\r\n##### Личный кабинет\r\n\r\n- **Новые видео и комментарии** - просмотр и редактирование всех комментариев с возможностью фильтрации\r\n- **Мои заказы** - можно покупать тесты как клиент\r\n- **Мои открытые тесты** - тесты в работе\r\n- **Мои завершенные тесты** - история с закрытыми тестами\r\n- **Мои видео из YouTube** - интерфейс загрузки и сортировки роликов на YouTube\r\n- **Мои сообщения** - обмен сообщениями с другими пользователями системы\r\n- **Персональная информация** - редактирование личной информации\r\n\r\n#####Верхнее меню \r\nдобавлена кнопка в верхней навигации\r\n- **Администрирование** - для быстрого перехода в [административный раздел](http://testmenow.ru/admin \"административный раздел\")\r\n\r\n\r\nДобавление новой задачи  \r\n------------------\r\n- Перейти в Каталог->[Задачи](http://testmenow.ru/admin/store/attribute \"Задачи\")\r\n- Нажать кнопку в верхней части- Создать атрибут\r\n- В открывшейся форме выберите Тип DropDown  (выкидной список)\r\n\r\nв появившейся вкладке Опции\r\n\r\n\'Да [Текст]\' \'Да [Видео]\' \'Нет\' и англ. перевод \r\n\'Yes [Text]\' \'Yes [Video]\' \'No\'\r\n\r\nЭто значит что Задача у нас может быть двух типов \r\n\r\nс текстовым ответом и ответом с видео. \r\n\r\n- [пример заполнения](http://testmenow.ru/admin/store/attribute/update?id=1)\r\n\r\n\r\nДобавление нового теста \r\n------------------\r\n- Перейти в Каталог->Тесты [[http://testmenow.ru/admin/store/products]]\r\n- Нажать кнопку в верхней части- Создать продукт\r\n- Выбрать Тип теста и Использовать конфигурации - да     \r\n- Отметить необходимые задачи из выбранного шаблона конфигурации типа\r\n\r\nПоследовательность действий при работе с заказом\r\n------------------\r\n- Получить деньги с помощью доступных\r\nплатежных систем\r\n[[http://testmenow.ru/admin/store/paymentMethod]]\r\n- Найти заказ [[http://testmenow.ru/admin/orders/orders/index]] и указать что заказ оплачен\r\n- проверить правильность заполнения полей\r\n- Назначить тестера на каждый тест\r\n\r\nНазначение тестеров на определенный тест\r\n------------------\r\n\r\nНужно перейти в административный раздел и выбрать заказ\r\n\r\n[[http://testmenow.ru/admin/orders/orders/index]]\r\n\r\nПотом перейти на страницу заказа и в списке заказанных тестов в колонке Тестеры назначить или поменять тестера.  \r\nТестер получает письмо оповещение о приглашении на тест.  \r\nОн также может видеть новый тест у себя в кабинете в разделе Назначенные тесты\r\n\r\n\r\n','1',1374555834),
	(90,4,'',NULL,'Особенности интерфейса\r\n------------------\r\n\r\n##### Личный кабинет\r\n\r\n- **Новые видео и комментарии** - просмотр и редактирование всех комментариев с возможностью фильтрации\r\n- **Мои заказы** - можно покупать тесты как клиент\r\n- **Мои открытые тесты** - тесты в работе\r\n- **Мои завершенные тесты** - история с закрытыми тестами\r\n- **Мои видео из YouTube** - интерфейс загрузки и сортировки роликов на YouTube\r\n- **Мои сообщения** - обмен сообщениями с другими пользователями системы\r\n- **Персональная информация** - редактирование личной информации\r\n\r\n#####Верхнее меню \r\nдобавлена кнопка в верхней навигации\r\n- **Администрирование** - для быстрого перехода в [административный раздел](http://testmenow.ru/admin \"административный раздел\")\r\n\r\n\r\nДобавление новой задачи  \r\n------------------\r\n- Перейти в Каталог->[Задачи](http://testmenow.ru/admin/store/attribute \"Задачи\")\r\n- Нажать кнопку в верхней части- Создать атрибут\r\n- В открывшейся форме выберите Тип DropDown  (выкидной список)\r\n\r\nв появившейся вкладке Опции\r\n\r\n\'Да [Текст]\' \'Да [Видео]\' \'Нет\' и англ. перевод \r\n\'Yes [Text]\' \'Yes [Video]\' \'No\'\r\n\r\nЭто значит что Задача у нас может быть двух типов \r\n\r\nс текстовым ответом и ответом с видео. \r\n\r\n- [пример заполнения](http://testmenow.ru/admin/store/attribute/update?id=1)\r\n\r\n\r\nДобавление нового теста \r\n------------------\r\n- Перейти в Каталог->[Тесты](http://testmenow.ru/admin/store/products)\r\n- Нажать кнопку в верхней части- Создать продукт\r\n- Выбрать Тип теста и Использовать конфигурации - да     \r\n- Отметить необходимые задачи из выбранного шаблона конфигурации типа\r\n\r\nПоследовательность действий при работе с заказом\r\n------------------\r\n- Получить деньги с помощью доступных\r\nплатежных систем\r\n[[http://testmenow.ru/admin/store/paymentMethod]]\r\n- [Найти заказ](http://testmenow.ru/admin/orders/orders/index) и указать что заказ оплачен\r\n- проверить правильность заполнения полей\r\n- Назначить тестера на каждый тест\r\n\r\nНазначение тестеров на определенный тест\r\n------------------\r\n\r\nНужно перейти в административный раздел и выбрать заказ\r\n\r\n[[http://testmenow.ru/admin/orders/orders/index]]\r\n\r\nПотом перейти на страницу заказа и в списке заказанных тестов в колонке Тестеры назначить или поменять тестера.  \r\nТестер получает письмо оповещение о приглашении на тест.  \r\nОн также может видеть новый тест у себя в кабинете в разделе Назначенные тесты\r\n\r\n\r\n','1',1374555910),
	(91,4,'',NULL,'Особенности интерфейса\r\n------------------\r\n\r\n##### Личный кабинет\r\n\r\n- **Новые видео и комментарии** - просмотр и редактирование всех комментариев с возможностью фильтрации\r\n- **Мои заказы** - можно покупать тесты как клиент\r\n- **Мои открытые тесты** - тесты в работе\r\n- **Мои завершенные тесты** - история с закрытыми тестами\r\n- **Мои видео из YouTube** - интерфейс загрузки и сортировки роликов на YouTube\r\n- **Мои сообщения** - обмен сообщениями с другими пользователями системы\r\n- **Персональная информация** - редактирование личной информации\r\n\r\n#####Верхнее меню \r\nдобавлена кнопка в верхней навигации\r\n- **Администрирование** - для быстрого перехода в [административный раздел](http://testmenow.ru/admin \"административный раздел\")\r\n\r\n\r\nДобавление новой задачи  \r\n------------------\r\n- Перейти в Каталог->[Задачи](http://testmenow.ru/admin/store/attribute \"Задачи\")\r\n- Нажать кнопку в верхней части- Создать атрибут\r\n- В открывшейся форме выберите Тип DropDown  (выкидной список)\r\n\r\nв появившейся вкладке Опции\r\n\r\n\'Да [Текст]\' \'Да [Видео]\' \'Нет\' и англ. перевод \r\n\'Yes [Text]\' \'Yes [Video]\' \'No\'\r\n\r\nЭто значит что Задача у нас может быть двух типов \r\n\r\nс текстовым ответом и ответом с видео. \r\n\r\n- [пример заполнения](http://testmenow.ru/admin/store/attribute/update?id=1)\r\n\r\n\r\nДобавление нового теста \r\n------------------\r\n- Перейти в Каталог->[Тесты](http://testmenow.ru/admin/store/products)\r\n- Нажать кнопку в верхней части- Создать продукт\r\n- Выбрать Тип теста и Использовать конфигурации - да     \r\n- Отметить необходимые задачи из выбранного шаблона конфигурации типа\r\n\r\nПоследовательность действий при работе с заказом\r\n------------------\r\n- Получить деньги с помощью [доступных\r\nплатежных систем]\r\n(http://testmenow.ru/admin/store/paymentMethod)\r\n- [Найти заказ](http://testmenow.ru/admin/orders/orders/index) и указать что заказ оплачен\r\n- проверить правильность заполнения полей\r\n- Назначить тестера на каждый тест\r\n\r\nНазначение тестеров на определенный тест\r\n------------------\r\n\r\nНужно перейти в административный раздел и [выбрать заказ]\r\n\r\n(http://testmenow.ru/admin/orders/orders/index)\r\n\r\nПотом перейти на страницу заказа и в списке заказанных тестов в колонке Тестеры назначить или поменять тестера.  \r\nТестер получает письмо оповещение о приглашении на тест.  \r\nОн также может видеть новый тест у себя в кабинете в разделе Назначенные тесты\r\n\r\n\r\n','1',1374555978),
	(92,4,'',NULL,'Особенности интерфейса\r\n------------------\r\n\r\n##### Личный кабинет\r\n\r\n- **Новые видео и комментарии** - просмотр и редактирование всех комментариев с возможностью фильтрации\r\n- **Мои заказы** - можно покупать тесты как клиент\r\n- **Мои открытые тесты** - тесты в работе\r\n- **Мои завершенные тесты** - история с закрытыми тестами\r\n- **Мои видео из YouTube** - интерфейс загрузки и сортировки роликов на YouTube\r\n- **Мои сообщения** - обмен сообщениями с другими пользователями системы\r\n- **Персональная информация** - редактирование личной информации\r\n\r\n#####Верхнее меню \r\nдобавлена кнопка в верхней навигации\r\n- **Администрирование** - для быстрого перехода в [административный раздел](http://testmenow.ru/admin \"административный раздел\")\r\n\r\n\r\nДобавление новой задачи  \r\n------------------\r\n- Перейти в Каталог->[Задачи](http://testmenow.ru/admin/store/attribute \"Задачи\")\r\n- Нажать кнопку в верхней части- Создать атрибут\r\n- В открывшейся форме выберите Тип DropDown  (выкидной список)\r\n\r\nв появившейся вкладке Опции\r\n\r\n\'Да [Текст]\' \'Да [Видео]\' \'Нет\' и англ. перевод \r\n\'Yes [Text]\' \'Yes [Video]\' \'No\'\r\n\r\nЭто значит что Задача у нас может быть двух типов \r\n\r\nс текстовым ответом и ответом с видео. \r\n\r\n- [пример заполнения](http://testmenow.ru/admin/store/attribute/update?id=1)\r\n\r\n\r\nДобавление нового теста \r\n------------------\r\n- Перейти в Каталог->[Тесты](http://testmenow.ru/admin/store/products)\r\n- Нажать кнопку в верхней части- Создать продукт\r\n- Выбрать Тип теста и Использовать конфигурации - да     \r\n- Отметить необходимые задачи из выбранного шаблона конфигурации типа\r\n\r\nПоследовательность действий при работе с заказом\r\n------------------\r\n- Получить деньги с помощью [доступных\r\nплатежных систем](http://testmenow.ru/admin/store/paymentMethod)\r\n- [Найти заказ](http://testmenow.ru/admin/orders/orders/index) и указать что заказ оплачен\r\n- проверить правильность заполнения полей\r\n- Назначить тестера на каждый тест\r\n\r\nНазначение тестеров на определенный тест\r\n------------------\r\n\r\nНужно перейти в административный раздел и [выбрать заказ]\r\n\r\n(http://testmenow.ru/admin/orders/orders/index)\r\n\r\nПотом перейти на страницу заказа и в списке заказанных тестов в колонке Тестеры назначить или поменять тестера.  \r\nТестер получает письмо оповещение о приглашении на тест.  \r\nОн также может видеть новый тест у себя в кабинете в разделе Назначенные тесты\r\n\r\n\r\n','1',1374556022),
	(93,4,'',NULL,'Особенности интерфейса\r\n------------------\r\n\r\n##### Личный кабинет\r\n\r\n- **Новые видео и комментарии** - просмотр и редактирование всех комментариев с возможностью фильтрации\r\n- **Мои заказы** - можно покупать тесты как клиент\r\n- **Мои открытые тесты** - тесты в работе\r\n- **Мои завершенные тесты** - история с закрытыми тестами\r\n- **Мои видео из YouTube** - интерфейс загрузки и сортировки роликов на YouTube\r\n- **Мои сообщения** - обмен сообщениями с другими пользователями системы\r\n- **Персональная информация** - редактирование личной информации\r\n\r\n#####Верхнее меню \r\nдобавлена кнопка в верхней навигации\r\n- **Администрирование** - для быстрого перехода в [административный раздел](http://testmenow.ru/admin \"административный раздел\")\r\n\r\n\r\nДобавление новой задачи  \r\n------------------\r\n- Перейти в Каталог->[Задачи](http://testmenow.ru/admin/store/attribute \"Задачи\")\r\n- Нажать кнопку в верхней части- Создать атрибут\r\n- В открывшейся форме выберите Тип DropDown  (выкидной список)\r\n\r\nв появившейся вкладке Опции\r\n\r\n\'Да [Текст]\' \'Да [Видео]\' \'Нет\' и англ. перевод \r\n\'Yes [Text]\' \'Yes [Video]\' \'No\'\r\n\r\nЭто значит что Задача у нас может быть двух типов \r\n\r\nс текстовым ответом и ответом с видео. \r\n\r\n- [пример заполнения](http://testmenow.ru/admin/store/attribute/update?id=1)\r\n\r\n\r\nДобавление нового теста \r\n------------------\r\n- Перейти в Каталог->[Тесты](http://testmenow.ru/admin/store/products)\r\n- Нажать кнопку в верхней части- Создать продукт\r\n- Выбрать Тип теста и Использовать конфигурации - да     \r\n- Отметить необходимые задачи из выбранного шаблона конфигурации типа\r\n\r\nПоследовательность действий при работе с заказом\r\n------------------\r\n- Получить деньги с помощью [доступных\r\nплатежных систем](http://testmenow.ru/admin/store/paymentMethod)\r\n- [Найти заказ](http://testmenow.ru/admin/orders/orders/index) и указать что заказ оплачен\r\n- проверить правильность заполнения полей\r\n- Назначить тестера на каждый тест\r\n\r\nНазначение тестеров на определенный тест\r\n------------------\r\n\r\nНужно перейти в административный раздел и [выбрать заказ](http://testmenow.ru/admin/orders/orders/index)\r\n\r\nПотом перейти на страницу заказа и в списке заказанных тестов в колонке Тестеры назначить или поменять тестера.  \r\nТестер получает письмо оповещение о приглашении на тест.  \r\nОн также может видеть новый тест у себя в кабинете в разделе Назначенные тесты\r\n\r\n\r\n','1',1374556165);

/*!40000 ALTER TABLE `wiki_page_revision` ENABLE KEYS */;
UNLOCK TABLES;





/*!40111 SET SQL_NOTES=@OLD_SQL_NOTES */;
/*!40101 SET SQL_MODE=@OLD_SQL_MODE */;
/*!40014 SET FOREIGN_KEY_CHECKS=@OLD_FOREIGN_KEY_CHECKS */;
/*!40014 SET UNIQUE_CHECKS=@OLD_UNIQUE_CHECKS */;
/*!40101 SET CHARACTER_SET_CLIENT=@OLD_CHARACTER_SET_CLIENT */;
/*!40101 SET CHARACTER_SET_RESULTS=@OLD_CHARACTER_SET_RESULTS */;
/*!40101 SET COLLATION_CONNECTION=@OLD_COLLATION_CONNECTION */;
